row_index,id_trap,country,start_date,end_date,weeklyRates,samplingEffort Days,prev1_rates,prev2_rates,p1_missing,p2_missing,any_missing,both_missing,availability,positive,weekly_series_position,gap_from_previous_weekly_record_days,p1_source_matches_saved,p1_has_weekly_source,p1_history_window_before_first_record,p1_has_any_earlier_record,p2_source_matches_saved,p2_has_weekly_source,p2_history_window_before_first_record,p2_has_any_earlier_record
0,22,Cyprus,2020-06-17,2020-06-24,0.0,7.0,0.0,,False,True,True,False,p2_only_missing,False,1,,True,False,False,True,True,False,False,True
1,24,Cyprus,2020-06-17,2020-06-24,0.0,7.0,0.0,,False,True,True,False,p2_only_missing,False,1,,True,False,False,True,True,False,False,True
2,33,Cyprus,2020-10-09,2020-10-16,0.0,7.0,0.0,,False,True,True,False,p2_only_missing,False,1,,True,False,False,True,True,False,True,True
3,34,Cyprus,2020-10-09,2020-10-16,0.0,7.0,0.0,,False,True,True,False,p2_only_missing,False,1,,True,False,False,True,True,False,True,True
4,35,Cyprus,2020-10-09,2020-10-16,0.0,7.0,0.0,,False,True,True,False,p2_only_missing,False,1,,True,False,False,True,True,False,True,True
5,38,Cyprus,2020-06-17,2020-06-24,0.0,7.0,0.0,,False,True,True,False,p2_only_missing,False,1,,True,False,False,True,True,False,False,True
6,39,Cyprus,2020-06-17,2020-06-24,0.0,7.0,,,True,True,True,True,both_missing,False,1,,True,False,False,True,True,False,False,True
7,41,Cyprus,2020-06-17,2020-06-24,0.0,7.0,0.0,,False,True,True,False,p2_only_missing,False,1,,True,False,False,True,True,False,False,True
8,43,Cyprus,2020-10-09,2020-10-16,0.0,7.0,0.0,,False,True,True,False,p2_only_missing,False,1,,True,False,False,True,True,False,True,True
9,44,Cyprus,2020-10-09,2020-10-16,0.0,7.0,0.0,,False,True,True,False,p2_only_missing,False,1,,True,False,False,True,True,False,True,True
10,45,Cyprus,2020-10-09,2020-10-16,0.0,7.0,,,True,True,True,True,both_missing,False,1,,True,False,True,False,True,False,True,False
11,46,Cyprus,2020-10-09,2020-10-16,0.0,7.0,0.0,,False,True,True,False,p2_only_missing,False,1,,True,False,False,True,True,False,True,True
12,127,Portugal,2020-08-31,2020-09-07,10.0,8.0,0.5384615384615384,,False,True,True,False,p2_only_missing,True,1,,True,False,False,True,True,False,False,True
13,127,Portugal,2020-09-07,2020-09-14,17.0,7.0,10.0,0.5384615384615384,False,False,False,False,both_available,True,2,7.0,True,True,False,True,True,False,False,True
14,127,Portugal,2020-09-24,2020-09-30,7.0,6.0,19.055555555555557,,False,True,True,False,p2_only_missing,True,3,16.0,True,False,False,True,True,False,False,True
15,127,Portugal,2020-09-30,2020-10-06,0.0,7.0,7.0,19.055555555555557,False,False,False,False,both_available,False,4,6.0,True,True,False,True,True,False,False,True
16,127,Portugal,2020-10-06,2020-10-13,0.0,7.0,0.0,7.0,False,False,False,False,both_available,False,5,7.0,True,True,False,True,True,True,False,True
17,127,Portugal,2020-10-13,2020-10-19,0.0,6.0,0.0,0.0,False,False,False,False,both_available,False,6,6.0,True,True,False,True,True,True,False,True
18,127,Portugal,2020-10-19,2020-10-27,0.875,8.0,0.0,0.0,False,False,False,False,both_available,True,7,8.0,True,True,False,True,True,True,False,True
19,127,Portugal,2020-10-27,2020-11-02,3.5,7.0,0.875,0.0,False,False,False,False,both_available,True,8,6.0,True,True,False,True,True,True,False,True
20,128,Portugal,2020-08-31,2020-09-07,0.0,8.0,5.384615384615385,,False,True,True,False,p2_only_missing,False,1,,True,False,False,True,True,False,False,True
21,128,Portugal,2020-09-07,2020-09-14,0.0,7.0,0.0,5.384615384615385,False,False,False,False,both_available,False,2,7.0,True,True,False,True,True,False,False,True
22,128,Portugal,2020-09-24,2020-09-30,0.0,6.0,1.1666666666666667,,False,True,True,False,p2_only_missing,False,3,16.0,True,False,False,True,True,False,False,True
23,128,Portugal,2020-09-30,2020-10-06,0.0,7.0,0.0,1.1666666666666667,False,False,False,False,both_available,False,4,6.0,True,True,False,True,True,False,False,True
24,128,Portugal,2020-10-06,2020-10-13,0.0,7.0,0.0,0.0,False,False,False,False,both_available,False,5,7.0,True,True,False,True,True,True,False,True
25,128,Portugal,2020-10-13,2020-10-19,0.0,6.0,0.0,0.0,False,False,False,False,both_available,False,6,6.0,True,True,False,True,True,True,False,True
26,128,Portugal,2020-10-19,2020-10-27,0.0,8.0,0.0,0.0,False,False,False,False,both_available,False,7,8.0,True,True,False,True,True,True,False,True
27,128,Portugal,2020-10-27,2020-11-02,0.0,7.0,0.0,0.0,False,False,False,False,both_available,False,8,6.0,True,True,False,True,True,True,False,True
28,129,Portugal,2020-08-31,2020-09-07,3.0,8.0,0.0,,False,True,True,False,p2_only_missing,True,1,,True,False,False,True,True,False,False,True
29,129,Portugal,2020-09-07,2020-09-14,13.0,7.0,3.0,0.0,False,False,False,False,both_available,True,2,7.0,True,True,False,True,True,False,False,True
30,129,Portugal,2020-09-24,2020-09-30,0.0,6.0,38.5,,False,True,True,False,p2_only_missing,False,3,16.0,True,False,False,True,True,False,False,True
31,129,Portugal,2020-09-30,2020-10-06,2.3333333333333335,7.0,0.0,38.5,False,False,False,False,both_available,True,4,6.0,True,True,False,True,True,False,False,True
32,129,Portugal,2020-10-06,2020-10-13,0.0,7.0,2.3333333333333335,0.0,False,False,False,False,both_available,False,5,7.0,True,True,False,True,True,True,False,True
33,129,Portugal,2020-10-13,2020-10-19,0.0,6.0,0.0,2.3333333333333335,False,False,False,False,both_available,False,6,6.0,True,True,False,True,True,True,False,True
34,129,Portugal,2020-10-19,2020-10-27,0.0,8.0,0.0,0.0,False,False,False,False,both_available,False,7,8.0,True,True,False,True,True,True,False,True
35,129,Portugal,2020-10-27,2020-11-02,0.0,7.0,0.0,0.0,False,False,False,False,both_available,False,8,6.0,True,True,False,True,True,True,False,True
36,130,Portugal,2020-08-31,2020-09-07,0.0,8.0,2.6923076923076925,,False,True,True,False,p2_only_missing,False,1,,True,False,False,True,True,False,False,True
37,130,Portugal,2020-09-07,2020-09-14,0.0,7.0,0.0,2.6923076923076925,False,False,False,False,both_available,False,2,7.0,True,True,False,True,True,False,False,True
38,130,Portugal,2020-09-24,2020-09-30,1.1666666666666667,6.0,0.0,,False,True,True,False,p2_only_missing,True,3,16.0,True,False,False,True,True,False,False,True
39,130,Portugal,2020-09-30,2020-10-06,0.0,7.0,1.1666666666666667,0.0,False,False,False,False,both_available,False,4,6.0,True,True,False,True,True,False,False,True
40,130,Portugal,2020-10-06,2020-10-13,0.0,7.0,0.0,1.1666666666666667,False,False,False,False,both_available,False,5,7.0,True,True,False,True,True,True,False,True
41,130,Portugal,2020-10-13,2020-10-19,0.0,6.0,0.0,0.0,False,False,False,False,both_available,False,6,6.0,True,True,False,True,True,True,False,True
42,130,Portugal,2020-10-19,2020-10-27,0.0,8.0,0.0,0.0,False,False,False,False,both_available,False,7,8.0,True,True,False,True,True,True,False,True
43,130,Portugal,2020-10-27,2020-11-02,0.0,7.0,0.0,0.0,False,False,False,False,both_available,False,8,6.0,True,True,False,True,True,True,False,True
44,131,Portugal,2020-08-31,2020-09-07,5.0,8.0,3.230769230769231,,False,True,True,False,p2_only_missing,True,1,,True,False,False,True,True,False,False,True
45,131,Portugal,2020-09-07,2020-09-14,0.0,7.0,5.0,3.230769230769231,False,False,False,False,both_available,False,2,7.0,True,True,False,True,True,False,False,True
46,131,Portugal,2020-09-24,2020-09-30,5.833333333333333,6.0,0.0,,False,True,True,False,p2_only_missing,True,3,16.0,True,False,False,True,True,False,False,True
47,131,Portugal,2020-09-30,2020-10-06,0.0,7.0,5.833333333333333,0.0,False,False,False,False,both_available,False,4,6.0,True,True,False,True,True,False,False,True
48,131,Portugal,2020-10-06,2020-10-13,0.0,7.0,0.0,5.833333333333333,False,False,False,False,both_available,False,5,7.0,True,True,False,True,True,True,False,True
49,131,Portugal,2020-10-13,2020-10-19,0.0,6.0,0.0,0.0,False,False,False,False,both_available,False,6,6.0,True,True,False,True,True,True,False,True
50,131,Portugal,2020-10-19,2020-10-27,1.75,8.0,0.0,0.0,False,False,False,False,both_available,True,7,8.0,True,True,False,True,True,True,False,True
51,131,Portugal,2020-10-27,2020-11-02,33.833333333333336,7.0,1.75,0.0,False,False,False,False,both_available,True,8,6.0,True,True,False,True,True,True,False,True
52,132,Greece,2019-12-27,2020-01-03,0.0,7.0,,,True,True,True,True,both_missing,False,1,,True,False,True,False,True,False,True,False
53,132,Greece,2020-01-03,2020-01-10,0.0,7.0,0.0,,False,True,True,False,p2_only_missing,False,2,7.0,True,True,False,True,True,False,True,True
54,132,Greece,2020-01-10,2020-01-17,0.0,7.0,0.0,0.0,False,False,False,False,both_available,False,3,7.0,True,True,False,True,True,True,False,True
55,132,Greece,2020-01-17,2020-01-24,0.0,7.0,0.0,0.0,False,False,False,False,both_available,False,4,7.0,True,True,False,True,True,True,False,True
56,132,Greece,2020-01-24,2020-01-31,0.0,7.0,0.0,0.0,False,False,False,False,both_available,False,5,7.0,True,True,False,True,True,True,False,True
57,132,Greece,2020-01-31,2020-02-07,0.0,7.0,0.0,0.0,False,False,False,False,both_available,False,6,7.0,True,True,False,True,True,True,False,True
58,132,Greece,2020-02-07,2020-02-14,0.0,7.0,0.0,0.0,False,False,False,False,both_available,False,7,7.0,True,True,False,True,True,True,False,True
59,132,Greece,2020-02-14,2020-02-21,0.0,7.0,0.0,0.0,False,False,False,False,both_available,False,8,7.0,True,True,False,True,True,True,False,True
60,132,Greece,2020-02-21,2020-02-28,0.0,7.0,0.0,0.0,False,False,False,False,both_available,False,9,7.0,True,True,False,True,True,True,False,True
61,132,Greece,2020-02-28,2020-03-06,0.0,7.0,0.0,0.0,False,False,False,False,both_available,False,10,7.0,True,True,False,True,True,True,False,True
62,132,Greece,2020-03-06,2020-03-13,0.0,7.0,0.0,0.0,False,False,False,False,both_available,False,11,7.0,True,True,False,True,True,True,False,True
63,132,Greece,2020-03-13,2020-03-20,0.0,7.0,0.0,0.0,False,False,False,False,both_available,False,12,7.0,True,True,False,True,True,True,False,True
64,132,Greece,2020-03-20,2020-03-27,0.0,7.0,0.0,0.0,False,False,False,False,both_available,False,13,7.0,True,True,False,True,True,True,False,True
65,132,Greece,2020-03-27,2020-04-03,0.0,7.0,0.0,0.0,False,False,False,False,both_available,False,14,7.0,True,True,False,True,True,True,False,True
66,132,Greece,2020-04-03,2020-04-10,0.0,7.0,0.0,0.0,False,False,False,False,both_available,False,15,7.0,True,True,False,True,True,True,False,True
67,132,Greece,2020-04-10,2020-04-17,0.0,7.0,0.0,0.0,False,False,False,False,both_available,False,16,7.0,True,True,False,True,True,True,False,True
68,132,Greece,2020-04-17,2020-04-24,0.0,7.0,0.0,0.0,False,False,False,False,both_available,False,17,7.0,True,True,False,True,True,True,False,True
69,132,Greece,2020-04-24,2020-05-01,0.0,7.0,0.0,0.0,False,False,False,False,both_available,False,18,7.0,True,True,False,True,True,True,False,True
70,133,Greece,2019-12-27,2020-01-03,0.0,7.0,,,True,True,True,True,both_missing,False,1,,True,False,True,False,True,False,True,False
71,133,Greece,2020-01-03,2020-01-10,0.0,7.0,0.0,,False,True,True,False,p2_only_missing,False,2,7.0,True,True,False,True,True,False,True,True
72,133,Greece,2020-01-10,2020-01-17,0.0,7.0,0.0,0.0,False,False,False,False,both_available,False,3,7.0,True,True,False,True,True,True,False,True
73,133,Greece,2020-01-17,2020-01-24,0.0,7.0,0.0,0.0,False,False,False,False,both_available,False,4,7.0,True,True,False,True,True,True,False,True
74,133,Greece,2020-01-24,2020-01-31,0.0,7.0,0.0,0.0,False,False,False,False,both_available,False,5,7.0,True,True,False,True,True,True,False,True
75,133,Greece,2020-01-31,2020-02-07,0.0,7.0,0.0,0.0,False,False,False,False,both_available,False,6,7.0,True,True,False,True,True,True,False,True
76,133,Greece,2020-02-07,2020-02-14,0.0,7.0,0.0,0.0,False,False,False,False,both_available,False,7,7.0,True,True,False,True,True,True,False,True
77,133,Greece,2020-02-14,2020-02-21,0.0,7.0,0.0,0.0,False,False,False,False,both_available,False,8,7.0,True,True,False,True,True,True,False,True
78,133,Greece,2020-02-21,2020-02-28,0.0,7.0,0.0,0.0,False,False,False,False,both_available,False,9,7.0,True,True,False,True,True,True,False,True
79,133,Greece,2020-02-28,2020-03-06,0.0,7.0,0.0,0.0,False,False,False,False,both_available,False,10,7.0,True,True,False,True,True,True,False,True
80,133,Greece,2020-03-06,2020-03-13,0.0,7.0,0.0,0.0,False,False,False,False,both_available,False,11,7.0,True,True,False,True,True,True,False,True
81,133,Greece,2020-03-13,2020-03-20,0.0,7.0,0.0,0.0,False,False,False,False,both_available,False,12,7.0,True,True,False,True,True,True,False,True
82,133,Greece,2020-03-20,2020-03-27,0.0,7.0,0.0,0.0,False,False,False,False,both_available,False,13,7.0,True,True,False,True,True,True,False,True
83,133,Greece,2020-03-27,2020-04-03,0.0,7.0,0.0,0.0,False,False,False,False,both_available,False,14,7.0,True,True,False,True,True,True,False,True
84,133,Greece,2020-04-03,2020-04-10,0.0,7.0,0.0,0.0,False,False,False,False,both_available,False,15,7.0,True,True,False,True,True,True,False,True
85,133,Greece,2020-04-10,2020-04-17,0.0,7.0,0.0,0.0,False,False,False,False,both_available,False,16,7.0,True,True,False,True,True,True,False,True
86,133,Greece,2020-04-17,2020-04-24,0.0,7.0,0.0,0.0,False,False,False,False,both_available,False,17,7.0,True,True,False,True,True,True,False,True
87,133,Greece,2020-04-24,2020-05-01,0.0,7.0,0.0,0.0,False,False,False,False,both_available,False,18,7.0,True,True,False,True,True,True,False,True
88,134,Greece,2019-12-27,2020-01-03,0.0,7.0,,,True,True,True,True,both_missing,False,1,,True,False,True,False,True,False,True,False
89,134,Greece,2020-01-03,2020-01-10,0.0,7.0,0.0,,False,True,True,False,p2_only_missing,False,2,7.0,True,True,False,True,True,False,True,True
90,134,Greece,2020-01-10,2020-01-17,0.0,7.0,0.0,0.0,False,False,False,False,both_available,False,3,7.0,True,True,False,True,True,True,False,True
91,134,Greece,2020-01-17,2020-01-24,0.0,7.0,0.0,0.0,False,False,False,False,both_available,False,4,7.0,True,True,False,True,True,True,False,True
92,134,Greece,2020-01-24,2020-01-31,0.0,7.0,0.0,0.0,False,False,False,False,both_available,False,5,7.0,True,True,False,True,True,True,False,True
93,134,Greece,2020-01-31,2020-02-07,0.0,7.0,0.0,0.0,False,False,False,False,both_available,False,6,7.0,True,True,False,True,True,True,False,True
94,134,Greece,2020-02-07,2020-02-14,0.0,7.0,0.0,0.0,False,False,False,False,both_available,False,7,7.0,True,True,False,True,True,True,False,True
95,134,Greece,2020-02-14,2020-02-21,0.0,7.0,0.0,0.0,False,False,False,False,both_available,False,8,7.0,True,True,False,True,True,True,False,True
96,134,Greece,2020-02-21,2020-02-28,0.0,7.0,0.0,0.0,False,False,False,False,both_available,False,9,7.0,True,True,False,True,True,True,False,True
97,134,Greece,2020-02-28,2020-03-06,0.0,7.0,0.0,0.0,False,False,False,False,both_available,False,10,7.0,True,True,False,True,True,True,False,True
98,134,Greece,2020-03-06,2020-03-13,0.0,7.0,0.0,0.0,False,False,False,False,both_available,False,11,7.0,True,True,False,True,True,True,False,True
99,134,Greece,2020-03-13,2020-03-20,0.0,7.0,0.0,0.0,False,False,False,False,both_available,False,12,7.0,True,True,False,True,True,True,False,True
100,134,Greece,2020-03-20,2020-03-27,0.0,7.0,0.0,0.0,False,False,False,False,both_available,False,13,7.0,True,True,False,True,True,True,False,True
101,134,Greece,2020-03-27,2020-04-03,0.0,7.0,0.0,0.0,False,False,False,False,both_available,False,14,7.0,True,True,False,True,True,True,False,True
102,134,Greece,2020-04-03,2020-04-10,0.0,7.0,0.0,0.0,False,False,False,False,both_available,False,15,7.0,True,True,False,True,True,True,False,True
103,134,Greece,2020-04-10,2020-04-17,0.0,7.0,0.0,0.0,False,False,False,False,both_available,False,16,7.0,True,True,False,True,True,True,False,True
104,134,Greece,2020-04-17,2020-04-24,0.0,7.0,0.0,0.0,False,False,False,False,both_available,False,17,7.0,True,True,False,True,True,True,False,True
105,134,Greece,2020-04-24,2020-05-01,0.0,7.0,0.0,0.0,False,False,False,False,both_available,False,18,7.0,True,True,False,True,True,True,False,True
106,135,Greece,2019-12-27,2020-01-03,0.0,7.0,,,True,True,True,True,both_missing,False,1,,True,False,True,False,True,False,True,False
107,135,Greece,2020-01-03,2020-01-10,0.0,7.0,0.0,,False,True,True,False,p2_only_missing,False,2,7.0,True,True,False,True,True,False,True,True
108,135,Greece,2020-01-10,2020-01-17,0.0,7.0,0.0,0.0,False,False,False,False,both_available,False,3,7.0,True,True,False,True,True,True,False,True
109,135,Greece,2020-01-17,2020-01-24,0.0,7.0,0.0,0.0,False,False,False,False,both_available,False,4,7.0,True,True,False,True,True,True,False,True
110,135,Greece,2020-01-24,2020-01-31,0.0,7.0,0.0,0.0,False,False,False,False,both_available,False,5,7.0,True,True,False,True,True,True,False,True
111,135,Greece,2020-01-31,2020-02-07,0.0,7.0,0.0,0.0,False,False,False,False,both_available,False,6,7.0,True,True,False,True,True,True,False,True
112,135,Greece,2020-02-07,2020-02-14,0.0,7.0,0.0,0.0,False,False,False,False,both_available,False,7,7.0,True,True,False,True,True,True,False,True
113,135,Greece,2020-02-14,2020-02-21,0.0,7.0,0.0,0.0,False,False,False,False,both_available,False,8,7.0,True,True,False,True,True,True,False,True
114,135,Greece,2020-02-21,2020-02-28,0.0,7.0,0.0,0.0,False,False,False,False,both_available,False,9,7.0,True,True,False,True,True,True,False,True
115,135,Greece,2020-02-28,2020-03-06,0.0,7.0,0.0,0.0,False,False,False,False,both_available,False,10,7.0,True,True,False,True,True,True,False,True
116,135,Greece,2020-03-06,2020-03-13,0.0,7.0,0.0,0.0,False,False,False,False,both_available,False,11,7.0,True,True,False,True,True,True,False,True
117,135,Greece,2020-03-13,2020-03-20,0.0,7.0,0.0,0.0,False,False,False,False,both_available,False,12,7.0,True,True,False,True,True,True,False,True
118,135,Greece,2020-03-20,2020-03-27,0.0,7.0,0.0,0.0,False,False,False,False,both_available,False,13,7.0,True,True,False,True,True,True,False,True
119,135,Greece,2020-03-27,2020-04-03,0.0,7.0,0.0,0.0,False,False,False,False,both_available,False,14,7.0,True,True,False,True,True,True,False,True
120,135,Greece,2020-04-03,2020-04-10,0.0,7.0,0.0,0.0,False,False,False,False,both_available,False,15,7.0,True,True,False,True,True,True,False,True
121,135,Greece,2020-04-10,2020-04-17,0.0,7.0,0.0,0.0,False,False,False,False,both_available,False,16,7.0,True,True,False,True,True,True,False,True
122,135,Greece,2020-04-17,2020-04-24,0.0,7.0,0.0,0.0,False,False,False,False,both_available,False,17,7.0,True,True,False,True,True,True,False,True
123,135,Greece,2020-04-24,2020-05-01,0.0,7.0,0.0,0.0,False,False,False,False,both_available,False,18,7.0,True,True,False,True,True,True,False,True
124,135,Greece,2020-05-01,2020-05-08,0.0,7.0,0.0,0.0,False,False,False,False,both_available,False,19,7.0,True,True,False,True,True,True,False,True
125,136,Greece,2019-12-27,2020-01-03,0.0,7.0,,,True,True,True,True,both_missing,False,1,,True,False,True,False,True,False,True,False
126,136,Greece,2020-01-03,2020-01-10,0.0,7.0,0.0,,False,True,True,False,p2_only_missing,False,2,7.0,True,True,False,True,True,False,True,True
127,136,Greece,2020-01-10,2020-01-17,0.0,7.0,0.0,0.0,False,False,False,False,both_available,False,3,7.0,True,True,False,True,True,True,False,True
128,136,Greece,2020-01-17,2020-01-24,0.0,7.0,0.0,0.0,False,False,False,False,both_available,False,4,7.0,True,True,False,True,True,True,False,True
129,136,Greece,2020-01-24,2020-01-31,0.0,7.0,0.0,0.0,False,False,False,False,both_available,False,5,7.0,True,True,False,True,True,True,False,True
130,136,Greece,2020-01-31,2020-02-07,0.0,7.0,0.0,0.0,False,False,False,False,both_available,False,6,7.0,True,True,False,True,True,True,False,True
131,136,Greece,2020-02-07,2020-02-14,0.0,7.0,0.0,0.0,False,False,False,False,both_available,False,7,7.0,True,True,False,True,True,True,False,True
132,136,Greece,2020-02-14,2020-02-21,0.0,7.0,0.0,0.0,False,False,False,False,both_available,False,8,7.0,True,True,False,True,True,True,False,True
133,136,Greece,2020-02-21,2020-02-28,0.0,7.0,0.0,0.0,False,False,False,False,both_available,False,9,7.0,True,True,False,True,True,True,False,True
134,136,Greece,2020-02-28,2020-03-06,0.0,7.0,0.0,0.0,False,False,False,False,both_available,False,10,7.0,True,True,False,True,True,True,False,True
135,136,Greece,2020-03-06,2020-03-13,0.0,7.0,0.0,0.0,False,False,False,False,both_available,False,11,7.0,True,True,False,True,True,True,False,True
136,136,Greece,2020-03-13,2020-03-20,0.0,7.0,0.0,0.0,False,False,False,False,both_available,False,12,7.0,True,True,False,True,True,True,False,True
137,136,Greece,2020-03-20,2020-03-27,0.0,7.0,0.0,0.0,False,False,False,False,both_available,False,13,7.0,True,True,False,True,True,True,False,True
138,136,Greece,2020-03-27,2020-04-03,0.0,7.0,0.0,0.0,False,False,False,False,both_available,False,14,7.0,True,True,False,True,True,True,False,True
139,136,Greece,2020-04-03,2020-04-10,0.0,7.0,0.0,0.0,False,False,False,False,both_available,False,15,7.0,True,True,False,True,True,True,False,True
140,136,Greece,2020-04-10,2020-04-17,0.0,7.0,0.0,0.0,False,False,False,False,both_available,False,16,7.0,True,True,False,True,True,True,False,True
141,136,Greece,2020-04-17,2020-04-24,0.0,7.0,0.0,0.0,False,False,False,False,both_available,False,17,7.0,True,True,False,True,True,True,False,True
142,136,Greece,2020-04-24,2020-05-01,0.0,7.0,0.0,0.0,False,False,False,False,both_available,False,18,7.0,True,True,False,True,True,True,False,True
143,136,Greece,2020-05-01,2020-05-08,0.0,7.0,0.0,0.0,False,False,False,False,both_available,False,19,7.0,True,True,False,True,True,True,False,True
144,137,Greece,2019-12-27,2020-01-03,0.0,7.0,,,True,True,True,True,both_missing,False,1,,True,False,True,False,True,False,True,False
145,137,Greece,2020-01-03,2020-01-10,0.0,7.0,0.0,,False,True,True,False,p2_only_missing,False,2,7.0,True,True,False,True,True,False,True,True
146,137,Greece,2020-01-10,2020-01-17,0.0,7.0,0.0,0.0,False,False,False,False,both_available,False,3,7.0,True,True,False,True,True,True,False,True
147,137,Greece,2020-01-17,2020-01-24,0.0,7.0,0.0,0.0,False,False,False,False,both_available,False,4,7.0,True,True,False,True,True,True,False,True
148,137,Greece,2020-01-24,2020-01-31,0.0,7.0,0.0,0.0,False,False,False,False,both_available,False,5,7.0,True,True,False,True,True,True,False,True
149,137,Greece,2020-01-31,2020-02-07,0.0,7.0,0.0,0.0,False,False,False,False,both_available,False,6,7.0,True,True,False,True,True,True,False,True
150,137,Greece,2020-02-07,2020-02-14,0.0,7.0,0.0,0.0,False,False,False,False,both_available,False,7,7.0,True,True,False,True,True,True,False,True
151,137,Greece,2020-02-14,2020-02-21,0.0,7.0,0.0,0.0,False,False,False,False,both_available,False,8,7.0,True,True,False,True,True,True,False,True
152,137,Greece,2020-02-21,2020-02-28,0.0,7.0,0.0,0.0,False,False,False,False,both_available,False,9,7.0,True,True,False,True,True,True,False,True
153,137,Greece,2020-02-28,2020-03-06,0.0,7.0,0.0,0.0,False,False,False,False,both_available,False,10,7.0,True,True,False,True,True,True,False,True
154,137,Greece,2020-03-06,2020-03-13,0.0,7.0,0.0,0.0,False,False,False,False,both_available,False,11,7.0,True,True,False,True,True,True,False,True
155,137,Greece,2020-03-13,2020-03-20,0.0,7.0,0.0,0.0,False,False,False,False,both_available,False,12,7.0,True,True,False,True,True,True,False,True
156,137,Greece,2020-03-20,2020-03-27,0.0,7.0,0.0,0.0,False,False,False,False,both_available,False,13,7.0,True,True,False,True,True,True,False,True
157,137,Greece,2020-03-27,2020-04-03,0.0,7.0,0.0,0.0,False,False,False,False,both_available,False,14,7.0,True,True,False,True,True,True,False,True
158,137,Greece,2020-04-03,2020-04-10,0.0,7.0,0.0,0.0,False,False,False,False,both_available,False,15,7.0,True,True,False,True,True,True,False,True
159,137,Greece,2020-04-10,2020-04-17,0.0,7.0,0.0,0.0,False,False,False,False,both_available,False,16,7.0,True,True,False,True,True,True,False,True
160,137,Greece,2020-04-17,2020-04-24,0.0,7.0,0.0,0.0,False,False,False,False,both_available,False,17,7.0,True,True,False,True,True,True,False,True
161,137,Greece,2020-04-24,2020-05-01,0.0,7.0,0.0,0.0,False,False,False,False,both_available,False,18,7.0,True,True,False,True,True,True,False,True
162,138,Greece,2019-12-27,2020-01-03,0.0,7.0,,,True,True,True,True,both_missing,False,1,,True,False,True,False,True,False,True,False
163,138,Greece,2020-01-03,2020-01-10,0.0,7.0,0.0,,False,True,True,False,p2_only_missing,False,2,7.0,True,True,False,True,True,False,True,True
164,138,Greece,2020-01-10,2020-01-17,0.0,7.0,0.0,0.0,False,False,False,False,both_available,False,3,7.0,True,True,False,True,True,True,False,True
165,138,Greece,2020-01-17,2020-01-24,0.0,7.0,0.0,0.0,False,False,False,False,both_available,False,4,7.0,True,True,False,True,True,True,False,True
166,138,Greece,2020-01-24,2020-01-31,0.0,7.0,0.0,0.0,False,False,False,False,both_available,False,5,7.0,True,True,False,True,True,True,False,True
167,138,Greece,2020-01-31,2020-02-07,0.0,7.0,0.0,0.0,False,False,False,False,both_available,False,6,7.0,True,True,False,True,True,True,False,True
168,138,Greece,2020-02-07,2020-02-14,0.0,7.0,0.0,0.0,False,False,False,False,both_available,False,7,7.0,True,True,False,True,True,True,False,True
169,138,Greece,2020-02-14,2020-02-21,0.0,7.0,0.0,0.0,False,False,False,False,both_available,False,8,7.0,True,True,False,True,True,True,False,True
170,138,Greece,2020-02-21,2020-02-28,0.0,7.0,0.0,0.0,False,False,False,False,both_available,False,9,7.0,True,True,False,True,True,True,False,True
171,138,Greece,2020-02-28,2020-03-06,0.0,7.0,0.0,0.0,False,False,False,False,both_available,False,10,7.0,True,True,False,True,True,True,False,True
172,138,Greece,2020-03-06,2020-03-13,0.0,7.0,0.0,0.0,False,False,False,False,both_available,False,11,7.0,True,True,False,True,True,True,False,True
173,138,Greece,2020-03-13,2020-03-20,0.0,7.0,0.0,0.0,False,False,False,False,both_available,False,12,7.0,True,True,False,True,True,True,False,True
174,138,Greece,2020-03-20,2020-03-27,0.0,7.0,0.0,0.0,False,False,False,False,both_available,False,13,7.0,True,True,False,True,True,True,False,True
175,138,Greece,2020-03-27,2020-04-03,0.0,7.0,0.0,0.0,False,False,False,False,both_available,False,14,7.0,True,True,False,True,True,True,False,True
176,138,Greece,2020-04-03,2020-04-10,0.0,7.0,0.0,0.0,False,False,False,False,both_available,False,15,7.0,True,True,False,True,True,True,False,True
177,138,Greece,2020-04-10,2020-04-17,0.0,7.0,0.0,0.0,False,False,False,False,both_available,False,16,7.0,True,True,False,True,True,True,False,True
178,138,Greece,2020-04-17,2020-04-24,0.0,7.0,0.0,0.0,False,False,False,False,both_available,False,17,7.0,True,True,False,True,True,True,False,True
179,138,Greece,2020-04-24,2020-05-01,0.0,7.0,0.0,0.0,False,False,False,False,both_available,False,18,7.0,True,True,False,True,True,True,False,True
180,139,Greece,2019-12-27,2020-01-03,0.0,7.0,,,True,True,True,True,both_missing,False,1,,True,False,True,False,True,False,True,False
181,139,Greece,2020-01-03,2020-01-10,0.0,7.0,0.0,,False,True,True,False,p2_only_missing,False,2,7.0,True,True,False,True,True,False,True,True
182,139,Greece,2020-01-10,2020-01-17,0.0,7.0,0.0,0.0,False,False,False,False,both_available,False,3,7.0,True,True,False,True,True,True,False,True
183,139,Greece,2020-01-17,2020-01-24,0.0,7.0,0.0,0.0,False,False,False,False,both_available,False,4,7.0,True,True,False,True,True,True,False,True
184,139,Greece,2020-01-24,2020-01-31,0.0,7.0,0.0,0.0,False,False,False,False,both_available,False,5,7.0,True,True,False,True,True,True,False,True
185,139,Greece,2020-01-31,2020-02-07,0.0,7.0,0.0,0.0,False,False,False,False,both_available,False,6,7.0,True,True,False,True,True,True,False,True
186,139,Greece,2020-02-07,2020-02-14,0.0,7.0,0.0,0.0,False,False,False,False,both_available,False,7,7.0,True,True,False,True,True,True,False,True
187,139,Greece,2020-02-14,2020-02-21,0.0,7.0,0.0,0.0,False,False,False,False,both_available,False,8,7.0,True,True,False,True,True,True,False,True
188,139,Greece,2020-02-21,2020-02-28,0.0,7.0,0.0,0.0,False,False,False,False,both_available,False,9,7.0,True,True,False,True,True,True,False,True
189,139,Greece,2020-02-28,2020-03-06,0.0,7.0,0.0,0.0,False,False,False,False,both_available,False,10,7.0,True,True,False,True,True,True,False,True
190,139,Greece,2020-03-06,2020-03-13,0.0,7.0,0.0,0.0,False,False,False,False,both_available,False,11,7.0,True,True,False,True,True,True,False,True
191,139,Greece,2020-03-13,2020-03-20,0.0,7.0,0.0,0.0,False,False,False,False,both_available,False,12,7.0,True,True,False,True,True,True,False,True
192,139,Greece,2020-03-20,2020-03-27,0.0,7.0,0.0,0.0,False,False,False,False,both_available,False,13,7.0,True,True,False,True,True,True,False,True
193,139,Greece,2020-03-27,2020-04-03,0.0,7.0,0.0,0.0,False,False,False,False,both_available,False,14,7.0,True,True,False,True,True,True,False,True
194,139,Greece,2020-04-03,2020-04-10,0.0,7.0,0.0,0.0,False,False,False,False,both_available,False,15,7.0,True,True,False,True,True,True,False,True
195,139,Greece,2020-04-10,2020-04-17,0.0,7.0,0.0,0.0,False,False,False,False,both_available,False,16,7.0,True,True,False,True,True,True,False,True
196,139,Greece,2020-04-17,2020-04-24,0.0,7.0,0.0,0.0,False,False,False,False,both_available,False,17,7.0,True,True,False,True,True,True,False,True
197,139,Greece,2020-04-24,2020-05-01,0.0,7.0,0.0,0.0,False,False,False,False,both_available,False,18,7.0,True,True,False,True,True,True,False,True
198,140,Greece,2019-12-27,2020-01-03,0.0,7.0,,,True,True,True,True,both_missing,False,1,,True,False,True,False,True,False,True,False
199,140,Greece,2020-01-03,2020-01-10,0.0,7.0,0.0,,False,True,True,False,p2_only_missing,False,2,7.0,True,True,False,True,True,False,True,True
200,140,Greece,2020-01-10,2020-01-17,0.0,7.0,0.0,0.0,False,False,False,False,both_available,False,3,7.0,True,True,False,True,True,True,False,True
201,140,Greece,2020-01-17,2020-01-24,0.0,7.0,0.0,0.0,False,False,False,False,both_available,False,4,7.0,True,True,False,True,True,True,False,True
202,140,Greece,2020-01-24,2020-01-31,0.0,7.0,0.0,0.0,False,False,False,False,both_available,False,5,7.0,True,True,False,True,True,True,False,True
203,140,Greece,2020-01-31,2020-02-07,0.0,7.0,0.0,0.0,False,False,False,False,both_available,False,6,7.0,True,True,False,True,True,True,False,True
204,140,Greece,2020-02-07,2020-02-14,0.0,7.0,0.0,0.0,False,False,False,False,both_available,False,7,7.0,True,True,False,True,True,True,False,True
205,140,Greece,2020-02-14,2020-02-21,0.0,7.0,0.0,0.0,False,False,False,False,both_available,False,8,7.0,True,True,False,True,True,True,False,True
206,140,Greece,2020-02-21,2020-02-28,0.0,7.0,0.0,0.0,False,False,False,False,both_available,False,9,7.0,True,True,False,True,True,True,False,True
207,140,Greece,2020-02-28,2020-03-06,0.0,7.0,0.0,0.0,False,False,False,False,both_available,False,10,7.0,True,True,False,True,True,True,False,True
208,140,Greece,2020-03-06,2020-03-13,0.0,7.0,0.0,0.0,False,False,False,False,both_available,False,11,7.0,True,True,False,True,True,True,False,True
209,140,Greece,2020-03-13,2020-03-20,0.0,7.0,0.0,0.0,False,False,False,False,both_available,False,12,7.0,True,True,False,True,True,True,False,True
210,140,Greece,2020-03-20,2020-03-27,0.0,7.0,0.0,0.0,False,False,False,False,both_available,False,13,7.0,True,True,False,True,True,True,False,True
211,140,Greece,2020-03-27,2020-04-03,0.0,7.0,0.0,0.0,False,False,False,False,both_available,False,14,7.0,True,True,False,True,True,True,False,True
212,140,Greece,2020-04-03,2020-04-10,0.0,7.0,0.0,0.0,False,False,False,False,both_available,False,15,7.0,True,True,False,True,True,True,False,True
213,140,Greece,2020-04-10,2020-04-17,0.0,7.0,0.0,0.0,False,False,False,False,both_available,False,16,7.0,True,True,False,True,True,True,False,True
214,140,Greece,2020-04-17,2020-04-24,0.0,7.0,0.0,0.0,False,False,False,False,both_available,False,17,7.0,True,True,False,True,True,True,False,True
215,140,Greece,2020-04-24,2020-05-01,0.0,7.0,0.0,0.0,False,False,False,False,both_available,False,18,7.0,True,True,False,True,True,True,False,True
216,140,Greece,2020-11-06,2020-11-13,0.0,7.0,,,True,True,True,True,both_missing,False,19,196.0,True,False,False,True,True,False,False,True
217,141,Greece,2019-12-27,2020-01-03,0.0,7.0,,,True,True,True,True,both_missing,False,1,,True,False,True,False,True,False,True,False
218,141,Greece,2020-01-03,2020-01-10,0.0,7.0,0.0,,False,True,True,False,p2_only_missing,False,2,7.0,True,True,False,True,True,False,True,True
219,141,Greece,2020-01-10,2020-01-17,0.0,7.0,0.0,0.0,False,False,False,False,both_available,False,3,7.0,True,True,False,True,True,True,False,True
220,141,Greece,2020-01-17,2020-01-24,0.0,7.0,0.0,0.0,False,False,False,False,both_available,False,4,7.0,True,True,False,True,True,True,False,True
221,141,Greece,2020-01-24,2020-01-31,0.0,7.0,0.0,0.0,False,False,False,False,both_available,False,5,7.0,True,True,False,True,True,True,False,True
222,141,Greece,2020-01-31,2020-02-07,0.0,7.0,0.0,0.0,False,False,False,False,both_available,False,6,7.0,True,True,False,True,True,True,False,True
223,141,Greece,2020-02-07,2020-02-14,0.0,7.0,0.0,0.0,False,False,False,False,both_available,False,7,7.0,True,True,False,True,True,True,False,True
224,141,Greece,2020-02-14,2020-02-21,0.0,7.0,0.0,0.0,False,False,False,False,both_available,False,8,7.0,True,True,False,True,True,True,False,True
225,141,Greece,2020-02-21,2020-02-28,0.0,7.0,0.0,0.0,False,False,False,False,both_available,False,9,7.0,True,True,False,True,True,True,False,True
226,141,Greece,2020-02-28,2020-03-06,0.0,7.0,0.0,0.0,False,False,False,False,both_available,False,10,7.0,True,True,False,True,True,True,False,True
227,141,Greece,2020-03-06,2020-03-13,0.0,7.0,0.0,0.0,False,False,False,False,both_available,False,11,7.0,True,True,False,True,True,True,False,True
228,141,Greece,2020-03-13,2020-03-20,0.0,7.0,0.0,0.0,False,False,False,False,both_available,False,12,7.0,True,True,False,True,True,True,False,True
229,141,Greece,2020-03-20,2020-03-27,0.0,7.0,0.0,0.0,False,False,False,False,both_available,False,13,7.0,True,True,False,True,True,True,False,True
230,141,Greece,2020-03-27,2020-04-03,0.0,7.0,0.0,0.0,False,False,False,False,both_available,False,14,7.0,True,True,False,True,True,True,False,True
231,141,Greece,2020-04-03,2020-04-10,0.0,7.0,0.0,0.0,False,False,False,False,both_available,False,15,7.0,True,True,False,True,True,True,False,True
232,141,Greece,2020-04-10,2020-04-17,0.0,7.0,0.0,0.0,False,False,False,False,both_available,False,16,7.0,True,True,False,True,True,True,False,True
233,141,Greece,2020-04-17,2020-04-24,0.0,7.0,0.0,0.0,False,False,False,False,both_available,False,17,7.0,True,True,False,True,True,True,False,True
234,141,Greece,2020-04-24,2020-05-01,0.0,7.0,0.0,0.0,False,False,False,False,both_available,False,18,7.0,True,True,False,True,True,True,False,True
235,142,Greece,2019-12-27,2020-01-03,0.0,7.0,,,True,True,True,True,both_missing,False,1,,True,False,True,False,True,False,True,False
236,142,Greece,2020-01-03,2020-01-10,0.0,7.0,0.0,,False,True,True,False,p2_only_missing,False,2,7.0,True,True,False,True,True,False,True,True
237,142,Greece,2020-01-10,2020-01-17,0.0,7.0,0.0,0.0,False,False,False,False,both_available,False,3,7.0,True,True,False,True,True,True,False,True
238,142,Greece,2020-01-17,2020-01-24,0.0,7.0,0.0,0.0,False,False,False,False,both_available,False,4,7.0,True,True,False,True,True,True,False,True
239,142,Greece,2020-01-24,2020-01-31,0.0,7.0,0.0,0.0,False,False,False,False,both_available,False,5,7.0,True,True,False,True,True,True,False,True
240,142,Greece,2020-01-31,2020-02-07,0.0,7.0,0.0,0.0,False,False,False,False,both_available,False,6,7.0,True,True,False,True,True,True,False,True
241,142,Greece,2020-02-07,2020-02-14,0.0,7.0,0.0,0.0,False,False,False,False,both_available,False,7,7.0,True,True,False,True,True,True,False,True
242,142,Greece,2020-02-14,2020-02-21,0.0,7.0,0.0,0.0,False,False,False,False,both_available,False,8,7.0,True,True,False,True,True,True,False,True
243,142,Greece,2020-02-21,2020-02-28,0.0,7.0,0.0,0.0,False,False,False,False,both_available,False,9,7.0,True,True,False,True,True,True,False,True
244,142,Greece,2020-02-28,2020-03-06,0.0,7.0,0.0,0.0,False,False,False,False,both_available,False,10,7.0,True,True,False,True,True,True,False,True
245,142,Greece,2020-03-06,2020-03-13,0.0,7.0,0.0,0.0,False,False,False,False,both_available,False,11,7.0,True,True,False,True,True,True,False,True
246,142,Greece,2020-03-13,2020-03-20,0.0,7.0,0.0,0.0,False,False,False,False,both_available,False,12,7.0,True,True,False,True,True,True,False,True
247,142,Greece,2020-03-20,2020-03-27,0.0,7.0,0.0,0.0,False,False,False,False,both_available,False,13,7.0,True,True,False,True,True,True,False,True
248,142,Greece,2020-03-27,2020-04-03,0.0,7.0,0.0,0.0,False,False,False,False,both_available,False,14,7.0,True,True,False,True,True,True,False,True
249,142,Greece,2020-04-03,2020-04-10,0.0,7.0,0.0,0.0,False,False,False,False,both_available,False,15,7.0,True,True,False,True,True,True,False,True
250,142,Greece,2020-04-10,2020-04-17,0.0,7.0,0.0,0.0,False,False,False,False,both_available,False,16,7.0,True,True,False,True,True,True,False,True
251,142,Greece,2020-04-17,2020-04-24,0.0,7.0,0.0,0.0,False,False,False,False,both_available,False,17,7.0,True,True,False,True,True,True,False,True
252,142,Greece,2020-04-24,2020-05-01,0.0,7.0,0.0,0.0,False,False,False,False,both_available,False,18,7.0,True,True,False,True,True,True,False,True
253,142,Greece,2020-05-01,2020-05-08,0.0,7.0,0.0,0.0,False,False,False,False,both_available,False,19,7.0,True,True,False,True,True,True,False,True
254,143,Greece,2019-12-27,2020-01-03,0.0,7.0,,,True,True,True,True,both_missing,False,1,,True,False,True,False,True,False,True,False
255,143,Greece,2020-01-03,2020-01-10,0.0,7.0,0.0,,False,True,True,False,p2_only_missing,False,2,7.0,True,True,False,True,True,False,True,True
256,143,Greece,2020-01-10,2020-01-17,0.0,7.0,0.0,0.0,False,False,False,False,both_available,False,3,7.0,True,True,False,True,True,True,False,True
257,143,Greece,2020-01-17,2020-01-24,0.0,7.0,0.0,0.0,False,False,False,False,both_available,False,4,7.0,True,True,False,True,True,True,False,True
258,143,Greece,2020-01-24,2020-01-31,0.0,7.0,0.0,0.0,False,False,False,False,both_available,False,5,7.0,True,True,False,True,True,True,False,True
259,143,Greece,2020-01-31,2020-02-07,0.0,7.0,0.0,0.0,False,False,False,False,both_available,False,6,7.0,True,True,False,True,True,True,False,True
260,143,Greece,2020-02-07,2020-02-14,0.0,7.0,0.0,0.0,False,False,False,False,both_available,False,7,7.0,True,True,False,True,True,True,False,True
261,143,Greece,2020-02-14,2020-02-21,0.0,7.0,0.0,0.0,False,False,False,False,both_available,False,8,7.0,True,True,False,True,True,True,False,True
262,143,Greece,2020-02-21,2020-02-28,0.0,7.0,0.0,0.0,False,False,False,False,both_available,False,9,7.0,True,True,False,True,True,True,False,True
263,143,Greece,2020-02-28,2020-03-06,0.0,7.0,0.0,0.0,False,False,False,False,both_available,False,10,7.0,True,True,False,True,True,True,False,True
264,143,Greece,2020-03-06,2020-03-13,0.0,7.0,0.0,0.0,False,False,False,False,both_available,False,11,7.0,True,True,False,True,True,True,False,True
265,143,Greece,2020-03-13,2020-03-20,0.0,7.0,0.0,0.0,False,False,False,False,both_available,False,12,7.0,True,True,False,True,True,True,False,True
266,143,Greece,2020-03-20,2020-03-27,0.0,7.0,0.0,0.0,False,False,False,False,both_available,False,13,7.0,True,True,False,True,True,True,False,True
267,143,Greece,2020-03-27,2020-04-03,0.0,7.0,0.0,0.0,False,False,False,False,both_available,False,14,7.0,True,True,False,True,True,True,False,True
268,143,Greece,2020-04-03,2020-04-10,0.0,7.0,0.0,0.0,False,False,False,False,both_available,False,15,7.0,True,True,False,True,True,True,False,True
269,143,Greece,2020-04-10,2020-04-17,0.0,7.0,0.0,0.0,False,False,False,False,both_available,False,16,7.0,True,True,False,True,True,True,False,True
270,143,Greece,2020-04-17,2020-04-24,0.0,7.0,0.0,0.0,False,False,False,False,both_available,False,17,7.0,True,True,False,True,True,True,False,True
271,143,Greece,2020-04-24,2020-05-01,0.0,7.0,0.0,0.0,False,False,False,False,both_available,False,18,7.0,True,True,False,True,True,True,False,True
272,143,Greece,2020-05-01,2020-05-08,0.0,7.0,0.0,0.0,False,False,False,False,both_available,False,19,7.0,True,True,False,True,True,True,False,True
273,144,Greece,2019-12-27,2020-01-03,0.0,7.0,,,True,True,True,True,both_missing,False,1,,True,False,True,False,True,False,True,False
274,144,Greece,2020-01-03,2020-01-10,0.0,7.0,0.0,,False,True,True,False,p2_only_missing,False,2,7.0,True,True,False,True,True,False,True,True
275,144,Greece,2020-01-10,2020-01-17,0.0,7.0,0.0,0.0,False,False,False,False,both_available,False,3,7.0,True,True,False,True,True,True,False,True
276,144,Greece,2020-01-17,2020-01-24,0.0,7.0,0.0,0.0,False,False,False,False,both_available,False,4,7.0,True,True,False,True,True,True,False,True
277,144,Greece,2020-01-24,2020-01-31,0.0,7.0,0.0,0.0,False,False,False,False,both_available,False,5,7.0,True,True,False,True,True,True,False,True
278,144,Greece,2020-01-31,2020-02-07,0.0,7.0,0.0,0.0,False,False,False,False,both_available,False,6,7.0,True,True,False,True,True,True,False,True
279,144,Greece,2020-02-07,2020-02-14,0.0,7.0,0.0,0.0,False,False,False,False,both_available,False,7,7.0,True,True,False,True,True,True,False,True
280,144,Greece,2020-02-14,2020-02-21,0.0,7.0,0.0,0.0,False,False,False,False,both_available,False,8,7.0,True,True,False,True,True,True,False,True
281,144,Greece,2020-02-21,2020-02-28,0.0,7.0,0.0,0.0,False,False,False,False,both_available,False,9,7.0,True,True,False,True,True,True,False,True
282,144,Greece,2020-02-28,2020-03-06,0.0,7.0,0.0,0.0,False,False,False,False,both_available,False,10,7.0,True,True,False,True,True,True,False,True
283,144,Greece,2020-03-06,2020-03-13,0.0,7.0,0.0,0.0,False,False,False,False,both_available,False,11,7.0,True,True,False,True,True,True,False,True
284,144,Greece,2020-03-13,2020-03-20,0.0,7.0,0.0,0.0,False,False,False,False,both_available,False,12,7.0,True,True,False,True,True,True,False,True
285,144,Greece,2020-03-20,2020-03-27,0.0,7.0,0.0,0.0,False,False,False,False,both_available,False,13,7.0,True,True,False,True,True,True,False,True
286,144,Greece,2020-03-27,2020-04-03,0.0,7.0,0.0,0.0,False,False,False,False,both_available,False,14,7.0,True,True,False,True,True,True,False,True
287,144,Greece,2020-04-03,2020-04-10,0.0,7.0,0.0,0.0,False,False,False,False,both_available,False,15,7.0,True,True,False,True,True,True,False,True
288,144,Greece,2020-04-10,2020-04-17,0.0,7.0,0.0,0.0,False,False,False,False,both_available,False,16,7.0,True,True,False,True,True,True,False,True
289,144,Greece,2020-04-17,2020-04-24,0.0,7.0,0.0,0.0,False,False,False,False,both_available,False,17,7.0,True,True,False,True,True,True,False,True
290,144,Greece,2020-04-24,2020-05-01,0.0,7.0,0.0,0.0,False,False,False,False,both_available,False,18,7.0,True,True,False,True,True,True,False,True
291,145,Greece,2019-12-27,2020-01-03,0.0,7.0,,,True,True,True,True,both_missing,False,1,,True,False,True,False,True,False,True,False
292,145,Greece,2020-01-03,2020-01-10,0.0,7.0,0.0,,False,True,True,False,p2_only_missing,False,2,7.0,True,True,False,True,True,False,True,True
293,145,Greece,2020-01-10,2020-01-17,0.0,7.0,0.0,0.0,False,False,False,False,both_available,False,3,7.0,True,True,False,True,True,True,False,True
294,145,Greece,2020-01-17,2020-01-24,0.0,7.0,0.0,0.0,False,False,False,False,both_available,False,4,7.0,True,True,False,True,True,True,False,True
295,145,Greece,2020-01-24,2020-01-31,0.0,7.0,0.0,0.0,False,False,False,False,both_available,False,5,7.0,True,True,False,True,True,True,False,True
296,145,Greece,2020-01-31,2020-02-07,0.0,7.0,0.0,0.0,False,False,False,False,both_available,False,6,7.0,True,True,False,True,True,True,False,True
297,145,Greece,2020-02-07,2020-02-14,0.0,7.0,0.0,0.0,False,False,False,False,both_available,False,7,7.0,True,True,False,True,True,True,False,True
298,145,Greece,2020-02-14,2020-02-21,0.0,7.0,0.0,0.0,False,False,False,False,both_available,False,8,7.0,True,True,False,True,True,True,False,True
299,145,Greece,2020-02-21,2020-02-28,0.0,7.0,0.0,0.0,False,False,False,False,both_available,False,9,7.0,True,True,False,True,True,True,False,True
300,145,Greece,2020-02-28,2020-03-06,0.0,7.0,0.0,0.0,False,False,False,False,both_available,False,10,7.0,True,True,False,True,True,True,False,True
301,145,Greece,2020-03-06,2020-03-13,0.0,7.0,0.0,0.0,False,False,False,False,both_available,False,11,7.0,True,True,False,True,True,True,False,True
302,145,Greece,2020-03-13,2020-03-20,0.0,7.0,0.0,0.0,False,False,False,False,both_available,False,12,7.0,True,True,False,True,True,True,False,True
303,145,Greece,2020-03-20,2020-03-27,0.0,7.0,0.0,0.0,False,False,False,False,both_available,False,13,7.0,True,True,False,True,True,True,False,True
304,145,Greece,2020-03-27,2020-04-03,0.0,7.0,0.0,0.0,False,False,False,False,both_available,False,14,7.0,True,True,False,True,True,True,False,True
305,145,Greece,2020-04-03,2020-04-10,0.0,7.0,0.0,0.0,False,False,False,False,both_available,False,15,7.0,True,True,False,True,True,True,False,True
306,145,Greece,2020-04-10,2020-04-17,0.0,7.0,0.0,0.0,False,False,False,False,both_available,False,16,7.0,True,True,False,True,True,True,False,True
307,145,Greece,2020-04-17,2020-04-24,0.0,7.0,0.0,0.0,False,False,False,False,both_available,False,17,7.0,True,True,False,True,True,True,False,True
308,145,Greece,2020-04-24,2020-05-01,0.0,7.0,0.0,0.0,False,False,False,False,both_available,False,18,7.0,True,True,False,True,True,True,False,True
309,146,Greece,2019-12-27,2020-01-03,0.0,7.0,,,True,True,True,True,both_missing,False,1,,True,False,True,False,True,False,True,False
310,146,Greece,2020-01-03,2020-01-10,0.0,7.0,0.0,,False,True,True,False,p2_only_missing,False,2,7.0,True,True,False,True,True,False,True,True
311,146,Greece,2020-01-10,2020-01-17,0.0,7.0,0.0,0.0,False,False,False,False,both_available,False,3,7.0,True,True,False,True,True,True,False,True
312,146,Greece,2020-01-17,2020-01-24,0.0,7.0,0.0,0.0,False,False,False,False,both_available,False,4,7.0,True,True,False,True,True,True,False,True
313,146,Greece,2020-01-24,2020-01-31,0.0,7.0,0.0,0.0,False,False,False,False,both_available,False,5,7.0,True,True,False,True,True,True,False,True
314,146,Greece,2020-01-31,2020-02-07,0.0,7.0,0.0,0.0,False,False,False,False,both_available,False,6,7.0,True,True,False,True,True,True,False,True
315,146,Greece,2020-02-07,2020-02-14,0.0,7.0,0.0,0.0,False,False,False,False,both_available,False,7,7.0,True,True,False,True,True,True,False,True
316,146,Greece,2020-02-14,2020-02-21,0.0,7.0,0.0,0.0,False,False,False,False,both_available,False,8,7.0,True,True,False,True,True,True,False,True
317,146,Greece,2020-02-21,2020-02-28,0.0,7.0,0.0,0.0,False,False,False,False,both_available,False,9,7.0,True,True,False,True,True,True,False,True
318,146,Greece,2020-02-28,2020-03-06,0.0,7.0,0.0,0.0,False,False,False,False,both_available,False,10,7.0,True,True,False,True,True,True,False,True
319,146,Greece,2020-03-06,2020-03-13,0.0,7.0,0.0,0.0,False,False,False,False,both_available,False,11,7.0,True,True,False,True,True,True,False,True
320,146,Greece,2020-03-13,2020-03-20,0.0,7.0,0.0,0.0,False,False,False,False,both_available,False,12,7.0,True,True,False,True,True,True,False,True
321,146,Greece,2020-03-20,2020-03-27,0.0,7.0,0.0,0.0,False,False,False,False,both_available,False,13,7.0,True,True,False,True,True,True,False,True
322,146,Greece,2020-03-27,2020-04-03,0.0,7.0,0.0,0.0,False,False,False,False,both_available,False,14,7.0,True,True,False,True,True,True,False,True
323,146,Greece,2020-04-03,2020-04-10,0.0,7.0,0.0,0.0,False,False,False,False,both_available,False,15,7.0,True,True,False,True,True,True,False,True
324,146,Greece,2020-04-10,2020-04-17,0.0,7.0,0.0,0.0,False,False,False,False,both_available,False,16,7.0,True,True,False,True,True,True,False,True
325,146,Greece,2020-04-17,2020-04-24,0.0,7.0,0.0,0.0,False,False,False,False,both_available,False,17,7.0,True,True,False,True,True,True,False,True
326,146,Greece,2020-04-24,2020-05-01,0.0,7.0,0.0,0.0,False,False,False,False,both_available,False,18,7.0,True,True,False,True,True,True,False,True
327,159,Portugal,2020-07-17,2020-07-24,0.0,7.0,,,True,True,True,True,both_missing,False,1,,True,False,True,False,True,False,True,False
328,159,Portugal,2020-07-24,2020-07-31,0.0,7.0,0.0,,False,True,True,False,p2_only_missing,False,2,7.0,True,True,False,True,True,False,True,True
329,159,Portugal,2020-07-31,2020-08-07,0.0,7.0,0.0,0.0,False,False,False,False,both_available,False,3,7.0,True,True,False,True,True,True,False,True
330,159,Portugal,2020-08-07,2020-08-14,0.0,7.0,0.0,0.0,False,False,False,False,both_available,False,4,7.0,True,True,False,True,True,True,False,True
331,159,Portugal,2020-08-14,2020-08-21,0.0,7.0,0.0,0.0,False,False,False,False,both_available,False,5,7.0,True,True,False,True,True,True,False,True
332,159,Portugal,2020-08-21,2020-08-28,0.0,7.0,0.0,0.0,False,False,False,False,both_available,False,6,7.0,True,True,False,True,True,True,False,True
333,159,Portugal,2020-08-28,2020-09-04,0.0,7.0,0.0,0.0,False,False,False,False,both_available,False,7,7.0,True,True,False,True,True,True,False,True
334,159,Portugal,2020-09-04,2020-09-11,0.0,7.0,0.0,0.0,False,False,False,False,both_available,False,8,7.0,True,True,False,True,True,True,False,True
335,159,Portugal,2020-09-11,2020-09-17,0.0,6.0,0.0,0.0,False,False,False,False,both_available,False,9,6.0,True,True,False,True,True,True,False,True
336,159,Portugal,2020-09-17,2020-09-25,0.0,8.0,0.0,0.0,False,False,False,False,both_available,False,10,8.0,True,True,False,True,True,True,False,True
337,159,Portugal,2020-10-06,2020-10-13,0.0,7.0,0.0,,False,True,True,False,p2_only_missing,False,11,18.0,True,False,False,True,True,False,False,True
338,159,Portugal,2020-10-23,2020-10-30,0.0,7.0,0.0,,False,True,True,False,p2_only_missing,False,12,17.0,True,False,False,True,True,False,False,True
339,160,Portugal,2020-07-17,2020-07-24,0.0,7.0,,,True,True,True,True,both_missing,False,1,,True,False,True,False,True,False,True,False
340,160,Portugal,2020-07-24,2020-07-31,0.0,7.0,0.0,,False,True,True,False,p2_only_missing,False,2,7.0,True,True,False,True,True,False,True,True
341,160,Portugal,2020-07-31,2020-08-07,0.0,7.0,0.0,0.0,False,False,False,False,both_available,False,3,7.0,True,True,False,True,True,True,False,True
342,160,Portugal,2020-08-07,2020-08-14,0.0,7.0,0.0,0.0,False,False,False,False,both_available,False,4,7.0,True,True,False,True,True,True,False,True
343,160,Portugal,2020-08-14,2020-08-21,0.0,7.0,0.0,0.0,False,False,False,False,both_available,False,5,7.0,True,True,False,True,True,True,False,True
344,160,Portugal,2020-08-21,2020-08-28,0.0,7.0,0.0,0.0,False,False,False,False,both_available,False,6,7.0,True,True,False,True,True,True,False,True
345,160,Portugal,2020-08-28,2020-09-04,0.0,7.0,0.0,0.0,False,False,False,False,both_available,False,7,7.0,True,True,False,True,True,True,False,True
346,160,Portugal,2020-09-04,2020-09-11,0.0,7.0,0.0,0.0,False,False,False,False,both_available,False,8,7.0,True,True,False,True,True,True,False,True
347,160,Portugal,2020-09-11,2020-09-17,0.0,6.0,0.0,0.0,False,False,False,False,both_available,False,9,6.0,True,True,False,True,True,True,False,True
348,160,Portugal,2020-09-17,2020-09-25,0.0,8.0,0.0,0.0,False,False,False,False,both_available,False,10,8.0,True,True,False,True,True,True,False,True
349,160,Portugal,2020-10-06,2020-10-13,0.0,7.0,0.0,,False,True,True,False,p2_only_missing,False,11,18.0,True,False,False,True,True,False,False,True
350,160,Portugal,2020-10-23,2020-10-30,0.0,7.0,0.0,,False,True,True,False,p2_only_missing,False,12,17.0,True,False,False,True,True,False,False,True
351,161,Portugal,2020-07-17,2020-07-24,0.0,7.0,,,True,True,True,True,both_missing,False,1,,True,False,True,False,True,False,True,False
352,161,Portugal,2020-07-24,2020-07-31,0.0,7.0,0.0,,False,True,True,False,p2_only_missing,False,2,7.0,True,True,False,True,True,False,True,True
353,161,Portugal,2020-07-31,2020-08-07,0.0,7.0,0.0,0.0,False,False,False,False,both_available,False,3,7.0,True,True,False,True,True,True,False,True
354,161,Portugal,2020-08-07,2020-08-14,0.0,7.0,0.0,0.0,False,False,False,False,both_available,False,4,7.0,True,True,False,True,True,True,False,True
355,161,Portugal,2020-08-14,2020-08-21,0.0,7.0,0.0,0.0,False,False,False,False,both_available,False,5,7.0,True,True,False,True,True,True,False,True
356,161,Portugal,2020-08-21,2020-08-28,0.0,7.0,0.0,0.0,False,False,False,False,both_available,False,6,7.0,True,True,False,True,True,True,False,True
357,161,Portugal,2020-08-28,2020-09-04,0.0,7.0,0.0,0.0,False,False,False,False,both_available,False,7,7.0,True,True,False,True,True,True,False,True
358,161,Portugal,2020-09-04,2020-09-11,0.0,7.0,0.0,0.0,False,False,False,False,both_available,False,8,7.0,True,True,False,True,True,True,False,True
359,161,Portugal,2020-09-11,2020-09-17,0.0,6.0,0.0,0.0,False,False,False,False,both_available,False,9,6.0,True,True,False,True,True,True,False,True
360,161,Portugal,2020-09-17,2020-09-25,0.0,8.0,0.0,0.0,False,False,False,False,both_available,False,10,8.0,True,True,False,True,True,True,False,True
361,161,Portugal,2020-10-06,2020-10-13,0.0,7.0,0.0,,False,True,True,False,p2_only_missing,False,11,18.0,True,False,False,True,True,False,False,True
362,161,Portugal,2020-10-23,2020-10-30,0.0,7.0,0.0,,False,True,True,False,p2_only_missing,False,12,17.0,True,False,False,True,True,False,False,True
363,162,Portugal,2020-07-17,2020-07-24,0.0,7.0,,,True,True,True,True,both_missing,False,1,,True,False,True,False,True,False,True,False
364,162,Portugal,2020-07-24,2020-07-31,0.0,7.0,0.0,,False,True,True,False,p2_only_missing,False,2,7.0,True,True,False,True,True,False,True,True
365,162,Portugal,2020-07-31,2020-08-07,0.0,7.0,0.0,0.0,False,False,False,False,both_available,False,3,7.0,True,True,False,True,True,True,False,True
366,162,Portugal,2020-08-07,2020-08-14,0.0,7.0,0.0,0.0,False,False,False,False,both_available,False,4,7.0,True,True,False,True,True,True,False,True
367,162,Portugal,2020-08-14,2020-08-21,0.0,7.0,0.0,0.0,False,False,False,False,both_available,False,5,7.0,True,True,False,True,True,True,False,True
368,162,Portugal,2020-08-21,2020-08-28,0.0,7.0,0.0,0.0,False,False,False,False,both_available,False,6,7.0,True,True,False,True,True,True,False,True
369,162,Portugal,2020-08-28,2020-09-04,0.0,7.0,0.0,0.0,False,False,False,False,both_available,False,7,7.0,True,True,False,True,True,True,False,True
370,162,Portugal,2020-09-04,2020-09-11,0.0,7.0,0.0,0.0,False,False,False,False,both_available,False,8,7.0,True,True,False,True,True,True,False,True
371,162,Portugal,2020-09-11,2020-09-17,0.0,6.0,0.0,0.0,False,False,False,False,both_available,False,9,6.0,True,True,False,True,True,True,False,True
372,162,Portugal,2020-09-17,2020-09-25,0.0,8.0,0.0,0.0,False,False,False,False,both_available,False,10,8.0,True,True,False,True,True,True,False,True
373,162,Portugal,2020-10-06,2020-10-13,0.0,7.0,0.0,,False,True,True,False,p2_only_missing,False,11,18.0,True,False,False,True,True,False,False,True
374,162,Portugal,2020-10-23,2020-10-30,0.0,7.0,0.0,,False,True,True,False,p2_only_missing,False,12,17.0,True,False,False,True,True,False,False,True
375,163,Portugal,2020-07-17,2020-07-24,0.0,7.0,,,True,True,True,True,both_missing,False,1,,True,False,True,False,True,False,True,False
376,163,Portugal,2020-07-24,2020-07-31,0.0,7.0,0.0,,False,True,True,False,p2_only_missing,False,2,7.0,True,True,False,True,True,False,True,True
377,163,Portugal,2020-07-31,2020-08-07,0.0,7.0,0.0,0.0,False,False,False,False,both_available,False,3,7.0,True,True,False,True,True,True,False,True
378,163,Portugal,2020-08-07,2020-08-14,0.0,7.0,0.0,0.0,False,False,False,False,both_available,False,4,7.0,True,True,False,True,True,True,False,True
379,163,Portugal,2020-08-14,2020-08-21,0.0,7.0,0.0,0.0,False,False,False,False,both_available,False,5,7.0,True,True,False,True,True,True,False,True
380,163,Portugal,2020-08-21,2020-08-28,0.0,7.0,0.0,0.0,False,False,False,False,both_available,False,6,7.0,True,True,False,True,True,True,False,True
381,163,Portugal,2020-08-28,2020-09-04,0.0,7.0,0.0,0.0,False,False,False,False,both_available,False,7,7.0,True,True,False,True,True,True,False,True
382,163,Portugal,2020-09-04,2020-09-11,0.0,7.0,0.0,0.0,False,False,False,False,both_available,False,8,7.0,True,True,False,True,True,True,False,True
383,163,Portugal,2020-09-11,2020-09-17,0.0,6.0,0.0,0.0,False,False,False,False,both_available,False,9,6.0,True,True,False,True,True,True,False,True
384,163,Portugal,2020-09-17,2020-09-25,0.0,8.0,0.0,0.0,False,False,False,False,both_available,False,10,8.0,True,True,False,True,True,True,False,True
385,163,Portugal,2020-10-06,2020-10-13,0.0,7.0,0.0,,False,True,True,False,p2_only_missing,False,11,18.0,True,False,False,True,True,False,False,True
386,163,Portugal,2020-10-23,2020-10-30,0.0,7.0,0.0,,False,True,True,False,p2_only_missing,False,12,17.0,True,False,False,True,True,False,False,True
387,164,Portugal,2020-07-19,2020-07-26,0.0,7.0,,,True,True,True,True,both_missing,False,1,,True,False,True,False,True,False,True,False
388,164,Portugal,2020-07-26,2020-08-02,0.0,7.0,0.0,,False,True,True,False,p2_only_missing,False,2,7.0,True,True,False,True,True,False,True,True
389,164,Portugal,2020-08-02,2020-08-09,0.0,7.0,0.0,0.0,False,False,False,False,both_available,False,3,7.0,True,True,False,True,True,True,False,True
390,164,Portugal,2020-08-09,2020-08-16,0.0,7.0,0.0,0.0,False,False,False,False,both_available,False,4,7.0,True,True,False,True,True,True,False,True
391,164,Portugal,2020-08-16,2020-08-25,0.0,7.0,0.0,0.0,False,False,False,False,both_available,False,5,9.0,True,True,False,True,True,True,False,True
392,164,Portugal,2020-08-25,2020-08-30,0.0,6.0,0.0,0.0,False,False,False,False,both_available,False,6,5.0,True,True,False,True,True,True,False,True
393,164,Portugal,2020-08-30,2020-09-06,0.0,7.0,0.0,0.0,False,False,False,False,both_available,False,7,7.0,True,True,False,True,True,True,False,True
394,164,Portugal,2020-09-06,2020-09-13,0.0,7.0,0.0,0.0,False,False,False,False,both_available,False,8,7.0,True,True,False,True,True,True,False,True
395,164,Portugal,2020-09-13,2020-09-20,0.0,7.0,0.0,0.0,False,False,False,False,both_available,False,9,7.0,True,True,False,True,True,True,False,True
396,164,Portugal,2020-09-20,2020-09-27,0.0,7.0,0.0,0.0,False,False,False,False,both_available,False,10,7.0,True,True,False,True,True,True,False,True
397,164,Portugal,2020-09-27,2020-10-04,0.0,7.0,0.0,0.0,False,False,False,False,both_available,False,11,7.0,True,True,False,True,True,True,False,True
398,164,Portugal,2020-10-04,2020-10-11,0.0,7.0,0.0,0.0,False,False,False,False,both_available,False,12,7.0,True,True,False,True,True,True,False,True
399,164,Portugal,2020-10-11,2020-10-18,0.0,7.0,0.0,0.0,False,False,False,False,both_available,False,13,7.0,True,True,False,True,True,True,False,True
400,164,Portugal,2020-10-18,2020-10-25,0.0,7.0,0.0,0.0,False,False,False,False,both_available,False,14,7.0,True,True,False,True,True,True,False,True
401,164,Portugal,2020-10-25,2020-11-01,0.0,7.0,0.0,0.0,False,False,False,False,both_available,False,15,7.0,True,True,False,True,True,True,False,True
402,165,Portugal,2020-07-19,2020-07-26,0.0,7.0,,,True,True,True,True,both_missing,False,1,,True,False,True,False,True,False,True,False
403,165,Portugal,2020-07-26,2020-08-02,0.0,7.0,0.0,,False,True,True,False,p2_only_missing,False,2,7.0,True,True,False,True,True,False,True,True
404,165,Portugal,2020-08-02,2020-08-09,0.0,7.0,0.0,0.0,False,False,False,False,both_available,False,3,7.0,True,True,False,True,True,True,False,True
405,165,Portugal,2020-08-09,2020-08-16,0.0,7.0,0.0,0.0,False,False,False,False,both_available,False,4,7.0,True,True,False,True,True,True,False,True
406,165,Portugal,2020-08-16,2020-08-25,0.0,7.0,0.0,0.0,False,False,False,False,both_available,False,5,9.0,True,True,False,True,True,True,False,True
407,165,Portugal,2020-08-25,2020-08-30,0.0,6.0,0.0,0.0,False,False,False,False,both_available,False,6,5.0,True,True,False,True,True,True,False,True
408,165,Portugal,2020-08-30,2020-09-06,0.0,7.0,0.0,0.0,False,False,False,False,both_available,False,7,7.0,True,True,False,True,True,True,False,True
409,165,Portugal,2020-09-06,2020-09-13,0.0,7.0,0.0,0.0,False,False,False,False,both_available,False,8,7.0,True,True,False,True,True,True,False,True
410,165,Portugal,2020-09-13,2020-09-20,0.0,7.0,0.0,0.0,False,False,False,False,both_available,False,9,7.0,True,True,False,True,True,True,False,True
411,165,Portugal,2020-09-20,2020-09-27,0.0,7.0,0.0,0.0,False,False,False,False,both_available,False,10,7.0,True,True,False,True,True,True,False,True
412,165,Portugal,2020-09-27,2020-10-04,0.0,7.0,0.0,0.0,False,False,False,False,both_available,False,11,7.0,True,True,False,True,True,True,False,True
413,165,Portugal,2020-10-04,2020-10-11,0.0,7.0,0.0,0.0,False,False,False,False,both_available,False,12,7.0,True,True,False,True,True,True,False,True
414,165,Portugal,2020-10-11,2020-10-18,0.0,7.0,0.0,0.0,False,False,False,False,both_available,False,13,7.0,True,True,False,True,True,True,False,True
415,165,Portugal,2020-10-18,2020-10-25,0.0,7.0,0.0,0.0,False,False,False,False,both_available,False,14,7.0,True,True,False,True,True,True,False,True
416,165,Portugal,2020-10-25,2020-11-01,0.0,7.0,0.0,0.0,False,False,False,False,both_available,False,15,7.0,True,True,False,True,True,True,False,True
417,166,Portugal,2020-07-19,2020-07-26,0.0,7.0,,,True,True,True,True,both_missing,False,1,,True,False,True,False,True,False,True,False
418,166,Portugal,2020-07-26,2020-08-02,0.0,7.0,0.0,,False,True,True,False,p2_only_missing,False,2,7.0,True,True,False,True,True,False,True,True
419,166,Portugal,2020-08-02,2020-08-09,0.0,7.0,0.0,0.0,False,False,False,False,both_available,False,3,7.0,True,True,False,True,True,True,False,True
420,166,Portugal,2020-08-09,2020-08-16,0.0,7.0,0.0,0.0,False,False,False,False,both_available,False,4,7.0,True,True,False,True,True,True,False,True
421,166,Portugal,2020-08-16,2020-08-25,0.0,7.0,0.0,0.0,False,False,False,False,both_available,False,5,9.0,True,True,False,True,True,True,False,True
422,166,Portugal,2020-08-25,2020-08-30,0.0,6.0,0.0,0.0,False,False,False,False,both_available,False,6,5.0,True,True,False,True,True,True,False,True
423,166,Portugal,2020-08-30,2020-09-06,0.0,7.0,0.0,0.0,False,False,False,False,both_available,False,7,7.0,True,True,False,True,True,True,False,True
424,166,Portugal,2020-09-06,2020-09-13,0.0,7.0,0.0,0.0,False,False,False,False,both_available,False,8,7.0,True,True,False,True,True,True,False,True
425,166,Portugal,2020-09-13,2020-09-20,0.0,7.0,0.0,0.0,False,False,False,False,both_available,False,9,7.0,True,True,False,True,True,True,False,True
426,166,Portugal,2020-09-20,2020-09-27,0.0,7.0,0.0,0.0,False,False,False,False,both_available,False,10,7.0,True,True,False,True,True,True,False,True
427,166,Portugal,2020-09-27,2020-10-04,0.0,7.0,0.0,0.0,False,False,False,False,both_available,False,11,7.0,True,True,False,True,True,True,False,True
428,166,Portugal,2020-10-04,2020-10-11,0.0,7.0,0.0,0.0,False,False,False,False,both_available,False,12,7.0,True,True,False,True,True,True,False,True
429,166,Portugal,2020-10-11,2020-10-18,0.0,7.0,0.0,0.0,False,False,False,False,both_available,False,13,7.0,True,True,False,True,True,True,False,True
430,166,Portugal,2020-10-18,2020-10-25,0.0,7.0,0.0,0.0,False,False,False,False,both_available,False,14,7.0,True,True,False,True,True,True,False,True
431,166,Portugal,2020-10-25,2020-11-01,0.0,7.0,0.0,0.0,False,False,False,False,both_available,False,15,7.0,True,True,False,True,True,True,False,True
432,167,Portugal,2020-07-19,2020-07-26,0.0,7.0,,,True,True,True,True,both_missing,False,1,,True,False,True,False,True,False,True,False
433,167,Portugal,2020-07-26,2020-08-02,0.0,7.0,0.0,,False,True,True,False,p2_only_missing,False,2,7.0,True,True,False,True,True,False,True,True
434,167,Portugal,2020-08-02,2020-08-09,0.0,7.0,0.0,0.0,False,False,False,False,both_available,False,3,7.0,True,True,False,True,True,True,False,True
435,167,Portugal,2020-08-09,2020-08-16,0.0,7.0,0.0,0.0,False,False,False,False,both_available,False,4,7.0,True,True,False,True,True,True,False,True
436,167,Portugal,2020-08-16,2020-08-25,0.0,7.0,0.0,0.0,False,False,False,False,both_available,False,5,9.0,True,True,False,True,True,True,False,True
437,167,Portugal,2020-08-25,2020-08-30,0.0,6.0,0.0,0.0,False,False,False,False,both_available,False,6,5.0,True,True,False,True,True,True,False,True
438,167,Portugal,2020-08-30,2020-09-06,0.0,7.0,0.0,0.0,False,False,False,False,both_available,False,7,7.0,True,True,False,True,True,True,False,True
439,167,Portugal,2020-09-06,2020-09-13,0.0,7.0,0.0,0.0,False,False,False,False,both_available,False,8,7.0,True,True,False,True,True,True,False,True
440,167,Portugal,2020-09-13,2020-09-20,0.0,7.0,0.0,0.0,False,False,False,False,both_available,False,9,7.0,True,True,False,True,True,True,False,True
441,167,Portugal,2020-09-20,2020-09-27,0.0,7.0,0.0,0.0,False,False,False,False,both_available,False,10,7.0,True,True,False,True,True,True,False,True
442,167,Portugal,2020-09-27,2020-10-04,0.0,7.0,0.0,0.0,False,False,False,False,both_available,False,11,7.0,True,True,False,True,True,True,False,True
443,167,Portugal,2020-10-04,2020-10-11,0.0,7.0,0.0,0.0,False,False,False,False,both_available,False,12,7.0,True,True,False,True,True,True,False,True
444,167,Portugal,2020-10-11,2020-10-18,0.0,7.0,0.0,0.0,False,False,False,False,both_available,False,13,7.0,True,True,False,True,True,True,False,True
445,167,Portugal,2020-10-18,2020-10-25,0.0,7.0,0.0,0.0,False,False,False,False,both_available,False,14,7.0,True,True,False,True,True,True,False,True
446,167,Portugal,2020-10-25,2020-11-01,0.0,7.0,0.0,0.0,False,False,False,False,both_available,False,15,7.0,True,True,False,True,True,True,False,True
447,168,Portugal,2020-07-19,2020-07-26,0.0,7.0,,,True,True,True,True,both_missing,False,1,,True,False,True,False,True,False,True,False
448,168,Portugal,2020-07-26,2020-08-02,0.0,7.0,0.0,,False,True,True,False,p2_only_missing,False,2,7.0,True,True,False,True,True,False,True,True
449,168,Portugal,2020-08-02,2020-08-09,0.0,7.0,0.0,0.0,False,False,False,False,both_available,False,3,7.0,True,True,False,True,True,True,False,True
450,168,Portugal,2020-08-09,2020-08-16,0.0,7.0,0.0,0.0,False,False,False,False,both_available,False,4,7.0,True,True,False,True,True,True,False,True
451,168,Portugal,2020-08-16,2020-08-24,0.0,7.0,0.0,0.0,False,False,False,False,both_available,False,5,8.0,True,True,False,True,True,True,False,True
452,168,Portugal,2020-08-25,2020-08-30,0.0,6.0,0.0,0.0,False,False,False,False,both_available,False,6,6.0,True,True,False,True,True,True,False,True
453,168,Portugal,2020-08-30,2020-09-06,0.0,7.0,0.0,0.0,False,False,False,False,both_available,False,7,7.0,True,True,False,True,True,True,False,True
454,168,Portugal,2020-09-06,2020-09-13,0.0,7.0,0.0,0.0,False,False,False,False,both_available,False,8,7.0,True,True,False,True,True,True,False,True
455,168,Portugal,2020-09-13,2020-09-20,0.0,7.0,0.0,0.0,False,False,False,False,both_available,False,9,7.0,True,True,False,True,True,True,False,True
456,168,Portugal,2020-09-20,2020-09-27,0.0,7.0,0.0,0.0,False,False,False,False,both_available,False,10,7.0,True,True,False,True,True,True,False,True
457,168,Portugal,2020-09-27,2020-10-04,0.0,7.0,0.0,0.0,False,False,False,False,both_available,False,11,7.0,True,True,False,True,True,True,False,True
458,168,Portugal,2020-10-04,2020-10-11,0.0,7.0,0.0,0.0,False,False,False,False,both_available,False,12,7.0,True,True,False,True,True,True,False,True
459,168,Portugal,2020-10-11,2020-10-18,0.0,7.0,0.0,0.0,False,False,False,False,both_available,False,13,7.0,True,True,False,True,True,True,False,True
460,168,Portugal,2020-10-18,2020-10-25,0.0,7.0,0.0,0.0,False,False,False,False,both_available,False,14,7.0,True,True,False,True,True,True,False,True
461,168,Portugal,2020-10-25,2020-11-01,0.0,7.0,0.0,0.0,False,False,False,False,both_available,False,15,7.0,True,True,False,True,True,True,False,True
462,169,Spain,2020-07-15,2020-07-22,0.0,7.0,,,True,True,True,True,both_missing,False,1,,True,False,True,False,True,False,True,False
463,169,Spain,2020-07-22,2020-07-30,0.0,8.0,0.0,,False,True,True,False,p2_only_missing,False,2,8.0,True,True,False,True,True,False,True,True
464,169,Spain,2020-07-30,2020-08-07,0.0,8.0,0.0,0.0,False,False,False,False,both_available,False,3,8.0,True,True,False,True,True,True,False,True
465,169,Spain,2020-08-07,2020-08-15,0.0,8.0,0.0,0.0,False,False,False,False,both_available,False,4,8.0,True,True,False,True,True,True,False,True
466,169,Spain,2020-08-15,2020-08-22,0.0,7.0,0.0,0.0,False,False,False,False,both_available,False,5,7.0,True,True,False,True,True,True,False,True
467,170,Spain,2020-09-05,2020-09-12,0.0,7.0,,,True,True,True,True,both_missing,False,1,,True,False,True,False,True,False,True,False
468,170,Spain,2020-09-12,2020-09-19,0.0,7.0,0.0,,False,True,True,False,p2_only_missing,False,2,7.0,True,True,False,True,True,False,True,True
469,170,Spain,2020-09-19,2020-09-26,0.0,7.0,0.0,0.0,False,False,False,False,both_available,False,3,7.0,True,True,False,True,True,True,False,True
470,170,Spain,2020-09-26,2020-10-03,0.0,7.0,0.0,0.0,False,False,False,False,both_available,False,4,7.0,True,True,False,True,True,True,False,True
471,170,Spain,2020-10-03,2020-10-10,0.0,7.0,0.0,0.0,False,False,False,False,both_available,False,5,7.0,True,True,False,True,True,True,False,True
472,170,Spain,2020-10-10,2020-10-17,0.0,7.0,0.0,0.0,False,False,False,False,both_available,False,6,7.0,True,True,False,True,True,True,False,True
473,170,Spain,2020-10-17,2020-10-24,0.0,7.0,0.0,0.0,False,False,False,False,both_available,False,7,7.0,True,True,False,True,True,True,False,True
474,171,Spain,2020-07-15,2020-07-22,0.0,7.0,,,True,True,True,True,both_missing,False,1,,True,False,True,False,True,False,True,False
475,171,Spain,2020-07-22,2020-07-30,0.0,8.0,0.0,,False,True,True,False,p2_only_missing,False,2,8.0,True,True,False,True,True,False,True,True
476,171,Spain,2020-07-30,2020-08-07,0.0,8.0,0.0,0.0,False,False,False,False,both_available,False,3,8.0,True,True,False,True,True,True,False,True
477,171,Spain,2020-08-07,2020-08-15,0.0,8.0,0.0,0.0,False,False,False,False,both_available,False,4,8.0,True,True,False,True,True,True,False,True
478,171,Spain,2020-08-15,2020-08-22,0.0,7.0,0.0,0.0,False,False,False,False,both_available,False,5,7.0,True,True,False,True,True,True,False,True
479,171,Spain,2020-08-22,2020-08-29,0.0,7.0,0.0,0.0,False,False,False,False,both_available,False,6,7.0,True,True,False,True,True,True,False,True
480,172,Spain,2020-08-29,2020-09-05,0.0,7.0,,,True,True,True,True,both_missing,False,1,,True,False,True,False,True,False,True,False
481,172,Spain,2020-09-05,2020-09-12,0.0,7.0,0.0,,False,True,True,False,p2_only_missing,False,2,7.0,True,True,False,True,True,False,True,True
482,172,Spain,2020-09-12,2020-09-19,0.0,7.0,0.0,0.0,False,False,False,False,both_available,False,3,7.0,True,True,False,True,True,True,False,True
483,172,Spain,2020-09-19,2020-09-26,0.0,7.0,0.0,0.0,False,False,False,False,both_available,False,4,7.0,True,True,False,True,True,True,False,True
484,172,Spain,2020-09-26,2020-10-03,0.0,7.0,0.0,0.0,False,False,False,False,both_available,False,5,7.0,True,True,False,True,True,True,False,True
485,172,Spain,2020-10-03,2020-10-10,0.0,7.0,0.0,0.0,False,False,False,False,both_available,False,6,7.0,True,True,False,True,True,True,False,True
486,172,Spain,2020-10-10,2020-10-17,0.0,7.0,0.0,0.0,False,False,False,False,both_available,False,7,7.0,True,True,False,True,True,True,False,True
487,172,Spain,2020-10-17,2020-10-24,0.0,7.0,0.0,0.0,False,False,False,False,both_available,False,8,7.0,True,True,False,True,True,True,False,True
488,173,Spain,2020-08-29,2020-09-05,0.0,7.0,,,True,True,True,True,both_missing,False,1,,True,False,True,False,True,False,True,False
489,173,Spain,2020-09-05,2020-09-12,0.0,7.0,0.0,,False,True,True,False,p2_only_missing,False,2,7.0,True,True,False,True,True,False,True,True
490,173,Spain,2020-09-12,2020-09-19,0.0,7.0,0.0,0.0,False,False,False,False,both_available,False,3,7.0,True,True,False,True,True,True,False,True
491,173,Spain,2020-09-19,2020-09-26,0.0,7.0,0.0,0.0,False,False,False,False,both_available,False,4,7.0,True,True,False,True,True,True,False,True
492,173,Spain,2020-09-26,2020-10-03,0.0,7.0,0.0,0.0,False,False,False,False,both_available,False,5,7.0,True,True,False,True,True,True,False,True
493,173,Spain,2020-10-03,2020-10-10,0.0,7.0,0.0,0.0,False,False,False,False,both_available,False,6,7.0,True,True,False,True,True,True,False,True
494,173,Spain,2020-10-10,2020-10-17,0.0,7.0,0.0,0.0,False,False,False,False,both_available,False,7,7.0,True,True,False,True,True,True,False,True
495,173,Spain,2020-10-17,2020-10-24,0.0,7.0,0.0,0.0,False,False,False,False,both_available,False,8,7.0,True,True,False,True,True,True,False,True
496,174,Spain,2020-07-15,2020-07-22,0.0,7.0,,,True,True,True,True,both_missing,False,1,,True,False,True,False,True,False,True,False
497,174,Spain,2020-07-22,2020-07-30,0.0,8.0,0.0,,False,True,True,False,p2_only_missing,False,2,8.0,True,True,False,True,True,False,True,True
498,174,Spain,2020-07-30,2020-08-07,0.0,8.0,0.0,0.0,False,False,False,False,both_available,False,3,8.0,True,True,False,True,True,True,False,True
499,174,Spain,2020-08-07,2020-08-15,0.0,8.0,0.0,0.0,False,False,False,False,both_available,False,4,8.0,True,True,False,True,True,True,False,True
500,174,Spain,2020-08-15,2020-08-22,0.0,7.0,0.0,0.0,False,False,False,False,both_available,False,5,7.0,True,True,False,True,True,True,False,True
501,174,Spain,2020-08-22,2020-08-29,0.0,7.0,0.0,0.0,False,False,False,False,both_available,False,6,7.0,True,True,False,True,True,True,False,True
502,175,Spain,2020-08-29,2020-09-05,0.0,7.0,,,True,True,True,True,both_missing,False,1,,True,False,True,False,True,False,True,False
503,175,Spain,2020-09-05,2020-09-12,0.0,7.0,0.0,,False,True,True,False,p2_only_missing,False,2,7.0,True,True,False,True,True,False,True,True
504,175,Spain,2020-09-12,2020-09-19,0.0,7.0,0.0,0.0,False,False,False,False,both_available,False,3,7.0,True,True,False,True,True,True,False,True
505,175,Spain,2020-09-19,2020-09-26,0.0,7.0,0.0,0.0,False,False,False,False,both_available,False,4,7.0,True,True,False,True,True,True,False,True
506,175,Spain,2020-09-26,2020-10-03,0.0,7.0,0.0,0.0,False,False,False,False,both_available,False,5,7.0,True,True,False,True,True,True,False,True
507,175,Spain,2020-10-03,2020-10-10,0.0,7.0,0.0,0.0,False,False,False,False,both_available,False,6,7.0,True,True,False,True,True,True,False,True
508,175,Spain,2020-10-10,2020-10-17,0.0,7.0,0.0,0.0,False,False,False,False,both_available,False,7,7.0,True,True,False,True,True,True,False,True
509,176,Spain,2020-07-15,2020-07-22,0.0,7.0,,,True,True,True,True,both_missing,False,1,,True,False,True,False,True,False,True,False
510,176,Spain,2020-07-22,2020-07-30,0.0,8.0,0.0,,False,True,True,False,p2_only_missing,False,2,8.0,True,True,False,True,True,False,True,True
511,176,Spain,2020-07-30,2020-08-07,0.0,8.0,0.0,0.0,False,False,False,False,both_available,False,3,8.0,True,True,False,True,True,True,False,True
512,176,Spain,2020-08-07,2020-08-15,0.0,8.0,0.0,0.0,False,False,False,False,both_available,False,4,8.0,True,True,False,True,True,True,False,True
513,176,Spain,2020-08-15,2020-08-22,0.0,7.0,0.0,0.0,False,False,False,False,both_available,False,5,7.0,True,True,False,True,True,True,False,True
514,176,Spain,2020-08-22,2020-08-29,0.0,7.0,0.0,0.0,False,False,False,False,both_available,False,6,7.0,True,True,False,True,True,True,False,True
515,177,Spain,2020-08-29,2020-09-05,0.0,7.0,,,True,True,True,True,both_missing,False,1,,True,False,True,False,True,False,True,False
516,177,Spain,2020-09-05,2020-09-12,0.0,7.0,0.0,,False,True,True,False,p2_only_missing,False,2,7.0,True,True,False,True,True,False,True,True
517,177,Spain,2020-09-12,2020-09-19,0.0,7.0,0.0,0.0,False,False,False,False,both_available,False,3,7.0,True,True,False,True,True,True,False,True
518,177,Spain,2020-09-19,2020-09-26,0.0,7.0,0.0,0.0,False,False,False,False,both_available,False,4,7.0,True,True,False,True,True,True,False,True
519,177,Spain,2020-09-26,2020-10-03,0.0,7.0,0.0,0.0,False,False,False,False,both_available,False,5,7.0,True,True,False,True,True,True,False,True
520,177,Spain,2020-10-03,2020-10-10,0.0,7.0,0.0,0.0,False,False,False,False,both_available,False,6,7.0,True,True,False,True,True,True,False,True
521,177,Spain,2020-10-10,2020-10-17,0.0,7.0,0.0,0.0,False,False,False,False,both_available,False,7,7.0,True,True,False,True,True,True,False,True
522,177,Spain,2020-10-17,2020-10-24,0.0,7.0,0.0,0.0,False,False,False,False,both_available,False,8,7.0,True,True,False,True,True,True,False,True
523,178,Spain,2020-07-15,2020-07-22,0.0,7.0,,,True,True,True,True,both_missing,False,1,,True,False,True,False,True,False,True,False
524,178,Spain,2020-07-22,2020-07-30,0.0,8.0,0.0,,False,True,True,False,p2_only_missing,False,2,8.0,True,True,False,True,True,False,True,True
525,178,Spain,2020-07-30,2020-08-07,0.0,8.0,0.0,0.0,False,False,False,False,both_available,False,3,8.0,True,True,False,True,True,True,False,True
526,178,Spain,2020-08-07,2020-08-15,0.0,8.0,0.0,0.0,False,False,False,False,both_available,False,4,8.0,True,True,False,True,True,True,False,True
527,178,Spain,2020-08-15,2020-08-22,0.0,7.0,0.0,0.0,False,False,False,False,both_available,False,5,7.0,True,True,False,True,True,True,False,True
528,178,Spain,2020-08-22,2020-08-29,0.0,7.0,0.0,0.0,False,False,False,False,both_available,False,6,7.0,True,True,False,True,True,True,False,True
529,179,Spain,2020-07-14,2020-07-21,0.0,7.0,,,True,True,True,True,both_missing,False,1,,True,False,True,False,True,False,True,False
530,179,Spain,2020-07-21,2020-07-29,0.0,8.0,0.0,,False,True,True,False,p2_only_missing,False,2,8.0,True,True,False,True,True,False,True,True
531,179,Spain,2020-08-07,2020-08-15,0.0,8.0,0.0,0.0,False,False,False,False,both_available,False,3,17.0,True,False,False,True,True,True,False,True
532,179,Spain,2020-08-15,2020-08-22,0.0,7.0,0.0,0.0,False,False,False,False,both_available,False,4,7.0,True,True,False,True,True,False,False,True
533,179,Spain,2020-08-22,2020-08-29,0.0,7.0,0.0,0.0,False,False,False,False,both_available,False,5,7.0,True,True,False,True,True,True,False,True
534,180,Spain,2020-08-29,2020-09-05,0.0,7.0,,,True,True,True,True,both_missing,False,1,,True,False,True,False,True,False,True,False
535,180,Spain,2020-09-05,2020-09-12,0.0,7.0,0.0,,False,True,True,False,p2_only_missing,False,2,7.0,True,True,False,True,True,False,True,True
536,180,Spain,2020-09-12,2020-09-19,0.0,7.0,0.0,0.0,False,False,False,False,both_available,False,3,7.0,True,True,False,True,True,True,False,True
537,180,Spain,2020-09-19,2020-09-26,0.0,7.0,0.0,0.0,False,False,False,False,both_available,False,4,7.0,True,True,False,True,True,True,False,True
538,180,Spain,2020-09-26,2020-10-03,0.0,7.0,0.0,0.0,False,False,False,False,both_available,False,5,7.0,True,True,False,True,True,True,False,True
539,180,Spain,2020-10-03,2020-10-10,0.0,7.0,0.0,0.0,False,False,False,False,both_available,False,6,7.0,True,True,False,True,True,True,False,True
540,180,Spain,2020-10-10,2020-10-17,0.0,7.0,0.0,0.0,False,False,False,False,both_available,False,7,7.0,True,True,False,True,True,True,False,True
541,180,Spain,2020-10-17,2020-10-24,0.0,7.0,0.0,0.0,False,False,False,False,both_available,False,8,7.0,True,True,False,True,True,True,False,True
542,181,Spain,2020-08-29,2020-09-05,0.0,7.0,,,True,True,True,True,both_missing,False,1,,True,False,True,False,True,False,True,False
543,181,Spain,2020-09-05,2020-09-12,0.0,7.0,0.0,,False,True,True,False,p2_only_missing,False,2,7.0,True,True,False,True,True,False,True,True
544,181,Spain,2020-09-12,2020-09-19,0.0,7.0,0.0,0.0,False,False,False,False,both_available,False,3,7.0,True,True,False,True,True,True,False,True
545,181,Spain,2020-09-19,2020-09-26,0.0,7.0,0.0,0.0,False,False,False,False,both_available,False,4,7.0,True,True,False,True,True,True,False,True
546,181,Spain,2020-09-26,2020-10-03,0.0,7.0,0.0,0.0,False,False,False,False,both_available,False,5,7.0,True,True,False,True,True,True,False,True
547,181,Spain,2020-10-03,2020-10-10,0.0,7.0,0.0,0.0,False,False,False,False,both_available,False,6,7.0,True,True,False,True,True,True,False,True
548,181,Spain,2020-10-10,2020-10-17,0.0,7.0,0.0,0.0,False,False,False,False,both_available,False,7,7.0,True,True,False,True,True,True,False,True
549,181,Spain,2020-10-17,2020-10-24,0.0,7.0,0.0,0.0,False,False,False,False,both_available,False,8,7.0,True,True,False,True,True,True,False,True
550,182,Spain,2020-07-14,2020-07-21,0.0,7.0,,,True,True,True,True,both_missing,False,1,,True,False,True,False,True,False,True,False
551,182,Spain,2020-07-21,2020-07-29,0.0,8.0,0.0,,False,True,True,False,p2_only_missing,False,2,8.0,True,True,False,True,True,False,True,True
552,182,Spain,2020-08-07,2020-08-15,0.0,8.0,0.0,0.0,False,False,False,False,both_available,False,3,17.0,True,False,False,True,True,True,False,True
553,182,Spain,2020-08-15,2020-08-22,0.0,7.0,0.0,0.0,False,False,False,False,both_available,False,4,7.0,True,True,False,True,True,False,False,True
554,182,Spain,2020-08-22,2020-08-29,0.0,7.0,0.0,0.0,False,False,False,False,both_available,False,5,7.0,True,True,False,True,True,True,False,True
555,183,Spain,2020-07-14,2020-07-21,0.0,7.0,,,True,True,True,True,both_missing,False,1,,True,False,True,False,True,False,True,False
556,183,Spain,2020-07-21,2020-07-29,0.0,8.0,0.0,,False,True,True,False,p2_only_missing,False,2,8.0,True,True,False,True,True,False,True,True
557,183,Spain,2020-08-07,2020-08-15,0.0,8.0,0.0,0.0,False,False,False,False,both_available,False,3,17.0,True,False,False,True,True,True,False,True
558,183,Spain,2020-08-15,2020-08-22,0.0,7.0,0.0,0.0,False,False,False,False,both_available,False,4,7.0,True,True,False,True,True,False,False,True
559,183,Spain,2020-08-22,2020-08-29,0.0,7.0,0.0,0.0,False,False,False,False,both_available,False,5,7.0,True,True,False,True,True,True,False,True
560,184,Spain,2020-08-29,2020-09-05,0.0,7.0,,,True,True,True,True,both_missing,False,1,,True,False,True,False,True,False,True,False
561,184,Spain,2020-09-05,2020-09-12,0.0,7.0,0.0,,False,True,True,False,p2_only_missing,False,2,7.0,True,True,False,True,True,False,True,True
562,184,Spain,2020-09-12,2020-09-19,0.0,7.0,0.0,0.0,False,False,False,False,both_available,False,3,7.0,True,True,False,True,True,True,False,True
563,184,Spain,2020-09-19,2020-09-26,0.0,7.0,0.0,0.0,False,False,False,False,both_available,False,4,7.0,True,True,False,True,True,True,False,True
564,184,Spain,2020-09-26,2020-10-03,0.0,7.0,0.0,0.0,False,False,False,False,both_available,False,5,7.0,True,True,False,True,True,True,False,True
565,184,Spain,2020-10-03,2020-10-10,0.0,7.0,0.0,0.0,False,False,False,False,both_available,False,6,7.0,True,True,False,True,True,True,False,True
566,184,Spain,2020-10-10,2020-10-17,0.0,7.0,0.0,0.0,False,False,False,False,both_available,False,7,7.0,True,True,False,True,True,True,False,True
567,184,Spain,2020-10-17,2020-10-24,0.0,7.0,0.0,0.0,False,False,False,False,both_available,False,8,7.0,True,True,False,True,True,True,False,True
568,185,Spain,2020-08-29,2020-09-05,0.0,7.0,,,True,True,True,True,both_missing,False,1,,True,False,True,False,True,False,True,False
569,185,Spain,2020-09-05,2020-09-12,0.0,7.0,0.0,,False,True,True,False,p2_only_missing,False,2,7.0,True,True,False,True,True,False,True,True
570,185,Spain,2020-09-12,2020-09-19,0.0,7.0,0.0,0.0,False,False,False,False,both_available,False,3,7.0,True,True,False,True,True,True,False,True
571,185,Spain,2020-09-19,2020-09-26,0.0,7.0,0.0,0.0,False,False,False,False,both_available,False,4,7.0,True,True,False,True,True,True,False,True
572,185,Spain,2020-09-26,2020-10-03,0.0,7.0,0.0,0.0,False,False,False,False,both_available,False,5,7.0,True,True,False,True,True,True,False,True
573,186,Spain,2020-07-14,2020-07-21,0.0,7.0,,,True,True,True,True,both_missing,False,1,,True,False,True,False,True,False,True,False
574,186,Spain,2020-07-21,2020-07-29,0.0,8.0,0.0,,False,True,True,False,p2_only_missing,False,2,8.0,True,True,False,True,True,False,True,True
575,186,Spain,2020-08-07,2020-08-15,0.0,8.0,0.0,0.0,False,False,False,False,both_available,False,3,17.0,True,False,False,True,True,True,False,True
576,186,Spain,2020-08-15,2020-08-22,0.0,7.0,0.0,0.0,False,False,False,False,both_available,False,4,7.0,True,True,False,True,True,False,False,True
577,186,Spain,2020-08-22,2020-08-29,0.0,7.0,0.0,0.0,False,False,False,False,both_available,False,5,7.0,True,True,False,True,True,True,False,True
578,187,Spain,2020-08-29,2020-09-05,0.0,7.0,,,True,True,True,True,both_missing,False,1,,True,False,True,False,True,False,True,False
579,187,Spain,2020-09-05,2020-09-12,0.0,7.0,0.0,,False,True,True,False,p2_only_missing,False,2,7.0,True,True,False,True,True,False,True,True
580,187,Spain,2020-09-12,2020-09-19,0.0,7.0,0.0,0.0,False,False,False,False,both_available,False,3,7.0,True,True,False,True,True,True,False,True
581,187,Spain,2020-09-19,2020-09-26,0.0,7.0,0.0,0.0,False,False,False,False,both_available,False,4,7.0,True,True,False,True,True,True,False,True
582,187,Spain,2020-09-26,2020-10-03,0.0,7.0,0.0,0.0,False,False,False,False,both_available,False,5,7.0,True,True,False,True,True,True,False,True
583,187,Spain,2020-10-03,2020-10-10,0.0,7.0,0.0,0.0,False,False,False,False,both_available,False,6,7.0,True,True,False,True,True,True,False,True
584,187,Spain,2020-10-10,2020-10-17,0.0,7.0,0.0,0.0,False,False,False,False,both_available,False,7,7.0,True,True,False,True,True,True,False,True
585,188,Spain,2020-07-14,2020-07-21,0.0,7.0,,,True,True,True,True,both_missing,False,1,,True,False,True,False,True,False,True,False
586,188,Spain,2020-07-21,2020-07-29,0.0,8.0,0.0,,False,True,True,False,p2_only_missing,False,2,8.0,True,True,False,True,True,False,True,True
587,188,Spain,2020-08-07,2020-08-15,0.0,8.0,0.0,0.0,False,False,False,False,both_available,False,3,17.0,True,False,False,True,True,True,False,True
588,188,Spain,2020-08-15,2020-08-22,0.0,7.0,0.0,0.0,False,False,False,False,both_available,False,4,7.0,True,True,False,True,True,False,False,True
589,188,Spain,2020-08-22,2020-08-29,0.0,7.0,0.0,0.0,False,False,False,False,both_available,False,5,7.0,True,True,False,True,True,True,False,True
590,189,Spain,2020-08-29,2020-09-05,0.0,7.0,,,True,True,True,True,both_missing,False,1,,True,False,True,False,True,False,True,False
591,189,Spain,2020-09-26,2020-10-03,0.0,7.0,,,True,True,True,True,both_missing,False,2,28.0,True,False,False,True,True,False,False,True
592,189,Spain,2020-10-03,2020-10-10,0.0,7.0,0.0,,False,True,True,False,p2_only_missing,False,3,7.0,True,True,False,True,True,False,False,True
593,189,Spain,2020-10-10,2020-10-17,0.0,7.0,0.0,0.0,False,False,False,False,both_available,False,4,7.0,True,True,False,True,True,True,False,True
594,189,Spain,2020-10-17,2020-10-24,0.0,7.0,0.0,0.0,False,False,False,False,both_available,False,5,7.0,True,True,False,True,True,True,False,True
595,190,Spain,2020-07-14,2020-07-21,0.0,7.0,,,True,True,True,True,both_missing,False,1,,True,False,True,False,True,False,True,False
596,190,Spain,2020-07-21,2020-07-29,0.0,8.0,0.0,,False,True,True,False,p2_only_missing,False,2,8.0,True,True,False,True,True,False,True,True
597,190,Spain,2020-08-07,2020-08-15,0.0,8.0,0.0,0.0,False,False,False,False,both_available,False,3,17.0,True,False,False,True,True,True,False,True
598,190,Spain,2020-08-15,2020-08-22,0.0,7.0,0.0,0.0,False,False,False,False,both_available,False,4,7.0,True,True,False,True,True,False,False,True
599,191,Spain,2020-08-29,2020-09-05,0.0,7.0,,,True,True,True,True,both_missing,False,1,,True,False,True,False,True,False,True,False
600,191,Spain,2020-09-05,2020-09-12,0.0,7.0,0.0,,False,True,True,False,p2_only_missing,False,2,7.0,True,True,False,True,True,False,True,True
601,191,Spain,2020-09-12,2020-09-19,0.0,7.0,0.0,0.0,False,False,False,False,both_available,False,3,7.0,True,True,False,True,True,True,False,True
602,191,Spain,2020-09-19,2020-09-26,0.0,7.0,0.0,0.0,False,False,False,False,both_available,False,4,7.0,True,True,False,True,True,True,False,True
603,191,Spain,2020-09-26,2020-10-03,0.0,7.0,0.0,0.0,False,False,False,False,both_available,False,5,7.0,True,True,False,True,True,True,False,True
604,191,Spain,2020-10-10,2020-10-17,0.0,7.0,,0.0,True,False,True,False,p1_only_missing,False,6,14.0,True,False,False,True,True,True,False,True
605,191,Spain,2020-10-17,2020-10-24,0.0,7.0,0.0,,False,True,True,False,p2_only_missing,False,7,7.0,True,True,False,True,True,False,False,True
606,192,Spain,2020-07-14,2020-07-21,0.0,7.0,,,True,True,True,True,both_missing,False,1,,True,False,True,False,True,False,True,False
607,192,Spain,2020-07-21,2020-07-29,0.0,8.0,0.0,,False,True,True,False,p2_only_missing,False,2,8.0,True,True,False,True,True,False,True,True
608,192,Spain,2020-08-07,2020-08-15,0.0,8.0,0.0,0.0,False,False,False,False,both_available,False,3,17.0,True,False,False,True,True,True,False,True
609,192,Spain,2020-08-15,2020-08-22,0.0,7.0,0.0,0.0,False,False,False,False,both_available,False,4,7.0,True,True,False,True,True,False,False,True
610,193,Spain,2020-07-14,2020-07-21,0.0,7.0,,,True,True,True,True,both_missing,False,1,,True,False,True,False,True,False,True,False
611,193,Spain,2020-07-21,2020-07-29,0.0,8.0,0.0,,False,True,True,False,p2_only_missing,False,2,8.0,True,True,False,True,True,False,True,True
612,193,Spain,2020-08-07,2020-08-15,0.0,8.0,0.0,0.0,False,False,False,False,both_available,False,3,17.0,True,False,False,True,True,True,False,True
613,193,Spain,2020-08-15,2020-08-22,0.0,7.0,0.0,0.0,False,False,False,False,both_available,False,4,7.0,True,True,False,True,True,False,False,True
614,194,Spain,2020-09-05,2020-09-12,0.0,7.0,,,True,True,True,True,both_missing,False,1,,True,False,True,False,True,False,True,False
615,194,Spain,2020-09-12,2020-09-19,0.0,7.0,0.0,,False,True,True,False,p2_only_missing,False,2,7.0,True,True,False,True,True,False,True,True
616,194,Spain,2020-09-19,2020-09-26,0.0,7.0,0.0,0.0,False,False,False,False,both_available,False,3,7.0,True,True,False,True,True,True,False,True
617,194,Spain,2020-09-26,2020-10-03,0.0,7.0,0.0,0.0,False,False,False,False,both_available,False,4,7.0,True,True,False,True,True,True,False,True
618,194,Spain,2020-10-03,2020-10-10,0.0,7.0,0.0,0.0,False,False,False,False,both_available,False,5,7.0,True,True,False,True,True,True,False,True
619,194,Spain,2020-10-10,2020-10-17,0.0,7.0,0.0,0.0,False,False,False,False,both_available,False,6,7.0,True,True,False,True,True,True,False,True
620,194,Spain,2020-10-17,2020-10-24,0.0,7.0,0.0,0.0,False,False,False,False,both_available,False,7,7.0,True,True,False,True,True,True,False,True
621,195,Spain,2020-08-29,2020-09-05,0.0,7.0,,,True,True,True,True,both_missing,False,1,,True,False,True,False,True,False,True,False
622,195,Spain,2020-09-05,2020-09-12,0.0,7.0,0.0,,False,True,True,False,p2_only_missing,False,2,7.0,True,True,False,True,True,False,True,True
623,195,Spain,2020-09-19,2020-09-26,0.0,7.0,,0.0,True,False,True,False,p1_only_missing,False,3,14.0,True,False,False,True,True,True,False,True
624,195,Spain,2020-10-17,2020-10-24,0.0,7.0,,,True,True,True,True,both_missing,False,4,28.0,True,False,False,True,True,False,False,True
625,196,Spain,2020-07-14,2020-07-21,0.0,7.0,,,True,True,True,True,both_missing,False,1,,True,False,True,False,True,False,True,False
626,196,Spain,2020-07-21,2020-07-29,0.0,8.0,0.0,,False,True,True,False,p2_only_missing,False,2,8.0,True,True,False,True,True,False,True,True
627,196,Spain,2020-08-07,2020-08-15,0.0,8.0,0.0,0.0,False,False,False,False,both_available,False,3,17.0,True,False,False,True,True,True,False,True
628,196,Spain,2020-08-15,2020-08-22,0.0,7.0,0.0,0.0,False,False,False,False,both_available,False,4,7.0,True,True,False,True,True,False,False,True
629,197,Spain,2020-07-14,2020-07-21,0.0,7.0,,,True,True,True,True,both_missing,False,1,,True,False,True,False,True,False,True,False
630,197,Spain,2020-07-21,2020-07-29,0.0,8.0,0.0,,False,True,True,False,p2_only_missing,False,2,8.0,True,True,False,True,True,False,True,True
631,197,Spain,2020-08-07,2020-08-15,0.0,8.0,0.0,0.0,False,False,False,False,both_available,False,3,17.0,True,False,False,True,True,True,False,True
632,197,Spain,2020-08-15,2020-08-22,0.0,7.0,0.0,0.0,False,False,False,False,both_available,False,4,7.0,True,True,False,True,True,False,False,True
633,197,Spain,2020-08-22,2020-08-29,0.0,7.0,0.0,0.0,False,False,False,False,both_available,False,5,7.0,True,True,False,True,True,True,False,True
634,198,Spain,2020-08-29,2020-09-05,0.0,7.0,,,True,True,True,True,both_missing,False,1,,True,False,True,False,True,False,True,False
635,198,Spain,2020-09-05,2020-09-12,0.0,7.0,0.0,,False,True,True,False,p2_only_missing,False,2,7.0,True,True,False,True,True,False,True,True
636,198,Spain,2020-09-26,2020-10-03,0.0,7.0,,,True,True,True,True,both_missing,False,3,21.0,True,False,False,True,True,False,False,True
637,198,Spain,2020-10-10,2020-10-17,0.0,7.0,,0.0,True,False,True,False,p1_only_missing,False,4,14.0,True,False,False,True,True,True,False,True
638,198,Spain,2020-10-17,2020-10-24,0.0,7.0,0.0,,False,True,True,False,p2_only_missing,False,5,7.0,True,True,False,True,True,False,False,True
639,216,Spain,2020-07-21,2020-07-28,9.0,7.0,,,True,True,True,True,both_missing,True,1,,True,False,True,False,True,False,True,False
640,216,Spain,2020-07-28,2020-08-04,99.0,7.0,9.0,,False,True,True,False,p2_only_missing,True,2,7.0,True,True,False,True,True,False,True,True
641,216,Spain,2020-08-04,2020-08-11,66.0,7.0,99.0,9.0,False,False,False,False,both_available,True,3,7.0,True,True,False,True,True,True,False,True
642,216,Spain,2020-08-11,2020-08-18,18.0,7.0,66.0,99.0,False,False,False,False,both_available,True,4,7.0,True,True,False,True,True,True,False,True
643,216,Spain,2020-08-18,2020-08-25,43.0,7.0,18.0,66.0,False,False,False,False,both_available,True,5,7.0,True,True,False,True,True,True,False,True
644,216,Spain,2020-08-25,2020-09-01,31.0,7.0,43.0,18.0,False,False,False,False,both_available,True,6,7.0,True,True,False,True,True,True,False,True
645,216,Spain,2020-09-01,2020-09-08,0.0,7.0,31.0,43.0,False,False,False,False,both_available,False,7,7.0,True,True,False,True,True,True,False,True
646,216,Spain,2020-09-08,2020-09-15,16.0,7.0,0.0,31.0,False,False,False,False,both_available,True,8,7.0,True,True,False,True,True,True,False,True
647,216,Spain,2020-09-15,2020-09-21,25.666666666666668,6.0,16.0,0.0,False,False,False,False,both_available,True,9,6.0,True,True,False,True,True,True,False,True
648,216,Spain,2020-09-21,2020-09-29,219.625,8.0,25.666666666666668,16.0,False,False,False,False,both_available,True,10,8.0,True,True,False,True,True,True,False,True
649,216,Spain,2020-09-29,2020-10-06,6.0,7.0,219.625,25.666666666666668,False,False,False,False,both_available,True,11,7.0,True,True,False,True,True,True,False,True
650,216,Spain,2020-10-06,2020-10-13,0.0,7.0,6.0,219.625,False,False,False,False,both_available,False,12,7.0,True,True,False,True,True,True,False,True
651,216,Spain,2020-10-13,2020-10-20,0.0,7.0,0.0,6.0,False,False,False,False,both_available,False,13,7.0,True,True,False,True,True,True,False,True
652,216,Spain,2020-10-20,2020-10-27,62.0,7.0,0.0,0.0,False,False,False,False,both_available,True,14,7.0,True,True,False,True,True,True,False,True
653,216,Spain,2020-10-27,2020-11-03,3.0,7.0,62.0,0.0,False,False,False,False,both_available,True,15,7.0,True,True,False,True,True,True,False,True
654,216,Spain,2020-11-03,2020-11-10,28.0,7.0,3.0,62.0,False,False,False,False,both_available,True,16,7.0,True,True,False,True,True,True,False,True
655,217,Spain,2020-07-21,2020-07-28,0.0,7.0,,,True,True,True,True,both_missing,False,1,,True,False,True,False,True,False,True,False
656,217,Spain,2020-07-28,2020-08-04,0.0,7.0,0.0,,False,True,True,False,p2_only_missing,False,2,7.0,True,True,False,True,True,False,True,True
657,217,Spain,2020-08-04,2020-08-11,0.0,7.0,0.0,0.0,False,False,False,False,both_available,False,3,7.0,True,True,False,True,True,True,False,True
658,217,Spain,2020-08-11,2020-08-18,0.0,7.0,0.0,0.0,False,False,False,False,both_available,False,4,7.0,True,True,False,True,True,True,False,True
659,217,Spain,2020-08-18,2020-08-25,7.0,7.0,0.0,0.0,False,False,False,False,both_available,True,5,7.0,True,True,False,True,True,True,False,True
660,217,Spain,2020-08-25,2020-09-01,0.0,7.0,7.0,0.0,False,False,False,False,both_available,False,6,7.0,True,True,False,True,True,True,False,True
661,217,Spain,2020-09-01,2020-09-08,0.0,7.0,0.0,7.0,False,False,False,False,both_available,False,7,7.0,True,True,False,True,True,True,False,True
662,217,Spain,2020-09-08,2020-09-15,4.0,7.0,0.0,0.0,False,False,False,False,both_available,True,8,7.0,True,True,False,True,True,True,False,True
663,217,Spain,2020-09-15,2020-09-21,0.0,6.0,4.0,0.0,False,False,False,False,both_available,False,9,6.0,True,True,False,True,True,True,False,True
664,217,Spain,2020-09-21,2020-09-29,0.0,8.0,0.0,4.0,False,False,False,False,both_available,False,10,8.0,True,True,False,True,True,True,False,True
665,217,Spain,2020-09-29,2020-10-06,20.0,7.0,0.0,0.0,False,False,False,False,both_available,True,11,7.0,True,True,False,True,True,True,False,True
666,217,Spain,2020-10-06,2020-10-13,1.0,7.0,20.0,0.0,False,False,False,False,both_available,True,12,7.0,True,True,False,True,True,True,False,True
667,217,Spain,2020-10-13,2020-10-20,2.0,7.0,1.0,20.0,False,False,False,False,both_available,True,13,7.0,True,True,False,True,True,True,False,True
668,217,Spain,2020-10-20,2020-10-27,0.0,7.0,2.0,1.0,False,False,False,False,both_available,False,14,7.0,True,True,False,True,True,True,False,True
669,217,Spain,2020-10-27,2020-11-03,0.0,7.0,0.0,2.0,False,False,False,False,both_available,False,15,7.0,True,True,False,True,True,True,False,True
670,217,Spain,2020-11-03,2020-11-10,0.0,7.0,0.0,0.0,False,False,False,False,both_available,False,16,7.0,True,True,False,True,True,True,False,True
671,218,Spain,2020-07-21,2020-07-28,0.0,7.0,,,True,True,True,True,both_missing,False,1,,True,False,True,False,True,False,True,False
672,218,Spain,2020-07-28,2020-08-04,29.0,7.0,0.0,,False,True,True,False,p2_only_missing,True,2,7.0,True,True,False,True,True,False,True,True
673,218,Spain,2020-08-04,2020-08-11,0.0,7.0,29.0,0.0,False,False,False,False,both_available,False,3,7.0,True,True,False,True,True,True,False,True
674,218,Spain,2020-08-11,2020-08-18,14.0,7.0,0.0,29.0,False,False,False,False,both_available,True,4,7.0,True,True,False,True,True,True,False,True
675,218,Spain,2020-08-18,2020-08-25,2.0,7.0,14.0,0.0,False,False,False,False,both_available,True,5,7.0,True,True,False,True,True,True,False,True
676,218,Spain,2020-08-25,2020-09-01,0.0,7.0,2.0,14.0,False,False,False,False,both_available,False,6,7.0,True,True,False,True,True,True,False,True
677,218,Spain,2020-09-01,2020-09-08,0.0,7.0,0.0,2.0,False,False,False,False,both_available,False,7,7.0,True,True,False,True,True,True,False,True
678,218,Spain,2020-09-08,2020-09-15,3.0,7.0,0.0,0.0,False,False,False,False,both_available,True,8,7.0,True,True,False,True,True,True,False,True
679,218,Spain,2020-09-15,2020-09-21,154.0,6.0,3.0,0.0,False,False,False,False,both_available,True,9,6.0,True,True,False,True,True,True,False,True
680,218,Spain,2020-09-21,2020-09-29,43.75,8.0,154.0,3.0,False,False,False,False,both_available,True,10,8.0,True,True,False,True,True,True,False,True
681,218,Spain,2020-09-29,2020-10-06,0.0,7.0,43.75,154.0,False,False,False,False,both_available,False,11,7.0,True,True,False,True,True,True,False,True
682,218,Spain,2020-10-06,2020-10-13,11.0,7.0,0.0,43.75,False,False,False,False,both_available,True,12,7.0,True,True,False,True,True,True,False,True
683,218,Spain,2020-10-13,2020-10-20,0.0,7.0,11.0,0.0,False,False,False,False,both_available,False,13,7.0,True,True,False,True,True,True,False,True
684,218,Spain,2020-10-20,2020-10-27,17.0,7.0,0.0,11.0,False,False,False,False,both_available,True,14,7.0,True,True,False,True,True,True,False,True
685,218,Spain,2020-10-27,2020-11-03,1.0,7.0,17.0,0.0,False,False,False,False,both_available,True,15,7.0,True,True,False,True,True,True,False,True
686,218,Spain,2020-11-03,2020-11-10,0.0,7.0,1.0,17.0,False,False,False,False,both_available,False,16,7.0,True,True,False,True,True,True,False,True
687,220,Spain,2020-07-21,2020-07-28,69.0,7.0,,,True,True,True,True,both_missing,True,1,,True,False,True,False,True,False,True,False
688,220,Spain,2020-07-28,2020-08-04,1.0,7.0,69.0,,False,True,True,False,p2_only_missing,True,2,7.0,True,True,False,True,True,False,True,True
689,220,Spain,2020-08-04,2020-08-11,6.0,7.0,1.0,69.0,False,False,False,False,both_available,True,3,7.0,True,True,False,True,True,True,False,True
690,220,Spain,2020-08-11,2020-08-18,60.0,7.0,6.0,1.0,False,False,False,False,both_available,True,4,7.0,True,True,False,True,True,True,False,True
691,220,Spain,2020-08-18,2020-08-25,98.0,7.0,60.0,6.0,False,False,False,False,both_available,True,5,7.0,True,True,False,True,True,True,False,True
692,220,Spain,2020-08-25,2020-09-01,41.0,7.0,98.0,60.0,False,False,False,False,both_available,True,6,7.0,True,True,False,True,True,True,False,True
693,220,Spain,2020-09-01,2020-09-08,1.0,7.0,41.0,98.0,False,False,False,False,both_available,True,7,7.0,True,True,False,True,True,True,False,True
694,220,Spain,2020-09-08,2020-09-15,0.0,7.0,1.0,41.0,False,False,False,False,both_available,False,8,7.0,True,True,False,True,True,True,False,True
695,220,Spain,2020-09-15,2020-09-21,16.333333333333332,6.0,0.0,1.0,False,False,False,False,both_available,True,9,6.0,True,True,False,True,True,True,False,True
696,220,Spain,2020-09-21,2020-09-29,0.0,8.0,16.333333333333332,0.0,False,False,False,False,both_available,False,10,8.0,True,True,False,True,True,True,False,True
697,220,Spain,2020-09-29,2020-10-06,8.0,7.0,0.0,16.333333333333332,False,False,False,False,both_available,True,11,7.0,True,True,False,True,True,True,False,True
698,220,Spain,2020-10-06,2020-10-13,16.0,7.0,8.0,0.0,False,False,False,False,both_available,True,12,7.0,True,True,False,True,True,True,False,True
699,220,Spain,2020-10-13,2020-10-20,4.0,7.0,16.0,8.0,False,False,False,False,both_available,True,13,7.0,True,True,False,True,True,True,False,True
700,220,Spain,2020-10-20,2020-10-27,50.0,7.0,4.0,16.0,False,False,False,False,both_available,True,14,7.0,True,True,False,True,True,True,False,True
701,220,Spain,2020-10-27,2020-11-03,0.0,7.0,50.0,4.0,False,False,False,False,both_available,False,15,7.0,True,True,False,True,True,True,False,True
702,220,Spain,2020-11-03,2020-11-10,151.0,7.0,0.0,50.0,False,False,False,False,both_available,True,16,7.0,True,True,False,True,True,True,False,True
703,221,Spain,2020-07-21,2020-07-28,19.0,7.0,,,True,True,True,True,both_missing,True,1,,True,False,True,False,True,False,True,False
704,221,Spain,2020-07-28,2020-08-04,0.0,7.0,19.0,,False,True,True,False,p2_only_missing,False,2,7.0,True,True,False,True,True,False,True,True
705,221,Spain,2020-08-04,2020-08-11,36.0,7.0,0.0,19.0,False,False,False,False,both_available,True,3,7.0,True,True,False,True,True,True,False,True
706,221,Spain,2020-08-11,2020-08-18,38.0,7.0,36.0,0.0,False,False,False,False,both_available,True,4,7.0,True,True,False,True,True,True,False,True
707,221,Spain,2020-08-18,2020-08-25,0.0,7.0,38.0,36.0,False,False,False,False,both_available,False,5,7.0,True,True,False,True,True,True,False,True
708,221,Spain,2020-08-25,2020-09-01,15.0,7.0,0.0,38.0,False,False,False,False,both_available,True,6,7.0,True,True,False,True,True,True,False,True
709,221,Spain,2020-09-01,2020-09-08,0.0,7.0,15.0,0.0,False,False,False,False,both_available,False,7,7.0,True,True,False,True,True,True,False,True
710,221,Spain,2020-09-08,2020-09-15,0.0,7.0,0.0,15.0,False,False,False,False,both_available,False,8,7.0,True,True,False,True,True,True,False,True
711,221,Spain,2020-09-15,2020-09-21,74.66666666666667,6.0,0.0,0.0,False,False,False,False,both_available,True,9,6.0,True,True,False,True,True,True,False,True
712,221,Spain,2020-09-21,2020-09-29,16.625,8.0,74.66666666666667,0.0,False,False,False,False,both_available,True,10,8.0,True,True,False,True,True,True,False,True
713,221,Spain,2020-09-29,2020-10-06,0.0,7.0,16.625,74.66666666666667,False,False,False,False,both_available,False,11,7.0,True,True,False,True,True,True,False,True
714,221,Spain,2020-10-06,2020-10-13,0.0,7.0,0.0,16.625,False,False,False,False,both_available,False,12,7.0,True,True,False,True,True,True,False,True
715,221,Spain,2020-10-13,2020-10-20,17.0,7.0,0.0,0.0,False,False,False,False,both_available,True,13,7.0,True,True,False,True,True,True,False,True
716,221,Spain,2020-10-20,2020-10-27,0.0,7.0,17.0,0.0,False,False,False,False,both_available,False,14,7.0,True,True,False,True,True,True,False,True
717,221,Spain,2020-10-27,2020-11-03,16.0,7.0,0.0,17.0,False,False,False,False,both_available,True,15,7.0,True,True,False,True,True,True,False,True
718,221,Spain,2020-11-03,2020-11-10,0.0,7.0,16.0,0.0,False,False,False,False,both_available,False,16,7.0,True,True,False,True,True,True,False,True
719,223,Spain,2020-07-28,2020-08-04,0.0,7.0,,,True,True,True,True,both_missing,False,1,,True,False,True,False,True,False,True,False
720,223,Spain,2020-08-04,2020-08-11,0.0,7.0,0.0,,False,True,True,False,p2_only_missing,False,2,7.0,True,True,False,True,True,False,True,True
721,223,Spain,2020-08-11,2020-08-18,0.0,7.0,0.0,0.0,False,False,False,False,both_available,False,3,7.0,True,True,False,True,True,True,False,True
722,223,Spain,2020-08-18,2020-08-25,0.0,7.0,0.0,0.0,False,False,False,False,both_available,False,4,7.0,True,True,False,True,True,True,False,True
723,223,Spain,2020-08-25,2020-09-01,34.0,7.0,0.0,0.0,False,False,False,False,both_available,True,5,7.0,True,True,False,True,True,True,False,True
724,223,Spain,2020-09-23,2020-09-30,0.0,7.0,,0.0,True,False,True,False,p1_only_missing,False,6,29.0,True,False,False,True,True,False,False,True
725,223,Spain,2020-09-30,2020-10-07,0.0,7.0,0.0,,False,True,True,False,p2_only_missing,False,7,7.0,True,True,False,True,True,False,False,True
726,223,Spain,2020-10-07,2020-10-14,7.0,7.0,0.0,0.0,False,False,False,False,both_available,True,8,7.0,True,True,False,True,True,True,False,True
727,223,Spain,2020-10-14,2020-10-21,0.0,7.0,7.0,0.0,False,False,False,False,both_available,False,9,7.0,True,True,False,True,True,True,False,True
728,223,Spain,2020-10-21,2020-10-28,35.0,7.0,0.0,7.0,False,False,False,False,both_available,True,10,7.0,True,True,False,True,True,True,False,True
729,223,Spain,2020-10-28,2020-11-05,0.0,8.0,35.0,0.0,False,False,False,False,both_available,False,11,8.0,True,True,False,True,True,True,False,True
730,223,Spain,2020-11-05,2020-11-11,1.1666666666666667,6.0,0.0,35.0,False,False,False,False,both_available,True,12,6.0,True,True,False,True,True,True,False,True
731,224,Spain,2020-07-21,2020-07-28,0.0,7.0,,,True,True,True,True,both_missing,False,1,,True,False,True,False,True,False,True,False
732,224,Spain,2020-07-28,2020-08-04,0.0,7.0,0.0,,False,True,True,False,p2_only_missing,False,2,7.0,True,True,False,True,True,False,True,True
733,224,Spain,2020-08-04,2020-08-11,2.0,7.0,0.0,0.0,False,False,False,False,both_available,True,3,7.0,True,True,False,True,True,True,False,True
734,224,Spain,2020-08-11,2020-08-18,0.0,7.0,2.0,0.0,False,False,False,False,both_available,False,4,7.0,True,True,False,True,True,True,False,True
735,224,Spain,2020-08-18,2020-08-25,9.0,7.0,0.0,2.0,False,False,False,False,both_available,True,5,7.0,True,True,False,True,True,True,False,True
736,224,Spain,2020-08-25,2020-09-01,32.0,7.0,9.0,0.0,False,False,False,False,both_available,True,6,7.0,True,True,False,True,True,True,False,True
737,224,Spain,2020-09-15,2020-09-23,56.0,8.0,9.8,,False,True,True,False,p2_only_missing,True,7,22.0,True,False,False,True,True,False,False,True
738,224,Spain,2020-10-07,2020-10-14,0.0,7.0,,,True,True,True,True,both_missing,False,8,21.0,True,False,False,True,True,False,False,True
739,224,Spain,2020-10-14,2020-10-21,0.0,7.0,0.0,,False,True,True,False,p2_only_missing,False,9,7.0,True,True,False,True,True,False,False,True
740,224,Spain,2020-10-21,2020-10-28,0.0,7.0,0.0,0.0,False,False,False,False,both_available,False,10,7.0,True,True,False,True,True,True,False,True
741,224,Spain,2020-10-28,2020-11-05,0.0,8.0,0.0,0.0,False,False,False,False,both_available,False,11,8.0,True,True,False,True,True,True,False,True
742,224,Spain,2020-11-05,2020-11-11,0.0,6.0,0.0,0.0,False,False,False,False,both_available,False,12,6.0,True,True,False,True,True,True,False,True
743,225,Spain,2020-07-28,2020-08-04,6.0,7.0,,,True,True,True,True,both_missing,True,1,,True,False,True,False,True,False,True,False
744,225,Spain,2020-08-04,2020-08-11,0.0,7.0,6.0,,False,True,True,False,p2_only_missing,False,2,7.0,True,True,False,True,True,False,True,True
745,225,Spain,2020-08-11,2020-08-18,0.0,7.0,0.0,6.0,False,False,False,False,both_available,False,3,7.0,True,True,False,True,True,True,False,True
746,225,Spain,2020-08-18,2020-08-25,13.0,7.0,0.0,0.0,False,False,False,False,both_available,True,4,7.0,True,True,False,True,True,True,False,True
747,225,Spain,2020-08-25,2020-09-01,0.0,7.0,13.0,0.0,False,False,False,False,both_available,False,5,7.0,True,True,False,True,True,True,False,True
748,225,Spain,2020-09-15,2020-09-23,19.25,8.0,0.0,,False,True,True,False,p2_only_missing,True,6,22.0,True,False,False,True,True,False,False,True
749,225,Spain,2020-09-23,2020-09-30,0.0,7.0,19.25,0.0,False,False,False,False,both_available,False,7,7.0,True,True,False,True,True,False,False,True
750,225,Spain,2020-09-30,2020-10-07,49.0,7.0,0.0,19.25,False,False,False,False,both_available,True,8,7.0,True,True,False,True,True,True,False,True
751,225,Spain,2020-10-07,2020-10-14,0.0,7.0,49.0,0.0,False,False,False,False,both_available,False,9,7.0,True,True,False,True,True,True,False,True
752,225,Spain,2020-10-14,2020-10-21,0.0,7.0,0.0,49.0,False,False,False,False,both_available,False,10,7.0,True,True,False,True,True,True,False,True
753,225,Spain,2020-10-21,2020-10-28,0.0,7.0,0.0,0.0,False,False,False,False,both_available,False,11,7.0,True,True,False,True,True,True,False,True
754,225,Spain,2020-10-28,2020-11-05,0.0,8.0,0.0,0.0,False,False,False,False,both_available,False,12,8.0,True,True,False,True,True,True,False,True
755,225,Spain,2020-11-05,2020-11-11,0.0,6.0,0.0,0.0,False,False,False,False,both_available,False,13,6.0,True,True,False,True,True,True,False,True
756,226,Spain,2020-07-28,2020-08-04,0.0,7.0,,,True,True,True,True,both_missing,False,1,,True,False,True,False,True,False,True,False
757,226,Spain,2020-08-04,2020-08-11,29.0,7.0,0.0,,False,True,True,False,p2_only_missing,True,2,7.0,True,True,False,True,True,False,True,True
758,226,Spain,2020-08-11,2020-08-18,0.0,7.0,29.0,0.0,False,False,False,False,both_available,False,3,7.0,True,True,False,True,True,True,False,True
759,226,Spain,2020-08-18,2020-08-25,27.0,7.0,0.0,29.0,False,False,False,False,both_available,True,4,7.0,True,True,False,True,True,True,False,True
760,226,Spain,2020-08-25,2020-09-01,15.0,7.0,27.0,0.0,False,False,False,False,both_available,True,5,7.0,True,True,False,True,True,True,False,True
761,226,Spain,2020-09-15,2020-09-23,36.75,8.0,0.0,,False,True,True,False,p2_only_missing,True,6,22.0,True,False,False,True,True,False,False,True
762,226,Spain,2020-09-23,2020-09-30,0.0,7.0,36.75,0.0,False,False,False,False,both_available,False,7,7.0,True,True,False,True,True,False,False,True
763,226,Spain,2020-09-30,2020-10-07,0.0,7.0,0.0,36.75,False,False,False,False,both_available,False,8,7.0,True,True,False,True,True,True,False,True
764,226,Spain,2020-10-07,2020-10-14,0.0,7.0,0.0,0.0,False,False,False,False,both_available,False,9,7.0,True,True,False,True,True,True,False,True
765,226,Spain,2020-10-14,2020-10-21,0.0,7.0,0.0,0.0,False,False,False,False,both_available,False,10,7.0,True,True,False,True,True,True,False,True
766,226,Spain,2020-10-21,2020-10-28,0.0,7.0,0.0,0.0,False,False,False,False,both_available,False,11,7.0,True,True,False,True,True,True,False,True
767,226,Spain,2020-11-05,2020-11-11,1.1666666666666667,6.0,,0.0,True,False,True,False,p1_only_missing,True,12,14.0,True,False,False,True,True,True,False,True
768,227,Spain,2020-07-21,2020-07-28,37.0,7.0,,,True,True,True,True,both_missing,True,1,,True,False,True,False,True,False,True,False
769,227,Spain,2020-08-04,2020-08-11,84.0,7.0,,37.0,True,False,True,False,p1_only_missing,True,2,14.0,True,False,False,True,True,True,False,True
770,227,Spain,2020-08-11,2020-08-18,47.0,7.0,84.0,,False,True,True,False,p2_only_missing,True,3,7.0,True,True,False,True,True,False,False,True
771,227,Spain,2020-08-18,2020-08-25,28.0,7.0,47.0,84.0,False,False,False,False,both_available,True,4,7.0,True,True,False,True,True,True,False,True
772,227,Spain,2020-08-25,2020-09-01,11.0,7.0,28.0,47.0,False,False,False,False,both_available,True,5,7.0,True,True,False,True,True,True,False,True
773,227,Spain,2020-09-15,2020-09-23,0.0,8.0,0.0,,False,True,True,False,p2_only_missing,False,6,22.0,True,False,False,True,True,False,False,True
774,227,Spain,2020-09-23,2020-09-30,3.0,7.0,0.0,0.0,False,False,False,False,both_available,True,7,7.0,True,True,False,True,True,False,False,True
775,227,Spain,2020-09-30,2020-10-07,68.0,7.0,3.0,0.0,False,False,False,False,both_available,True,8,7.0,True,True,False,True,True,True,False,True
776,227,Spain,2020-10-07,2020-10-14,0.0,7.0,68.0,3.0,False,False,False,False,both_available,False,9,7.0,True,True,False,True,True,True,False,True
777,227,Spain,2020-10-14,2020-10-21,6.0,7.0,0.0,68.0,False,False,False,False,both_available,True,10,7.0,True,True,False,True,True,True,False,True
778,227,Spain,2020-10-21,2020-10-28,0.0,7.0,6.0,0.0,False,False,False,False,both_available,False,11,7.0,True,True,False,True,True,True,False,True
779,227,Spain,2020-10-28,2020-11-05,0.0,8.0,0.0,6.0,False,False,False,False,both_available,False,12,8.0,True,True,False,True,True,True,False,True
780,227,Spain,2020-11-05,2020-11-11,0.0,6.0,0.0,0.0,False,False,False,False,both_available,False,13,6.0,True,True,False,True,True,True,False,True
781,229,Spain,2020-07-28,2020-08-04,0.0,7.0,,,True,True,True,True,both_missing,False,1,,True,False,True,False,True,False,True,False
782,229,Spain,2020-08-04,2020-08-11,42.0,7.0,0.0,,False,True,True,False,p2_only_missing,True,2,7.0,True,True,False,True,True,False,True,True
783,229,Spain,2020-08-11,2020-08-18,18.0,7.0,42.0,0.0,False,False,False,False,both_available,True,3,7.0,True,True,False,True,True,True,False,True
784,229,Spain,2020-08-18,2020-08-25,4.0,7.0,18.0,42.0,False,False,False,False,both_available,True,4,7.0,True,True,False,True,True,True,False,True
785,229,Spain,2020-08-25,2020-09-01,6.0,7.0,4.0,18.0,False,False,False,False,both_available,True,5,7.0,True,True,False,True,True,True,False,True
786,229,Spain,2020-09-01,2020-09-08,0.0,7.0,6.0,4.0,False,False,False,False,both_available,False,6,7.0,True,True,False,True,True,True,False,True
787,229,Spain,2020-09-08,2020-09-15,3.0,7.0,0.0,6.0,False,False,False,False,both_available,True,7,7.0,True,True,False,True,True,True,False,True
788,229,Spain,2020-09-15,2020-09-21,165.66666666666666,6.0,3.0,0.0,False,False,False,False,both_available,True,8,6.0,True,True,False,True,True,True,False,True
789,229,Spain,2020-09-21,2020-09-29,21.0,8.0,165.66666666666666,3.0,False,False,False,False,both_available,True,9,8.0,True,True,False,True,True,True,False,True
790,229,Spain,2020-09-29,2020-10-06,23.0,7.0,21.0,165.66666666666666,False,False,False,False,both_available,True,10,7.0,True,True,False,True,True,True,False,True
791,229,Spain,2020-10-06,2020-10-13,4.0,7.0,23.0,21.0,False,False,False,False,both_available,True,11,7.0,True,True,False,True,True,True,False,True
792,229,Spain,2020-10-13,2020-10-20,62.0,7.0,4.0,23.0,False,False,False,False,both_available,True,12,7.0,True,True,False,True,True,True,False,True
793,229,Spain,2020-10-20,2020-10-27,0.0,7.0,62.0,4.0,False,False,False,False,both_available,False,13,7.0,True,True,False,True,True,True,False,True
794,229,Spain,2020-10-27,2020-11-03,7.0,7.0,0.0,62.0,False,False,False,False,both_available,True,14,7.0,True,True,False,True,True,True,False,True
795,229,Spain,2020-11-03,2020-11-10,0.0,7.0,7.0,0.0,False,False,False,False,both_available,False,15,7.0,True,True,False,True,True,True,False,True
796,230,Spain,2020-07-21,2020-07-28,8.0,7.0,,,True,True,True,True,both_missing,True,1,,True,False,True,False,True,False,True,False
797,230,Spain,2020-07-28,2020-08-04,4.0,7.0,8.0,,False,True,True,False,p2_only_missing,True,2,7.0,True,True,False,True,True,False,True,True
798,230,Spain,2020-08-04,2020-08-11,0.0,7.0,4.0,8.0,False,False,False,False,both_available,False,3,7.0,True,True,False,True,True,True,False,True
799,230,Spain,2020-08-11,2020-08-18,0.0,7.0,0.0,4.0,False,False,False,False,both_available,False,4,7.0,True,True,False,True,True,True,False,True
800,230,Spain,2020-08-18,2020-08-25,3.0,7.0,0.0,0.0,False,False,False,False,both_available,True,5,7.0,True,True,False,True,True,True,False,True
801,230,Spain,2020-08-25,2020-09-01,0.0,7.0,3.0,0.0,False,False,False,False,both_available,False,6,7.0,True,True,False,True,True,True,False,True
802,230,Spain,2020-09-01,2020-09-08,0.0,7.0,0.0,3.0,False,False,False,False,both_available,False,7,7.0,True,True,False,True,True,True,False,True
803,230,Spain,2020-09-08,2020-09-15,51.0,7.0,0.0,0.0,False,False,False,False,both_available,True,8,7.0,True,True,False,True,True,True,False,True
804,230,Spain,2020-09-15,2020-09-21,0.0,6.0,51.0,0.0,False,False,False,False,both_available,False,9,6.0,True,True,False,True,True,True,False,True
805,230,Spain,2020-09-21,2020-09-29,18.375,8.0,0.0,51.0,False,False,False,False,both_available,True,10,8.0,True,True,False,True,True,True,False,True
806,230,Spain,2020-09-29,2020-10-06,11.0,7.0,18.375,0.0,False,False,False,False,both_available,True,11,7.0,True,True,False,True,True,True,False,True
807,230,Spain,2020-10-06,2020-10-13,0.0,7.0,11.0,18.375,False,False,False,False,both_available,False,12,7.0,True,True,False,True,True,True,False,True
808,230,Spain,2020-10-13,2020-10-20,0.0,7.0,0.0,11.0,False,False,False,False,both_available,False,13,7.0,True,True,False,True,True,True,False,True
809,230,Spain,2020-10-20,2020-10-27,0.0,7.0,0.0,0.0,False,False,False,False,both_available,False,14,7.0,True,True,False,True,True,True,False,True
810,230,Spain,2020-10-27,2020-11-03,0.0,7.0,0.0,0.0,False,False,False,False,both_available,False,15,7.0,True,True,False,True,True,True,False,True
811,230,Spain,2020-11-03,2020-11-10,0.0,7.0,0.0,0.0,False,False,False,False,both_available,False,16,7.0,True,True,False,True,True,True,False,True
812,231,Spain,2020-07-21,2020-07-28,0.0,7.0,,,True,True,True,True,both_missing,False,1,,True,False,True,False,True,False,True,False
813,231,Spain,2020-07-28,2020-08-04,8.0,7.0,0.0,,False,True,True,False,p2_only_missing,True,2,7.0,True,True,False,True,True,False,True,True
814,231,Spain,2020-08-11,2020-08-18,0.0,7.0,,8.0,True,False,True,False,p1_only_missing,False,3,14.0,True,False,False,True,True,True,False,True
815,231,Spain,2020-08-18,2020-08-25,7.0,7.0,0.0,,False,True,True,False,p2_only_missing,True,4,7.0,True,True,False,True,True,False,False,True
816,231,Spain,2020-08-25,2020-09-01,0.0,7.0,7.0,0.0,False,False,False,False,both_available,False,5,7.0,True,True,False,True,True,True,False,True
817,231,Spain,2020-09-01,2020-09-08,9.0,7.0,0.0,7.0,False,False,False,False,both_available,True,6,7.0,True,True,False,True,True,True,False,True
818,231,Spain,2020-09-08,2020-09-15,29.0,7.0,9.0,0.0,False,False,False,False,both_available,True,7,7.0,True,True,False,True,True,True,False,True
819,231,Spain,2020-09-15,2020-09-21,96.83333333333333,6.0,29.0,9.0,False,False,False,False,both_available,True,8,6.0,True,True,False,True,True,True,False,True
820,231,Spain,2020-09-21,2020-09-29,60.375,8.0,96.83333333333333,29.0,False,False,False,False,both_available,True,9,8.0,True,True,False,True,True,True,False,True
821,231,Spain,2020-09-29,2020-10-06,0.0,7.0,60.375,96.83333333333333,False,False,False,False,both_available,False,10,7.0,True,True,False,True,True,True,False,True
822,231,Spain,2020-10-06,2020-10-13,0.0,7.0,0.0,60.375,False,False,False,False,both_available,False,11,7.0,True,True,False,True,True,True,False,True
823,231,Spain,2020-10-13,2020-10-20,0.0,7.0,0.0,0.0,False,False,False,False,both_available,False,12,7.0,True,True,False,True,True,True,False,True
824,231,Spain,2020-10-20,2020-10-27,0.0,7.0,0.0,0.0,False,False,False,False,both_available,False,13,7.0,True,True,False,True,True,True,False,True
825,231,Spain,2020-10-27,2020-11-03,0.0,7.0,0.0,0.0,False,False,False,False,both_available,False,14,7.0,True,True,False,True,True,True,False,True
826,231,Spain,2020-11-03,2020-11-10,0.0,7.0,0.0,0.0,False,False,False,False,both_available,False,15,7.0,True,True,False,True,True,True,False,True
827,232,Spain,2020-07-21,2020-07-28,105.0,7.0,,,True,True,True,True,both_missing,True,1,,True,False,True,False,True,False,True,False
828,232,Spain,2020-08-04,2020-08-11,0.0,7.0,,105.0,True,False,True,False,p1_only_missing,False,2,14.0,True,False,False,True,True,True,False,True
829,232,Spain,2020-08-11,2020-08-18,0.0,7.0,0.0,,False,True,True,False,p2_only_missing,False,3,7.0,True,True,False,True,True,False,False,True
830,232,Spain,2020-08-18,2020-08-25,15.0,7.0,0.0,0.0,False,False,False,False,both_available,True,4,7.0,True,True,False,True,True,True,False,True
831,232,Spain,2020-08-25,2020-09-01,0.0,7.0,15.0,0.0,False,False,False,False,both_available,False,5,7.0,True,True,False,True,True,True,False,True
832,232,Spain,2020-09-01,2020-09-08,13.0,7.0,0.0,15.0,False,False,False,False,both_available,True,6,7.0,True,True,False,True,True,True,False,True
833,232,Spain,2020-09-08,2020-09-15,37.0,7.0,13.0,0.0,False,False,False,False,both_available,True,7,7.0,True,True,False,True,True,True,False,True
834,232,Spain,2020-09-15,2020-09-21,98.0,6.0,37.0,13.0,False,False,False,False,both_available,True,8,6.0,True,True,False,True,True,True,False,True
835,232,Spain,2020-09-21,2020-09-29,98.875,8.0,98.0,37.0,False,False,False,False,both_available,True,9,8.0,True,True,False,True,True,True,False,True
836,232,Spain,2020-09-29,2020-10-06,3.0,7.0,98.875,98.0,False,False,False,False,both_available,True,10,7.0,True,True,False,True,True,True,False,True
837,232,Spain,2020-10-06,2020-10-13,6.0,7.0,3.0,98.875,False,False,False,False,both_available,True,11,7.0,True,True,False,True,True,True,False,True
838,232,Spain,2020-10-13,2020-10-20,7.0,7.0,6.0,3.0,False,False,False,False,both_available,True,12,7.0,True,True,False,True,True,True,False,True
839,232,Spain,2020-10-20,2020-10-27,38.0,7.0,7.0,6.0,False,False,False,False,both_available,True,13,7.0,True,True,False,True,True,True,False,True
840,232,Spain,2020-10-27,2020-11-03,0.0,7.0,38.0,7.0,False,False,False,False,both_available,False,14,7.0,True,True,False,True,True,True,False,True
841,232,Spain,2020-11-03,2020-11-10,1.0,7.0,0.0,38.0,False,False,False,False,both_available,True,15,7.0,True,True,False,True,True,True,False,True
842,234,Spain,2020-07-21,2020-07-28,14.0,7.0,,,True,True,True,True,both_missing,True,1,,True,False,True,False,True,False,True,False
843,234,Spain,2020-07-28,2020-08-04,12.0,7.0,14.0,,False,True,True,False,p2_only_missing,True,2,7.0,True,True,False,True,True,False,True,True
844,234,Spain,2020-08-04,2020-08-11,1.0,7.0,12.0,14.0,False,False,False,False,both_available,True,3,7.0,True,True,False,True,True,True,False,True
845,234,Spain,2020-08-11,2020-08-18,13.0,7.0,1.0,12.0,False,False,False,False,both_available,True,4,7.0,True,True,False,True,True,True,False,True
846,234,Spain,2020-08-18,2020-08-25,8.0,7.0,13.0,1.0,False,False,False,False,both_available,True,5,7.0,True,True,False,True,True,True,False,True
847,234,Spain,2020-08-25,2020-09-01,0.0,7.0,8.0,13.0,False,False,False,False,both_available,False,6,7.0,True,True,False,True,True,True,False,True
848,234,Spain,2020-09-01,2020-09-08,0.0,7.0,0.0,8.0,False,False,False,False,both_available,False,7,7.0,True,True,False,True,True,True,False,True
849,234,Spain,2020-09-08,2020-09-15,13.0,7.0,0.0,0.0,False,False,False,False,both_available,True,8,7.0,True,True,False,True,True,True,False,True
850,234,Spain,2020-09-15,2020-09-21,5.833333333333333,6.0,13.0,0.0,False,False,False,False,both_available,True,9,6.0,True,True,False,True,True,True,False,True
851,234,Spain,2020-09-21,2020-09-29,10.5,8.0,5.833333333333333,13.0,False,False,False,False,both_available,True,10,8.0,True,True,False,True,True,True,False,True
852,234,Spain,2020-09-29,2020-10-06,6.0,7.0,10.5,5.833333333333333,False,False,False,False,both_available,True,11,7.0,True,True,False,True,True,True,False,True
853,234,Spain,2020-10-06,2020-10-13,13.0,7.0,6.0,10.5,False,False,False,False,both_available,True,12,7.0,True,True,False,True,True,True,False,True
854,234,Spain,2020-10-20,2020-10-27,0.0,7.0,,13.0,True,False,True,False,p1_only_missing,False,13,14.0,True,False,False,True,True,True,False,True
855,234,Spain,2020-10-27,2020-11-03,0.0,7.0,0.0,,False,True,True,False,p2_only_missing,False,14,7.0,True,True,False,True,True,False,False,True
856,234,Spain,2020-11-03,2020-11-10,0.0,7.0,0.0,0.0,False,False,False,False,both_available,False,15,7.0,True,True,False,True,True,True,False,True
857,278,Albania,2020-05-27,2020-06-03,3.0,7.0,5.923076923076923,,False,True,True,False,p2_only_missing,True,1,,True,False,False,True,True,False,True,True
858,278,Albania,2020-06-03,2020-06-10,8.0,7.0,3.0,5.923076923076923,False,False,False,False,both_available,True,2,7.0,True,True,False,True,True,False,False,True
859,278,Albania,2020-06-24,2020-07-01,46.0,7.0,49.0,,False,True,True,False,p2_only_missing,True,3,21.0,True,False,False,True,True,False,False,True
860,278,Albania,2020-07-01,2020-07-08,182.0,7.0,46.0,49.0,False,False,False,False,both_available,True,4,7.0,True,True,False,True,True,False,False,True
861,278,Albania,2020-07-22,2020-07-29,0.0,7.0,0.0,,False,True,True,False,p2_only_missing,False,5,21.0,True,False,False,True,True,False,False,True
862,278,Albania,2020-07-29,2020-08-05,76.0,7.0,0.0,0.0,False,False,False,False,both_available,True,6,7.0,True,True,False,True,True,False,False,True
863,278,Albania,2020-08-05,2020-08-12,0.0,7.0,76.0,0.0,False,False,False,False,both_available,False,7,7.0,True,True,False,True,True,True,False,True
864,278,Albania,2020-08-12,2020-08-19,24.0,7.0,0.0,76.0,False,False,False,False,both_available,True,8,7.0,True,True,False,True,True,True,False,True
865,278,Albania,2020-08-19,2020-08-26,217.0,7.0,24.0,0.0,False,False,False,False,both_available,True,9,7.0,True,True,False,True,True,True,False,True
866,278,Albania,2020-08-26,2020-09-02,227.0,7.0,217.0,24.0,False,False,False,False,both_available,True,10,7.0,True,True,False,True,True,True,False,True
867,278,Albania,2020-09-02,2020-09-09,167.0,7.0,227.0,217.0,False,False,False,False,both_available,True,11,7.0,True,True,False,True,True,True,False,True
868,278,Albania,2020-09-09,2020-09-16,48.0,7.0,167.0,227.0,False,False,False,False,both_available,True,12,7.0,True,True,False,True,True,True,False,True
869,278,Albania,2020-09-16,2020-09-23,50.0,7.0,48.0,167.0,False,False,False,False,both_available,True,13,7.0,True,True,False,True,True,True,False,True
870,278,Albania,2020-09-23,2020-09-30,51.0,7.0,50.0,48.0,False,False,False,False,both_available,True,14,7.0,True,True,False,True,True,True,False,True
871,278,Albania,2020-09-30,2020-10-07,36.0,7.0,51.0,50.0,False,False,False,False,both_available,True,15,7.0,True,True,False,True,True,True,False,True
872,278,Albania,2020-10-07,2020-10-14,7.0,7.0,36.0,51.0,False,False,False,False,both_available,True,16,7.0,True,True,False,True,True,True,False,True
873,278,Albania,2020-10-14,2020-10-21,1.0,7.0,7.0,36.0,False,False,False,False,both_available,True,17,7.0,True,True,False,True,True,True,False,True
874,278,Albania,2020-10-21,2020-10-28,7.0,7.0,1.0,7.0,False,False,False,False,both_available,True,18,7.0,True,True,False,True,True,True,False,True
875,278,Albania,2020-10-28,2020-11-04,2.0,7.0,7.0,1.0,False,False,False,False,both_available,True,19,7.0,True,True,False,True,True,True,False,True
876,278,Albania,2020-11-04,2020-11-11,25.0,7.0,2.0,7.0,False,False,False,False,both_available,True,20,7.0,True,True,False,True,True,True,False,True
877,278,Albania,2020-11-11,2020-11-18,25.0,7.0,25.0,2.0,False,False,False,False,both_available,True,21,7.0,True,True,False,True,True,True,False,True
878,278,Albania,2020-11-18,2020-11-25,35.0,7.0,25.0,25.0,False,False,False,False,both_available,True,22,7.0,True,True,False,True,True,True,False,True
879,278,Albania,2020-11-25,2020-12-02,1.0,7.0,35.0,25.0,False,False,False,False,both_available,True,23,7.0,True,True,False,True,True,True,False,True
880,278,Albania,2020-12-02,2020-12-09,0.0,7.0,1.0,35.0,False,False,False,False,both_available,False,24,7.0,True,True,False,True,True,True,False,True
881,278,Albania,2020-12-09,2020-12-16,0.0,7.0,0.0,1.0,False,False,False,False,both_available,False,25,7.0,True,True,False,True,True,True,False,True
882,278,Albania,2020-12-16,2020-12-23,0.0,7.0,0.0,0.0,False,False,False,False,both_available,False,26,7.0,True,True,False,True,True,True,False,True
883,278,Albania,2020-12-23,2020-12-30,0.0,7.0,0.0,0.0,False,False,False,False,both_available,False,27,7.0,True,True,False,True,True,True,False,True
884,279,Albania,2020-05-27,2020-06-03,4.0,7.0,48.46153846153846,,False,True,True,False,p2_only_missing,True,1,,True,False,False,True,True,False,True,True
885,279,Albania,2020-06-03,2020-06-10,7.0,7.0,4.0,48.46153846153846,False,False,False,False,both_available,True,2,7.0,True,True,False,True,True,False,False,True
886,279,Albania,2020-06-24,2020-07-01,48.0,7.0,28.0,,False,True,True,False,p2_only_missing,True,3,21.0,True,False,False,True,True,False,False,True
887,279,Albania,2020-07-01,2020-07-08,59.0,7.0,48.0,28.0,False,False,False,False,both_available,True,4,7.0,True,True,False,True,True,False,False,True
888,279,Albania,2020-07-22,2020-07-29,44.0,7.0,0.0,,False,True,True,False,p2_only_missing,True,5,21.0,True,False,False,True,True,False,False,True
889,279,Albania,2020-07-29,2020-08-05,94.0,7.0,44.0,0.0,False,False,False,False,both_available,True,6,7.0,True,True,False,True,True,False,False,True
890,279,Albania,2020-08-05,2020-08-12,0.0,7.0,94.0,44.0,False,False,False,False,both_available,False,7,7.0,True,True,False,True,True,True,False,True
891,279,Albania,2020-08-12,2020-08-19,88.0,7.0,0.0,94.0,False,False,False,False,both_available,True,8,7.0,True,True,False,True,True,True,False,True
892,279,Albania,2020-08-19,2020-08-26,185.0,7.0,88.0,0.0,False,False,False,False,both_available,True,9,7.0,True,True,False,True,True,True,False,True
893,279,Albania,2020-08-26,2020-09-02,181.0,7.0,185.0,88.0,False,False,False,False,both_available,True,10,7.0,True,True,False,True,True,True,False,True
894,279,Albania,2020-09-02,2020-09-09,109.0,7.0,181.0,185.0,False,False,False,False,both_available,True,11,7.0,True,True,False,True,True,True,False,True
895,279,Albania,2020-09-09,2020-09-16,30.0,7.0,109.0,181.0,False,False,False,False,both_available,True,12,7.0,True,True,False,True,True,True,False,True
896,279,Albania,2020-09-16,2020-09-23,24.0,7.0,30.0,109.0,False,False,False,False,both_available,True,13,7.0,True,True,False,True,True,True,False,True
897,279,Albania,2020-09-23,2020-09-30,7.0,7.0,24.0,30.0,False,False,False,False,both_available,True,14,7.0,True,True,False,True,True,True,False,True
898,279,Albania,2020-09-30,2020-10-07,38.0,7.0,7.0,24.0,False,False,False,False,both_available,True,15,7.0,True,True,False,True,True,True,False,True
899,279,Albania,2020-10-07,2020-10-14,5.0,7.0,38.0,7.0,False,False,False,False,both_available,True,16,7.0,True,True,False,True,True,True,False,True
900,279,Albania,2020-10-14,2020-10-21,3.0,7.0,5.0,38.0,False,False,False,False,both_available,True,17,7.0,True,True,False,True,True,True,False,True
901,279,Albania,2020-10-21,2020-10-28,52.0,7.0,3.0,5.0,False,False,False,False,both_available,True,18,7.0,True,True,False,True,True,True,False,True
902,279,Albania,2020-10-28,2020-11-04,6.0,7.0,52.0,3.0,False,False,False,False,both_available,True,19,7.0,True,True,False,True,True,True,False,True
903,279,Albania,2020-11-04,2020-11-11,30.0,7.0,6.0,52.0,False,False,False,False,both_available,True,20,7.0,True,True,False,True,True,True,False,True
904,279,Albania,2020-11-11,2020-11-18,44.0,7.0,30.0,6.0,False,False,False,False,both_available,True,21,7.0,True,True,False,True,True,True,False,True
905,279,Albania,2020-11-18,2020-11-25,15.0,7.0,44.0,30.0,False,False,False,False,both_available,True,22,7.0,True,True,False,True,True,True,False,True
906,279,Albania,2020-11-25,2020-12-02,8.0,7.0,15.0,44.0,False,False,False,False,both_available,True,23,7.0,True,True,False,True,True,True,False,True
907,279,Albania,2020-12-02,2020-12-09,0.0,7.0,8.0,15.0,False,False,False,False,both_available,False,24,7.0,True,True,False,True,True,True,False,True
908,279,Albania,2020-12-09,2020-12-16,0.0,7.0,0.0,8.0,False,False,False,False,both_available,False,25,7.0,True,True,False,True,True,True,False,True
909,279,Albania,2020-12-16,2020-12-23,0.0,7.0,0.0,0.0,False,False,False,False,both_available,False,26,7.0,True,True,False,True,True,True,False,True
910,279,Albania,2020-12-23,2020-12-30,0.0,7.0,0.0,0.0,False,False,False,False,both_available,False,27,7.0,True,True,False,True,True,True,False,True
911,280,Albania,2020-06-03,2020-06-10,14.0,7.0,,19.384615384615383,True,False,True,False,p1_only_missing,True,1,,True,False,False,True,True,False,False,True
912,280,Albania,2020-06-24,2020-07-01,40.0,7.0,21.0,,False,True,True,False,p2_only_missing,True,2,21.0,True,False,False,True,True,False,False,True
913,280,Albania,2020-07-01,2020-07-08,24.0,7.0,40.0,21.0,False,False,False,False,both_available,True,3,7.0,True,True,False,True,True,False,False,True
914,280,Albania,2020-07-22,2020-07-29,137.0,7.0,74.0,,False,True,True,False,p2_only_missing,True,4,21.0,True,False,False,True,True,False,False,True
915,280,Albania,2020-07-29,2020-08-05,75.0,7.0,137.0,74.0,False,False,False,False,both_available,True,5,7.0,True,True,False,True,True,False,False,True
916,280,Albania,2020-08-05,2020-08-12,95.0,7.0,75.0,137.0,False,False,False,False,both_available,True,6,7.0,True,True,False,True,True,True,False,True
917,280,Albania,2020-08-12,2020-08-19,26.0,7.0,95.0,75.0,False,False,False,False,both_available,True,7,7.0,True,True,False,True,True,True,False,True
918,280,Albania,2020-08-19,2020-08-26,128.0,7.0,26.0,95.0,False,False,False,False,both_available,True,8,7.0,True,True,False,True,True,True,False,True
919,280,Albania,2020-08-26,2020-09-02,178.0,7.0,128.0,26.0,False,False,False,False,both_available,True,9,7.0,True,True,False,True,True,True,False,True
920,280,Albania,2020-09-02,2020-09-09,519.0,7.0,178.0,128.0,False,False,False,False,both_available,True,10,7.0,True,True,False,True,True,True,False,True
921,280,Albania,2020-09-09,2020-09-16,120.0,7.0,519.0,178.0,False,False,False,False,both_available,True,11,7.0,True,True,False,True,True,True,False,True
922,280,Albania,2020-09-16,2020-09-23,9.0,7.0,120.0,519.0,False,False,False,False,both_available,True,12,7.0,True,True,False,True,True,True,False,True
923,280,Albania,2020-09-23,2020-09-30,48.0,7.0,9.0,120.0,False,False,False,False,both_available,True,13,7.0,True,True,False,True,True,True,False,True
924,280,Albania,2020-09-30,2020-10-07,212.0,7.0,48.0,9.0,False,False,False,False,both_available,True,14,7.0,True,True,False,True,True,True,False,True
925,280,Albania,2020-10-07,2020-10-14,0.0,7.0,212.0,48.0,False,False,False,False,both_available,False,15,7.0,True,True,False,True,True,True,False,True
926,280,Albania,2020-10-14,2020-10-21,21.0,7.0,0.0,212.0,False,False,False,False,both_available,True,16,7.0,True,True,False,True,True,True,False,True
927,280,Albania,2020-10-21,2020-10-28,5.0,7.0,21.0,0.0,False,False,False,False,both_available,True,17,7.0,True,True,False,True,True,True,False,True
928,280,Albania,2020-10-28,2020-11-04,11.0,7.0,5.0,21.0,False,False,False,False,both_available,True,18,7.0,True,True,False,True,True,True,False,True
929,280,Albania,2020-11-04,2020-11-11,18.0,7.0,11.0,5.0,False,False,False,False,both_available,True,19,7.0,True,True,False,True,True,True,False,True
930,280,Albania,2020-11-11,2020-11-18,10.0,7.0,18.0,11.0,False,False,False,False,both_available,True,20,7.0,True,True,False,True,True,True,False,True
931,280,Albania,2020-11-18,2020-11-25,55.0,7.0,10.0,18.0,False,False,False,False,both_available,True,21,7.0,True,True,False,True,True,True,False,True
932,280,Albania,2020-11-25,2020-12-02,1.0,7.0,55.0,10.0,False,False,False,False,both_available,True,22,7.0,True,True,False,True,True,True,False,True
933,280,Albania,2020-12-02,2020-12-09,0.0,7.0,1.0,55.0,False,False,False,False,both_available,False,23,7.0,True,True,False,True,True,True,False,True
934,280,Albania,2020-12-09,2020-12-16,0.0,7.0,0.0,1.0,False,False,False,False,both_available,False,24,7.0,True,True,False,True,True,True,False,True
935,280,Albania,2020-12-16,2020-12-23,0.0,7.0,0.0,0.0,False,False,False,False,both_available,False,25,7.0,True,True,False,True,True,True,False,True
936,280,Albania,2020-12-23,2020-12-30,0.0,7.0,0.0,0.0,False,False,False,False,both_available,False,26,7.0,True,True,False,True,True,True,False,True
937,281,Albania,2020-05-27,2020-06-03,9.0,7.0,1.0769230769230769,,False,True,True,False,p2_only_missing,True,1,,True,False,False,True,True,False,True,True
938,281,Albania,2020-06-03,2020-06-10,16.0,7.0,9.0,1.0769230769230769,False,False,False,False,both_available,True,2,7.0,True,True,False,True,True,False,False,True
939,281,Albania,2020-06-24,2020-07-01,8.0,7.0,0.0,,False,True,True,False,p2_only_missing,True,3,21.0,True,False,False,True,True,False,False,True
940,281,Albania,2020-07-01,2020-07-08,0.0,7.0,8.0,0.0,False,False,False,False,both_available,False,4,7.0,True,True,False,True,True,False,False,True
941,281,Albania,2020-07-22,2020-07-29,125.0,7.0,0.0,,False,True,True,False,p2_only_missing,True,5,21.0,True,False,False,True,True,False,False,True
942,281,Albania,2020-07-29,2020-08-05,0.0,7.0,125.0,0.0,False,False,False,False,both_available,False,6,7.0,True,True,False,True,True,False,False,True
943,281,Albania,2020-08-05,2020-08-12,0.0,7.0,0.0,125.0,False,False,False,False,both_available,False,7,7.0,True,True,False,True,True,True,False,True
944,281,Albania,2020-08-19,2020-08-26,141.0,7.0,,0.0,True,False,True,False,p1_only_missing,True,8,14.0,True,False,False,True,True,True,False,True
945,281,Albania,2020-08-26,2020-09-02,286.0,7.0,141.0,,False,True,True,False,p2_only_missing,True,9,7.0,True,True,False,True,True,False,False,True
946,281,Albania,2020-09-02,2020-09-09,233.0,7.0,286.0,141.0,False,False,False,False,both_available,True,10,7.0,True,True,False,True,True,True,False,True
947,281,Albania,2020-09-09,2020-09-16,22.0,7.0,233.0,286.0,False,False,False,False,both_available,True,11,7.0,True,True,False,True,True,True,False,True
948,281,Albania,2020-09-16,2020-09-23,29.0,7.0,22.0,233.0,False,False,False,False,both_available,True,12,7.0,True,True,False,True,True,True,False,True
949,281,Albania,2020-09-23,2020-09-30,6.0,7.0,29.0,22.0,False,False,False,False,both_available,True,13,7.0,True,True,False,True,True,True,False,True
950,281,Albania,2020-09-30,2020-10-07,59.0,7.0,6.0,29.0,False,False,False,False,both_available,True,14,7.0,True,True,False,True,True,True,False,True
951,281,Albania,2020-10-07,2020-10-14,3.0,7.0,59.0,6.0,False,False,False,False,both_available,True,15,7.0,True,True,False,True,True,True,False,True
952,281,Albania,2020-10-14,2020-10-21,1.0,7.0,3.0,59.0,False,False,False,False,both_available,True,16,7.0,True,True,False,True,True,True,False,True
953,281,Albania,2020-10-21,2020-10-28,4.0,7.0,1.0,3.0,False,False,False,False,both_available,True,17,7.0,True,True,False,True,True,True,False,True
954,281,Albania,2020-10-28,2020-11-04,2.0,7.0,4.0,1.0,False,False,False,False,both_available,True,18,7.0,True,True,False,True,True,True,False,True
955,281,Albania,2020-11-04,2020-11-11,3.0,7.0,2.0,4.0,False,False,False,False,both_available,True,19,7.0,True,True,False,True,True,True,False,True
956,281,Albania,2020-11-11,2020-11-18,2.0,7.0,3.0,2.0,False,False,False,False,both_available,True,20,7.0,True,True,False,True,True,True,False,True
957,281,Albania,2020-11-18,2020-11-25,39.0,7.0,2.0,3.0,False,False,False,False,both_available,True,21,7.0,True,True,False,True,True,True,False,True
958,281,Albania,2020-11-25,2020-12-02,1.0,7.0,39.0,2.0,False,False,False,False,both_available,True,22,7.0,True,True,False,True,True,True,False,True
959,281,Albania,2020-12-02,2020-12-09,0.0,7.0,1.0,39.0,False,False,False,False,both_available,False,23,7.0,True,True,False,True,True,True,False,True
960,281,Albania,2020-12-09,2020-12-16,0.0,7.0,0.0,1.0,False,False,False,False,both_available,False,24,7.0,True,True,False,True,True,True,False,True
961,281,Albania,2020-12-16,2020-12-23,0.0,7.0,0.0,0.0,False,False,False,False,both_available,False,25,7.0,True,True,False,True,True,True,False,True
962,281,Albania,2020-12-23,2020-12-30,0.0,7.0,0.0,0.0,False,False,False,False,both_available,False,26,7.0,True,True,False,True,True,True,False,True
963,282,Albania,2020-05-27,2020-06-03,9.0,7.0,32.30769230769231,,False,True,True,False,p2_only_missing,True,1,,True,False,False,True,True,False,True,True
964,282,Albania,2020-06-03,2020-06-10,16.0,7.0,9.0,32.30769230769231,False,False,False,False,both_available,True,2,7.0,True,True,False,True,True,False,False,True
965,282,Albania,2020-06-24,2020-07-01,228.0,7.0,160.5,,False,True,True,False,p2_only_missing,True,3,21.0,True,False,False,True,True,False,False,True
966,282,Albania,2020-07-01,2020-07-08,59.0,7.0,228.0,160.5,False,False,False,False,both_available,True,4,7.0,True,True,False,True,True,False,False,True
967,282,Albania,2020-07-22,2020-07-29,0.0,7.0,54.5,,False,True,True,False,p2_only_missing,False,5,21.0,True,False,False,True,True,False,False,True
968,282,Albania,2020-07-29,2020-08-05,117.0,7.0,0.0,54.5,False,False,False,False,both_available,True,6,7.0,True,True,False,True,True,False,False,True
969,282,Albania,2020-08-05,2020-08-12,38.0,7.0,117.0,0.0,False,False,False,False,both_available,True,7,7.0,True,True,False,True,True,True,False,True
970,282,Albania,2020-08-12,2020-08-19,25.0,7.0,38.0,117.0,False,False,False,False,both_available,True,8,7.0,True,True,False,True,True,True,False,True
971,282,Albania,2020-08-19,2020-08-26,167.0,7.0,25.0,38.0,False,False,False,False,both_available,True,9,7.0,True,True,False,True,True,True,False,True
972,282,Albania,2020-08-26,2020-09-02,343.0,7.0,167.0,25.0,False,False,False,False,both_available,True,10,7.0,True,True,False,True,True,True,False,True
973,282,Albania,2020-09-02,2020-09-09,73.0,7.0,343.0,167.0,False,False,False,False,both_available,True,11,7.0,True,True,False,True,True,True,False,True
974,282,Albania,2020-09-09,2020-09-16,65.0,7.0,73.0,343.0,False,False,False,False,both_available,True,12,7.0,True,True,False,True,True,True,False,True
975,282,Albania,2020-09-16,2020-09-23,7.0,7.0,65.0,73.0,False,False,False,False,both_available,True,13,7.0,True,True,False,True,True,True,False,True
976,282,Albania,2020-09-23,2020-09-30,50.0,7.0,7.0,65.0,False,False,False,False,both_available,True,14,7.0,True,True,False,True,True,True,False,True
977,282,Albania,2020-09-30,2020-10-07,39.0,7.0,50.0,7.0,False,False,False,False,both_available,True,15,7.0,True,True,False,True,True,True,False,True
978,282,Albania,2020-10-07,2020-10-14,6.0,7.0,39.0,50.0,False,False,False,False,both_available,True,16,7.0,True,True,False,True,True,True,False,True
979,282,Albania,2020-10-14,2020-10-21,9.0,7.0,6.0,39.0,False,False,False,False,both_available,True,17,7.0,True,True,False,True,True,True,False,True
980,282,Albania,2020-10-21,2020-10-28,3.0,7.0,9.0,6.0,False,False,False,False,both_available,True,18,7.0,True,True,False,True,True,True,False,True
981,282,Albania,2020-10-28,2020-11-04,3.0,7.0,3.0,9.0,False,False,False,False,both_available,True,19,7.0,True,True,False,True,True,True,False,True
982,282,Albania,2020-11-04,2020-11-11,8.0,7.0,3.0,3.0,False,False,False,False,both_available,True,20,7.0,True,True,False,True,True,True,False,True
983,282,Albania,2020-11-11,2020-11-18,12.0,7.0,8.0,3.0,False,False,False,False,both_available,True,21,7.0,True,True,False,True,True,True,False,True
984,282,Albania,2020-11-18,2020-11-25,0.0,7.0,12.0,8.0,False,False,False,False,both_available,False,22,7.0,True,True,False,True,True,True,False,True
985,282,Albania,2020-11-25,2020-12-02,0.0,7.0,0.0,12.0,False,False,False,False,both_available,False,23,7.0,True,True,False,True,True,True,False,True
986,282,Albania,2020-12-02,2020-12-09,0.0,7.0,0.0,0.0,False,False,False,False,both_available,False,24,7.0,True,True,False,True,True,True,False,True
987,282,Albania,2020-12-09,2020-12-16,0.0,7.0,0.0,0.0,False,False,False,False,both_available,False,25,7.0,True,True,False,True,True,True,False,True
988,282,Albania,2020-12-16,2020-12-23,0.0,7.0,0.0,0.0,False,False,False,False,both_available,False,26,7.0,True,True,False,True,True,True,False,True
989,282,Albania,2020-12-23,2020-12-30,0.0,7.0,0.0,0.0,False,False,False,False,both_available,False,27,7.0,True,True,False,True,True,True,False,True
990,290,Albania,2020-05-19,2020-05-27,0.0,8.0,,,True,True,True,True,both_missing,False,1,,True,False,True,False,True,False,True,False
991,290,Albania,2020-05-27,2020-06-03,0.0,7.0,0.0,,False,True,True,False,p2_only_missing,False,2,7.0,True,True,False,True,True,False,True,True
992,290,Albania,2020-06-03,2020-06-10,6.0,7.0,0.0,0.0,False,False,False,False,both_available,True,3,7.0,True,True,False,True,True,True,False,True
993,290,Albania,2020-06-10,2020-06-17,1.0,7.0,6.0,0.0,False,False,False,False,both_available,True,4,7.0,True,True,False,True,True,True,False,True
994,290,Albania,2020-06-17,2020-06-24,1.0,7.0,1.0,6.0,False,False,False,False,both_available,True,5,7.0,True,True,False,True,True,True,False,True
995,290,Albania,2020-06-24,2020-07-01,2.0,7.0,1.0,1.0,False,False,False,False,both_available,True,6,7.0,True,True,False,True,True,True,False,True
996,290,Albania,2020-07-01,2020-07-08,2.0,7.0,2.0,1.0,False,False,False,False,both_available,True,7,7.0,True,True,False,True,True,True,False,True
997,290,Albania,2020-07-08,2020-07-15,6.0,7.0,2.0,2.0,False,False,False,False,both_available,True,8,7.0,True,True,False,True,True,True,False,True
998,290,Albania,2020-07-15,2020-07-22,2.0,7.0,6.0,2.0,False,False,False,False,both_available,True,9,7.0,True,True,False,True,True,True,False,True
999,290,Albania,2020-07-22,2020-07-29,83.0,7.0,2.0,6.0,False,False,False,False,both_available,True,10,7.0,True,True,False,True,True,True,False,True
1000,290,Albania,2020-07-29,2020-08-05,17.0,7.0,83.0,2.0,False,False,False,False,both_available,True,11,7.0,True,True,False,True,True,True,False,True
1001,290,Albania,2020-08-05,2020-08-12,0.0,7.0,17.0,83.0,False,False,False,False,both_available,False,12,7.0,True,True,False,True,True,True,False,True
1002,290,Albania,2020-08-12,2020-08-19,27.0,7.0,0.0,17.0,False,False,False,False,both_available,True,13,7.0,True,True,False,True,True,True,False,True
1003,290,Albania,2020-08-19,2020-08-26,28.0,7.0,27.0,0.0,False,False,False,False,both_available,True,14,7.0,True,True,False,True,True,True,False,True
1004,290,Albania,2020-08-26,2020-09-02,96.0,7.0,28.0,27.0,False,False,False,False,both_available,True,15,7.0,True,True,False,True,True,True,False,True
1005,290,Albania,2020-09-02,2020-09-10,65.625,7.0,96.0,28.0,False,False,False,False,both_available,True,16,8.0,True,True,False,True,True,True,False,True
1006,290,Albania,2020-09-10,2020-09-16,49.0,6.0,65.625,96.0,False,False,False,False,both_available,True,17,6.0,True,True,False,True,True,True,False,True
1007,290,Albania,2020-09-16,2020-09-23,55.0,7.0,49.0,65.625,False,False,False,False,both_available,True,18,7.0,True,True,False,True,True,True,False,True
1008,290,Albania,2020-09-23,2020-09-30,124.0,7.0,55.0,49.0,False,False,False,False,both_available,True,19,7.0,True,True,False,True,True,True,False,True
1009,290,Albania,2020-09-30,2020-10-07,0.0,7.0,124.0,55.0,False,False,False,False,both_available,False,20,7.0,True,True,False,True,True,True,False,True
1010,290,Albania,2020-10-07,2020-10-14,0.0,7.0,0.0,124.0,False,False,False,False,both_available,False,21,7.0,True,True,False,True,True,True,False,True
1011,290,Albania,2020-10-14,2020-10-21,0.0,7.0,0.0,0.0,False,False,False,False,both_available,False,22,7.0,True,True,False,True,True,True,False,True
1012,290,Albania,2020-10-21,2020-10-28,0.0,7.0,0.0,0.0,False,False,False,False,both_available,False,23,7.0,True,True,False,True,True,True,False,True
1013,290,Albania,2020-10-28,2020-11-04,0.0,7.0,0.0,0.0,False,False,False,False,both_available,False,24,7.0,True,True,False,True,True,True,False,True
1014,290,Albania,2020-11-11,2020-11-18,0.0,7.0,,0.0,True,False,True,False,p1_only_missing,False,25,14.0,True,False,False,True,True,True,False,True
1015,290,Albania,2020-11-18,2020-11-25,0.0,7.0,0.0,,False,True,True,False,p2_only_missing,False,26,7.0,True,True,False,True,True,False,False,True
1016,290,Albania,2020-11-25,2020-12-02,0.0,7.0,0.0,0.0,False,False,False,False,both_available,False,27,7.0,True,True,False,True,True,True,False,True
1017,290,Albania,2020-12-02,2020-12-09,0.0,7.0,0.0,0.0,False,False,False,False,both_available,False,28,7.0,True,True,False,True,True,True,False,True
1018,290,Albania,2020-12-09,2020-12-16,0.0,7.0,0.0,0.0,False,False,False,False,both_available,False,29,7.0,True,True,False,True,True,True,False,True
1019,290,Albania,2020-12-16,2020-12-23,0.0,7.0,0.0,0.0,False,False,False,False,both_available,False,30,7.0,True,True,False,True,True,True,False,True
1020,290,Albania,2020-12-23,2020-12-30,0.0,7.0,0.0,0.0,False,False,False,False,both_available,False,31,7.0,True,True,False,True,True,True,False,True
1021,291,Albania,2020-05-19,2020-05-27,0.0,8.0,,,True,True,True,True,both_missing,False,1,,True,False,True,False,True,False,True,False
1022,291,Albania,2020-05-27,2020-06-03,0.0,7.0,0.0,,False,True,True,False,p2_only_missing,False,2,7.0,True,True,False,True,True,False,True,True
1023,291,Albania,2020-06-03,2020-06-10,0.0,7.0,0.0,0.0,False,False,False,False,both_available,False,3,7.0,True,True,False,True,True,True,False,True
1024,291,Albania,2020-06-10,2020-06-17,0.0,7.0,0.0,0.0,False,False,False,False,both_available,False,4,7.0,True,True,False,True,True,True,False,True
1025,291,Albania,2020-06-17,2020-06-24,103.0,7.0,0.0,0.0,False,False,False,False,both_available,True,5,7.0,True,True,False,True,True,True,False,True
1026,291,Albania,2020-06-24,2020-07-01,77.0,7.0,103.0,0.0,False,False,False,False,both_available,True,6,7.0,True,True,False,True,True,True,False,True
1027,291,Albania,2020-07-01,2020-07-08,36.0,7.0,77.0,103.0,False,False,False,False,both_available,True,7,7.0,True,True,False,True,True,True,False,True
1028,291,Albania,2020-07-08,2020-07-15,204.0,7.0,36.0,77.0,False,False,False,False,both_available,True,8,7.0,True,True,False,True,True,True,False,True
1029,291,Albania,2020-07-15,2020-07-22,41.0,7.0,204.0,36.0,False,False,False,False,both_available,True,9,7.0,True,True,False,True,True,True,False,True
1030,291,Albania,2020-07-22,2020-07-29,271.0,7.0,41.0,204.0,False,False,False,False,both_available,True,10,7.0,True,True,False,True,True,True,False,True
1031,291,Albania,2020-07-29,2020-08-05,22.0,7.0,271.0,41.0,False,False,False,False,both_available,True,11,7.0,True,True,False,True,True,True,False,True
1032,291,Albania,2020-08-05,2020-08-12,4.0,7.0,22.0,271.0,False,False,False,False,both_available,True,12,7.0,True,True,False,True,True,True,False,True
1033,291,Albania,2020-08-12,2020-08-19,85.0,7.0,4.0,22.0,False,False,False,False,both_available,True,13,7.0,True,True,False,True,True,True,False,True
1034,291,Albania,2020-08-19,2020-08-26,16.0,7.0,85.0,4.0,False,False,False,False,both_available,True,14,7.0,True,True,False,True,True,True,False,True
1035,291,Albania,2020-08-26,2020-09-02,189.0,7.0,16.0,85.0,False,False,False,False,both_available,True,15,7.0,True,True,False,True,True,True,False,True
1036,291,Albania,2020-09-02,2020-09-10,101.5,7.0,189.0,16.0,False,False,False,False,both_available,True,16,8.0,True,True,False,True,True,True,False,True
1037,291,Albania,2020-09-10,2020-09-16,116.66666666666667,6.0,101.5,189.0,False,False,False,False,both_available,True,17,6.0,True,True,False,True,True,True,False,True
1038,291,Albania,2020-09-16,2020-09-23,0.0,7.0,116.66666666666667,101.5,False,False,False,False,both_available,False,18,7.0,True,True,False,True,True,True,False,True
1039,291,Albania,2020-09-23,2020-09-30,1.0,7.0,0.0,116.66666666666667,False,False,False,False,both_available,True,19,7.0,True,True,False,True,True,True,False,True
1040,291,Albania,2020-09-30,2020-10-07,97.0,7.0,1.0,0.0,False,False,False,False,both_available,True,20,7.0,True,True,False,True,True,True,False,True
1041,291,Albania,2020-10-07,2020-10-14,3.0,7.0,97.0,1.0,False,False,False,False,both_available,True,21,7.0,True,True,False,True,True,True,False,True
1042,291,Albania,2020-10-14,2020-10-21,0.0,7.0,3.0,97.0,False,False,False,False,both_available,False,22,7.0,True,True,False,True,True,True,False,True
1043,291,Albania,2020-10-21,2020-10-28,0.0,7.0,0.0,3.0,False,False,False,False,both_available,False,23,7.0,True,True,False,True,True,True,False,True
1044,291,Albania,2020-10-28,2020-11-04,3.0,7.0,0.0,0.0,False,False,False,False,both_available,True,24,7.0,True,True,False,True,True,True,False,True
1045,291,Albania,2020-11-04,2020-11-11,5.0,7.0,3.0,0.0,False,False,False,False,both_available,True,25,7.0,True,True,False,True,True,True,False,True
1046,291,Albania,2020-11-11,2020-11-18,0.0,7.0,5.0,3.0,False,False,False,False,both_available,False,26,7.0,True,True,False,True,True,True,False,True
1047,291,Albania,2020-11-18,2020-11-25,0.0,7.0,0.0,5.0,False,False,False,False,both_available,False,27,7.0,True,True,False,True,True,True,False,True
1048,291,Albania,2020-11-25,2020-12-02,0.0,7.0,0.0,0.0,False,False,False,False,both_available,False,28,7.0,True,True,False,True,True,True,False,True
1049,291,Albania,2020-12-02,2020-12-09,0.0,7.0,0.0,0.0,False,False,False,False,both_available,False,29,7.0,True,True,False,True,True,True,False,True
1050,291,Albania,2020-12-09,2020-12-16,0.0,7.0,0.0,0.0,False,False,False,False,both_available,False,30,7.0,True,True,False,True,True,True,False,True
1051,291,Albania,2020-12-16,2020-12-23,0.0,7.0,0.0,0.0,False,False,False,False,both_available,False,31,7.0,True,True,False,True,True,True,False,True
1052,291,Albania,2020-12-23,2020-12-30,0.0,7.0,0.0,0.0,False,False,False,False,both_available,False,32,7.0,True,True,False,True,True,True,False,True
1053,292,Albania,2020-05-19,2020-05-27,8.75,8.0,,,True,True,True,True,both_missing,True,1,,True,False,True,False,True,False,True,False
1054,292,Albania,2020-05-27,2020-06-03,0.0,7.0,8.75,,False,True,True,False,p2_only_missing,False,2,7.0,True,True,False,True,True,False,True,True
1055,292,Albania,2020-06-03,2020-06-10,3.0,7.0,0.0,8.75,False,False,False,False,both_available,True,3,7.0,True,True,False,True,True,True,False,True
1056,292,Albania,2020-06-10,2020-06-17,18.0,7.0,3.0,0.0,False,False,False,False,both_available,True,4,7.0,True,True,False,True,True,True,False,True
1057,292,Albania,2020-06-17,2020-06-24,8.0,7.0,18.0,3.0,False,False,False,False,both_available,True,5,7.0,True,True,False,True,True,True,False,True
1058,292,Albania,2020-06-24,2020-07-01,12.0,7.0,8.0,18.0,False,False,False,False,both_available,True,6,7.0,True,True,False,True,True,True,False,True
1059,292,Albania,2020-07-01,2020-07-08,1.0,7.0,12.0,8.0,False,False,False,False,both_available,True,7,7.0,True,True,False,True,True,True,False,True
1060,292,Albania,2020-07-08,2020-07-15,63.0,7.0,1.0,12.0,False,False,False,False,both_available,True,8,7.0,True,True,False,True,True,True,False,True
1061,292,Albania,2020-07-15,2020-07-22,82.0,7.0,63.0,1.0,False,False,False,False,both_available,True,9,7.0,True,True,False,True,True,True,False,True
1062,292,Albania,2020-07-22,2020-07-29,268.0,7.0,82.0,63.0,False,False,False,False,both_available,True,10,7.0,True,True,False,True,True,True,False,True
1063,292,Albania,2020-07-29,2020-08-05,19.0,7.0,268.0,82.0,False,False,False,False,both_available,True,11,7.0,True,True,False,True,True,True,False,True
1064,292,Albania,2020-08-12,2020-08-19,118.0,7.0,,19.0,True,False,True,False,p1_only_missing,True,12,14.0,True,False,False,True,True,True,False,True
1065,292,Albania,2020-08-19,2020-08-26,167.0,7.0,118.0,,False,True,True,False,p2_only_missing,True,13,7.0,True,True,False,True,True,False,False,True
1066,292,Albania,2020-08-26,2020-09-02,254.0,7.0,167.0,118.0,False,False,False,False,both_available,True,14,7.0,True,True,False,True,True,True,False,True
1067,292,Albania,2020-09-02,2020-09-10,187.25,7.0,254.0,167.0,False,False,False,False,both_available,True,15,8.0,True,True,False,True,True,True,False,True
1068,292,Albania,2020-09-10,2020-09-16,289.3333333333333,6.0,187.25,254.0,False,False,False,False,both_available,True,16,6.0,True,True,False,True,True,True,False,True
1069,292,Albania,2020-09-16,2020-09-23,51.0,7.0,289.3333333333333,187.25,False,False,False,False,both_available,True,17,7.0,True,True,False,True,True,True,False,True
1070,292,Albania,2020-09-23,2020-09-30,25.0,7.0,51.0,289.3333333333333,False,False,False,False,both_available,True,18,7.0,True,True,False,True,True,True,False,True
1071,292,Albania,2020-09-30,2020-10-07,5.0,7.0,25.0,51.0,False,False,False,False,both_available,True,19,7.0,True,True,False,True,True,True,False,True
1072,292,Albania,2020-10-07,2020-10-14,22.0,7.0,5.0,25.0,False,False,False,False,both_available,True,20,7.0,True,True,False,True,True,True,False,True
1073,292,Albania,2020-10-14,2020-10-21,1.0,7.0,22.0,5.0,False,False,False,False,both_available,True,21,7.0,True,True,False,True,True,True,False,True
1074,292,Albania,2020-10-21,2020-10-28,2.0,7.0,1.0,22.0,False,False,False,False,both_available,True,22,7.0,True,True,False,True,True,True,False,True
1075,292,Albania,2020-10-28,2020-11-04,2.0,7.0,2.0,1.0,False,False,False,False,both_available,True,23,7.0,True,True,False,True,True,True,False,True
1076,292,Albania,2020-11-04,2020-11-11,1.0,7.0,2.0,2.0,False,False,False,False,both_available,True,24,7.0,True,True,False,True,True,True,False,True
1077,292,Albania,2020-11-11,2020-11-18,0.0,7.0,1.0,2.0,False,False,False,False,both_available,False,25,7.0,True,True,False,True,True,True,False,True
1078,292,Albania,2020-11-18,2020-11-25,0.0,7.0,0.0,1.0,False,False,False,False,both_available,False,26,7.0,True,True,False,True,True,True,False,True
1079,292,Albania,2020-11-25,2020-12-02,0.0,7.0,0.0,0.0,False,False,False,False,both_available,False,27,7.0,True,True,False,True,True,True,False,True
1080,292,Albania,2020-12-02,2020-12-09,0.0,7.0,0.0,0.0,False,False,False,False,both_available,False,28,7.0,True,True,False,True,True,True,False,True
1081,292,Albania,2020-12-09,2020-12-16,0.0,7.0,0.0,0.0,False,False,False,False,both_available,False,29,7.0,True,True,False,True,True,True,False,True
1082,292,Albania,2020-12-16,2020-12-23,0.0,7.0,0.0,0.0,False,False,False,False,both_available,False,30,7.0,True,True,False,True,True,True,False,True
1083,292,Albania,2020-12-23,2020-12-30,0.0,7.0,0.0,0.0,False,False,False,False,both_available,False,31,7.0,True,True,False,True,True,True,False,True
1084,293,Albania,2020-05-19,2020-05-27,0.0,8.0,,,True,True,True,True,both_missing,False,1,,True,False,True,False,True,False,True,False
1085,293,Albania,2020-05-27,2020-06-03,0.0,7.0,0.0,,False,True,True,False,p2_only_missing,False,2,7.0,True,True,False,True,True,False,True,True
1086,293,Albania,2020-06-03,2020-06-10,1.0,7.0,0.0,0.0,False,False,False,False,both_available,True,3,7.0,True,True,False,True,True,True,False,True
1087,293,Albania,2020-06-10,2020-06-17,0.0,7.0,1.0,0.0,False,False,False,False,both_available,False,4,7.0,True,True,False,True,True,True,False,True
1088,293,Albania,2020-06-17,2020-06-24,9.0,7.0,0.0,1.0,False,False,False,False,both_available,True,5,7.0,True,True,False,True,True,True,False,True
1089,293,Albania,2020-06-24,2020-07-01,100.0,7.0,9.0,0.0,False,False,False,False,both_available,True,6,7.0,True,True,False,True,True,True,False,True
1090,293,Albania,2020-07-01,2020-07-08,44.0,7.0,100.0,9.0,False,False,False,False,both_available,True,7,7.0,True,True,False,True,True,True,False,True
1091,293,Albania,2020-07-08,2020-07-15,200.0,7.0,44.0,100.0,False,False,False,False,both_available,True,8,7.0,True,True,False,True,True,True,False,True
1092,293,Albania,2020-07-15,2020-07-22,2.0,7.0,200.0,44.0,False,False,False,False,both_available,True,9,7.0,True,True,False,True,True,True,False,True
1093,293,Albania,2020-07-22,2020-07-29,93.0,7.0,2.0,200.0,False,False,False,False,both_available,True,10,7.0,True,True,False,True,True,True,False,True
1094,293,Albania,2020-07-29,2020-08-05,24.0,7.0,93.0,2.0,False,False,False,False,both_available,True,11,7.0,True,True,False,True,True,True,False,True
1095,293,Albania,2020-08-05,2020-08-12,243.0,7.0,24.0,93.0,False,False,False,False,both_available,True,12,7.0,True,True,False,True,True,True,False,True
1096,293,Albania,2020-08-12,2020-08-19,55.0,7.0,243.0,24.0,False,False,False,False,both_available,True,13,7.0,True,True,False,True,True,True,False,True
1097,293,Albania,2020-08-19,2020-08-26,151.0,7.0,55.0,243.0,False,False,False,False,both_available,True,14,7.0,True,True,False,True,True,True,False,True
1098,293,Albania,2020-08-26,2020-09-02,208.0,7.0,151.0,55.0,False,False,False,False,both_available,True,15,7.0,True,True,False,True,True,True,False,True
1099,293,Albania,2020-09-02,2020-09-10,70.875,7.0,208.0,151.0,False,False,False,False,both_available,True,16,8.0,True,True,False,True,True,True,False,True
1100,293,Albania,2020-09-10,2020-09-16,10.5,6.0,70.875,208.0,False,False,False,False,both_available,True,17,6.0,True,True,False,True,True,True,False,True
1101,293,Albania,2020-09-16,2020-09-23,0.0,7.0,10.5,70.875,False,False,False,False,both_available,False,18,7.0,True,True,False,True,True,True,False,True
1102,293,Albania,2020-09-23,2020-09-30,7.0,7.0,0.0,10.5,False,False,False,False,both_available,True,19,7.0,True,True,False,True,True,True,False,True
1103,293,Albania,2020-09-30,2020-10-07,25.0,7.0,7.0,0.0,False,False,False,False,both_available,True,20,7.0,True,True,False,True,True,True,False,True
1104,293,Albania,2020-10-07,2020-10-14,2.0,7.0,25.0,7.0,False,False,False,False,both_available,True,21,7.0,True,True,False,True,True,True,False,True
1105,293,Albania,2020-10-14,2020-10-21,17.0,7.0,2.0,25.0,False,False,False,False,both_available,True,22,7.0,True,True,False,True,True,True,False,True
1106,293,Albania,2020-10-21,2020-10-28,1.0,7.0,17.0,2.0,False,False,False,False,both_available,True,23,7.0,True,True,False,True,True,True,False,True
1107,293,Albania,2020-10-28,2020-11-04,0.0,7.0,1.0,17.0,False,False,False,False,both_available,False,24,7.0,True,True,False,True,True,True,False,True
1108,293,Albania,2020-11-04,2020-11-11,0.0,7.0,0.0,1.0,False,False,False,False,both_available,False,25,7.0,True,True,False,True,True,True,False,True
1109,293,Albania,2020-11-11,2020-11-18,0.0,7.0,0.0,0.0,False,False,False,False,both_available,False,26,7.0,True,True,False,True,True,True,False,True
1110,293,Albania,2020-11-18,2020-11-25,0.0,7.0,0.0,0.0,False,False,False,False,both_available,False,27,7.0,True,True,False,True,True,True,False,True
1111,293,Albania,2020-11-25,2020-12-02,2.0,7.0,0.0,0.0,False,False,False,False,both_available,True,28,7.0,True,True,False,True,True,True,False,True
1112,293,Albania,2020-12-02,2020-12-09,0.0,7.0,2.0,0.0,False,False,False,False,both_available,False,29,7.0,True,True,False,True,True,True,False,True
1113,293,Albania,2020-12-09,2020-12-16,0.0,7.0,0.0,2.0,False,False,False,False,both_available,False,30,7.0,True,True,False,True,True,True,False,True
1114,293,Albania,2020-12-16,2020-12-23,0.0,7.0,0.0,0.0,False,False,False,False,both_available,False,31,7.0,True,True,False,True,True,True,False,True
1115,293,Albania,2020-12-23,2020-12-30,0.0,7.0,0.0,0.0,False,False,False,False,both_available,False,32,7.0,True,True,False,True,True,True,False,True
1116,295,Albania,2020-05-19,2020-05-27,0.0,8.0,,,True,True,True,True,both_missing,False,1,,True,False,True,False,True,False,True,False
1117,295,Albania,2020-05-27,2020-06-03,0.0,7.0,0.0,,False,True,True,False,p2_only_missing,False,2,7.0,True,True,False,True,True,False,True,True
1118,295,Albania,2020-06-03,2020-06-10,2.0,7.0,0.0,0.0,False,False,False,False,both_available,True,3,7.0,True,True,False,True,True,True,False,True
1119,295,Albania,2020-06-10,2020-06-17,0.0,7.0,2.0,0.0,False,False,False,False,both_available,False,4,7.0,True,True,False,True,True,True,False,True
1120,295,Albania,2020-06-17,2020-06-24,0.0,7.0,0.0,2.0,False,False,False,False,both_available,False,5,7.0,True,True,False,True,True,True,False,True
1121,295,Albania,2020-06-24,2020-07-01,20.0,7.0,0.0,0.0,False,False,False,False,both_available,True,6,7.0,True,True,False,True,True,True,False,True
1122,295,Albania,2020-07-01,2020-07-08,7.0,7.0,20.0,0.0,False,False,False,False,both_available,True,7,7.0,True,True,False,True,True,True,False,True
1123,295,Albania,2020-07-08,2020-07-15,48.0,7.0,7.0,20.0,False,False,False,False,both_available,True,8,7.0,True,True,False,True,True,True,False,True
1124,295,Albania,2020-07-15,2020-07-22,132.0,7.0,48.0,7.0,False,False,False,False,both_available,True,9,7.0,True,True,False,True,True,True,False,True
1125,295,Albania,2020-07-22,2020-07-29,29.0,7.0,132.0,48.0,False,False,False,False,both_available,True,10,7.0,True,True,False,True,True,True,False,True
1126,295,Albania,2020-07-29,2020-08-05,126.0,7.0,29.0,132.0,False,False,False,False,both_available,True,11,7.0,True,True,False,True,True,True,False,True
1127,295,Albania,2020-08-05,2020-08-12,67.0,7.0,126.0,29.0,False,False,False,False,both_available,True,12,7.0,True,True,False,True,True,True,False,True
1128,295,Albania,2020-08-12,2020-08-19,87.0,7.0,67.0,126.0,False,False,False,False,both_available,True,13,7.0,True,True,False,True,True,True,False,True
1129,295,Albania,2020-08-19,2020-08-26,230.0,7.0,87.0,67.0,False,False,False,False,both_available,True,14,7.0,True,True,False,True,True,True,False,True
1130,295,Albania,2020-08-26,2020-09-02,173.0,7.0,230.0,87.0,False,False,False,False,both_available,True,15,7.0,True,True,False,True,True,True,False,True
1131,295,Albania,2020-09-02,2020-09-10,77.0,7.0,173.0,230.0,False,False,False,False,both_available,True,16,8.0,True,True,False,True,True,True,False,True
1132,295,Albania,2020-09-10,2020-09-16,43.166666666666664,6.0,77.0,173.0,False,False,False,False,both_available,True,17,6.0,True,True,False,True,True,True,False,True
1133,295,Albania,2020-09-16,2020-09-23,237.0,7.0,43.166666666666664,77.0,False,False,False,False,both_available,True,18,7.0,True,True,False,True,True,True,False,True
1134,295,Albania,2020-09-23,2020-09-30,41.0,7.0,237.0,43.166666666666664,False,False,False,False,both_available,True,19,7.0,True,True,False,True,True,True,False,True
1135,295,Albania,2020-09-30,2020-10-07,64.0,7.0,41.0,237.0,False,False,False,False,both_available,True,20,7.0,True,True,False,True,True,True,False,True
1136,295,Albania,2020-10-07,2020-10-14,0.0,7.0,64.0,41.0,False,False,False,False,both_available,False,21,7.0,True,True,False,True,True,True,False,True
1137,295,Albania,2020-10-14,2020-10-21,3.0,7.0,0.0,64.0,False,False,False,False,both_available,True,22,7.0,True,True,False,True,True,True,False,True
1138,295,Albania,2020-10-21,2020-10-28,0.0,7.0,3.0,0.0,False,False,False,False,both_available,False,23,7.0,True,True,False,True,True,True,False,True
1139,295,Albania,2020-10-28,2020-11-04,2.0,7.0,0.0,3.0,False,False,False,False,both_available,True,24,7.0,True,True,False,True,True,True,False,True
1140,295,Albania,2020-11-04,2020-11-11,0.0,7.0,2.0,0.0,False,False,False,False,both_available,False,25,7.0,True,True,False,True,True,True,False,True
1141,295,Albania,2020-11-11,2020-11-18,32.0,7.0,0.0,2.0,False,False,False,False,both_available,True,26,7.0,True,True,False,True,True,True,False,True
1142,295,Albania,2020-11-18,2020-11-25,0.0,7.0,32.0,0.0,False,False,False,False,both_available,False,27,7.0,True,True,False,True,True,True,False,True
1143,295,Albania,2020-11-25,2020-12-02,0.0,7.0,0.0,32.0,False,False,False,False,both_available,False,28,7.0,True,True,False,True,True,True,False,True
1144,295,Albania,2020-12-02,2020-12-09,0.0,7.0,0.0,0.0,False,False,False,False,both_available,False,29,7.0,True,True,False,True,True,True,False,True
1145,295,Albania,2020-12-09,2020-12-16,0.0,7.0,0.0,0.0,False,False,False,False,both_available,False,30,7.0,True,True,False,True,True,True,False,True
1146,295,Albania,2020-12-16,2020-12-23,0.0,7.0,0.0,0.0,False,False,False,False,both_available,False,31,7.0,True,True,False,True,True,True,False,True
1147,295,Albania,2020-12-23,2020-12-30,0.0,7.0,0.0,0.0,False,False,False,False,both_available,False,32,7.0,True,True,False,True,True,True,False,True
1148,297,Greece,2020-09-03,2020-09-10,0.0,7.0,,,True,True,True,True,both_missing,False,1,,True,False,False,True,True,False,False,True
1149,300,Greece,2020-09-03,2020-09-10,0.0,7.0,,,True,True,True,True,both_missing,False,1,,True,False,True,False,True,False,True,False
1150,353,Spain,2020-07-20,2020-07-27,34.0,7.0,,,True,True,True,True,both_missing,True,1,,True,False,True,False,True,False,True,False
1151,353,Spain,2020-07-27,2020-08-03,54.0,7.0,34.0,,False,True,True,False,p2_only_missing,True,2,7.0,True,True,False,True,True,False,True,True
1152,353,Spain,2020-08-03,2020-08-11,27.125,8.0,54.0,34.0,False,False,False,False,both_available,True,3,8.0,True,True,False,True,True,True,False,True
1153,353,Spain,2020-08-11,2020-08-19,52.5,8.0,27.125,54.0,False,False,False,False,both_available,True,4,8.0,True,True,False,True,True,True,False,True
1154,353,Spain,2020-08-19,2020-08-26,73.0,7.0,52.5,27.125,False,False,False,False,both_available,True,5,7.0,True,True,False,True,True,True,False,True
1155,353,Spain,2020-08-26,2020-09-03,11.375,8.0,73.0,52.5,False,False,False,False,both_available,True,6,8.0,True,True,False,True,True,True,False,True
1156,353,Spain,2020-09-03,2020-09-10,21.0,7.0,11.375,73.0,False,False,False,False,both_available,True,7,7.0,True,True,False,True,True,True,False,True
1157,353,Spain,2020-09-10,2020-09-16,44.333333333333336,6.0,21.0,11.375,False,False,False,False,both_available,True,8,6.0,True,True,False,True,True,True,False,True
1158,353,Spain,2020-09-16,2020-09-23,68.0,7.0,44.333333333333336,21.0,False,False,False,False,both_available,True,9,7.0,True,True,False,True,True,True,False,True
1159,353,Spain,2020-09-23,2020-09-30,43.0,7.0,68.0,44.333333333333336,False,False,False,False,both_available,True,10,7.0,True,True,False,True,True,True,False,True
1160,353,Spain,2020-09-30,2020-10-07,13.0,7.0,43.0,68.0,False,False,False,False,both_available,True,11,7.0,True,True,False,True,True,True,False,True
1161,353,Spain,2020-10-07,2020-10-14,0.0,7.0,13.0,43.0,False,False,False,False,both_available,False,12,7.0,True,True,False,True,True,True,False,True
1162,353,Spain,2020-10-14,2020-10-21,3.0,7.0,0.0,13.0,False,False,False,False,both_available,True,13,7.0,True,True,False,True,True,True,False,True
1163,353,Spain,2020-10-30,2020-11-05,2.3333333333333335,6.0,1.5555555555555556,,False,True,True,False,p2_only_missing,True,14,15.0,True,False,False,True,True,False,False,True
1164,353,Spain,2020-11-05,2020-11-11,1.1666666666666667,6.0,2.3333333333333335,1.5555555555555556,False,False,False,False,both_available,True,15,6.0,True,True,False,True,True,False,False,True
1165,354,Spain,2020-07-20,2020-07-27,29.0,7.0,,,True,True,True,True,both_missing,True,1,,True,False,True,False,True,False,True,False
1166,354,Spain,2020-07-27,2020-08-03,92.0,7.0,29.0,,False,True,True,False,p2_only_missing,True,2,7.0,True,True,False,True,True,False,True,True
1167,354,Spain,2020-08-03,2020-08-11,72.625,8.0,92.0,29.0,False,False,False,False,both_available,True,3,8.0,True,True,False,True,True,True,False,True
1168,354,Spain,2020-08-11,2020-08-19,154.875,8.0,72.625,92.0,False,False,False,False,both_available,True,4,8.0,True,True,False,True,True,True,False,True
1169,354,Spain,2020-08-19,2020-08-26,7.0,7.0,154.875,72.625,False,False,False,False,both_available,True,5,7.0,True,True,False,True,True,True,False,True
1170,354,Spain,2020-08-26,2020-09-03,28.0,8.0,7.0,154.875,False,False,False,False,both_available,True,6,8.0,True,True,False,True,True,True,False,True
1171,354,Spain,2020-09-03,2020-09-10,8.0,7.0,28.0,7.0,False,False,False,False,both_available,True,7,7.0,True,True,False,True,True,True,False,True
1172,354,Spain,2020-09-10,2020-09-16,36.166666666666664,6.0,8.0,28.0,False,False,False,False,both_available,True,8,6.0,True,True,False,True,True,True,False,True
1173,354,Spain,2020-09-16,2020-09-23,54.0,7.0,36.166666666666664,8.0,False,False,False,False,both_available,True,9,7.0,True,True,False,True,True,True,False,True
1174,354,Spain,2020-09-23,2020-09-30,0.0,7.0,54.0,36.166666666666664,False,False,False,False,both_available,False,10,7.0,True,True,False,True,True,True,False,True
1175,354,Spain,2020-09-30,2020-10-07,0.0,7.0,0.0,54.0,False,False,False,False,both_available,False,11,7.0,True,True,False,True,True,True,False,True
1176,354,Spain,2020-10-07,2020-10-14,1.0,7.0,0.0,0.0,False,False,False,False,both_available,True,12,7.0,True,True,False,True,True,True,False,True
1177,354,Spain,2020-10-14,2020-10-21,0.0,7.0,1.0,0.0,False,False,False,False,both_available,False,13,7.0,True,True,False,True,True,True,False,True
1178,354,Spain,2020-10-30,2020-11-05,0.0,6.0,0.0,,False,True,True,False,p2_only_missing,False,14,15.0,True,False,False,True,True,False,False,True
1179,354,Spain,2020-11-05,2020-11-11,1.1666666666666667,6.0,0.0,0.0,False,False,False,False,both_available,True,15,6.0,True,True,False,True,True,False,False,True
1180,355,Spain,2020-07-20,2020-07-27,6.0,7.0,,,True,True,True,True,both_missing,True,1,,True,False,True,False,True,False,True,False
1181,355,Spain,2020-07-27,2020-08-03,24.0,7.0,6.0,,False,True,True,False,p2_only_missing,True,2,7.0,True,True,False,True,True,False,True,True
1182,355,Spain,2020-08-03,2020-08-11,6.125,8.0,24.0,6.0,False,False,False,False,both_available,True,3,8.0,True,True,False,True,True,True,False,True
1183,355,Spain,2020-08-11,2020-08-19,49.0,8.0,6.125,24.0,False,False,False,False,both_available,True,4,8.0,True,True,False,True,True,True,False,True
1184,355,Spain,2020-08-26,2020-09-03,3.5,8.0,,49.0,True,False,True,False,p1_only_missing,True,5,15.0,True,False,False,True,True,True,False,True
1185,355,Spain,2020-09-03,2020-09-10,4.0,7.0,3.5,,False,True,True,False,p2_only_missing,True,6,7.0,True,True,False,True,True,False,False,True
1186,355,Spain,2020-09-10,2020-09-16,30.333333333333332,6.0,4.0,3.5,False,False,False,False,both_available,True,7,6.0,True,True,False,True,True,True,False,True
1187,355,Spain,2020-09-16,2020-09-23,37.0,7.0,30.333333333333332,4.0,False,False,False,False,both_available,True,8,7.0,True,True,False,True,True,True,False,True
1188,355,Spain,2020-09-23,2020-09-30,13.0,7.0,37.0,30.333333333333332,False,False,False,False,both_available,True,9,7.0,True,True,False,True,True,True,False,True
1189,355,Spain,2020-09-30,2020-10-07,33.0,7.0,13.0,37.0,False,False,False,False,both_available,True,10,7.0,True,True,False,True,True,True,False,True
1190,355,Spain,2020-10-07,2020-10-14,2.0,7.0,33.0,13.0,False,False,False,False,both_available,True,11,7.0,True,True,False,True,True,True,False,True
1191,355,Spain,2020-10-14,2020-10-21,7.0,7.0,2.0,33.0,False,False,False,False,both_available,True,12,7.0,True,True,False,True,True,True,False,True
1192,355,Spain,2020-10-30,2020-11-05,0.0,6.0,3.111111111111111,,False,True,True,False,p2_only_missing,False,13,15.0,True,False,False,True,True,False,False,True
1193,355,Spain,2020-11-05,2020-11-11,1.1666666666666667,6.0,0.0,3.111111111111111,False,False,False,False,both_available,True,14,6.0,True,True,False,True,True,False,False,True
1194,356,Spain,2020-07-20,2020-07-27,46.0,7.0,,,True,True,True,True,both_missing,True,1,,True,False,True,False,True,False,True,False
1195,356,Spain,2020-07-27,2020-08-03,107.0,7.0,46.0,,False,True,True,False,p2_only_missing,True,2,7.0,True,True,False,True,True,False,True,True
1196,356,Spain,2020-08-03,2020-08-11,46.375,8.0,107.0,46.0,False,False,False,False,both_available,True,3,8.0,True,True,False,True,True,True,False,True
1197,356,Spain,2020-08-11,2020-08-19,100.625,8.0,46.375,107.0,False,False,False,False,both_available,True,4,8.0,True,True,False,True,True,True,False,True
1198,356,Spain,2020-08-19,2020-08-26,44.0,7.0,100.625,46.375,False,False,False,False,both_available,True,5,7.0,True,True,False,True,True,True,False,True
1199,356,Spain,2020-08-26,2020-09-03,30.625,8.0,44.0,100.625,False,False,False,False,both_available,True,6,8.0,True,True,False,True,True,True,False,True
1200,356,Spain,2020-09-03,2020-09-10,66.0,7.0,30.625,44.0,False,False,False,False,both_available,True,7,7.0,True,True,False,True,True,True,False,True
1201,356,Spain,2020-09-10,2020-09-16,3.5,6.0,66.0,30.625,False,False,False,False,both_available,True,8,6.0,True,True,False,True,True,True,False,True
1202,356,Spain,2020-09-16,2020-09-23,9.0,7.0,3.5,66.0,False,False,False,False,both_available,True,9,7.0,True,True,False,True,True,True,False,True
1203,356,Spain,2020-09-23,2020-09-30,41.0,7.0,9.0,3.5,False,False,False,False,both_available,True,10,7.0,True,True,False,True,True,True,False,True
1204,356,Spain,2020-09-30,2020-10-07,15.0,7.0,41.0,9.0,False,False,False,False,both_available,True,11,7.0,True,True,False,True,True,True,False,True
1205,356,Spain,2020-10-07,2020-10-14,0.0,7.0,15.0,41.0,False,False,False,False,both_available,False,12,7.0,True,True,False,True,True,True,False,True
1206,356,Spain,2020-10-14,2020-10-21,0.0,7.0,0.0,15.0,False,False,False,False,both_available,False,13,7.0,True,True,False,True,True,True,False,True
1207,356,Spain,2020-10-30,2020-11-05,0.0,6.0,0.0,,False,True,True,False,p2_only_missing,False,14,15.0,True,False,False,True,True,False,False,True
1208,356,Spain,2020-11-05,2020-11-11,0.0,6.0,0.0,0.0,False,False,False,False,both_available,False,15,6.0,True,True,False,True,True,False,False,True
1209,357,Spain,2020-07-20,2020-07-27,16.0,7.0,,,True,True,True,True,both_missing,True,1,,True,False,True,False,True,False,True,False
1210,357,Spain,2020-07-27,2020-08-03,15.0,7.0,16.0,,False,True,True,False,p2_only_missing,True,2,7.0,True,True,False,True,True,False,True,True
1211,357,Spain,2020-08-03,2020-08-11,0.0,8.0,15.0,16.0,False,False,False,False,both_available,False,3,8.0,True,True,False,True,True,True,False,True
1212,357,Spain,2020-08-11,2020-08-19,43.75,8.0,0.0,15.0,False,False,False,False,both_available,True,4,8.0,True,True,False,True,True,True,False,True
1213,357,Spain,2020-08-19,2020-08-26,17.0,7.0,43.75,0.0,False,False,False,False,both_available,True,5,7.0,True,True,False,True,True,True,False,True
1214,357,Spain,2020-08-26,2020-09-03,15.75,8.0,17.0,43.75,False,False,False,False,both_available,True,6,8.0,True,True,False,True,True,True,False,True
1215,357,Spain,2020-09-03,2020-09-10,16.0,7.0,15.75,17.0,False,False,False,False,both_available,True,7,7.0,True,True,False,True,True,True,False,True
1216,357,Spain,2020-09-10,2020-09-16,2.3333333333333335,6.0,16.0,15.75,False,False,False,False,both_available,True,8,6.0,True,True,False,True,True,True,False,True
1217,357,Spain,2020-09-16,2020-09-23,12.0,7.0,2.3333333333333335,16.0,False,False,False,False,both_available,True,9,7.0,True,True,False,True,True,True,False,True
1218,357,Spain,2020-09-23,2020-09-30,2.0,7.0,12.0,2.3333333333333335,False,False,False,False,both_available,True,10,7.0,True,True,False,True,True,True,False,True
1219,357,Spain,2020-09-30,2020-10-07,0.0,7.0,2.0,12.0,False,False,False,False,both_available,False,11,7.0,True,True,False,True,True,True,False,True
1220,357,Spain,2020-10-07,2020-10-14,3.0,7.0,0.0,2.0,False,False,False,False,both_available,True,12,7.0,True,True,False,True,True,True,False,True
1221,357,Spain,2020-10-14,2020-10-21,0.0,7.0,3.0,0.0,False,False,False,False,both_available,False,13,7.0,True,True,False,True,True,True,False,True
1222,357,Spain,2020-10-30,2020-11-05,0.0,6.0,0.0,,False,True,True,False,p2_only_missing,False,14,15.0,True,False,False,True,True,False,False,True
1223,357,Spain,2020-11-05,2020-11-11,0.0,6.0,0.0,0.0,False,False,False,False,both_available,False,15,6.0,True,True,False,True,True,False,False,True
1224,360,Albania,2020-05-11,2020-05-18,42.0,7.0,,,True,True,True,True,both_missing,True,1,,True,False,True,False,True,False,True,False
1225,360,Albania,2020-05-18,2020-05-25,10.0,7.0,42.0,,False,True,True,False,p2_only_missing,True,2,7.0,True,True,False,True,True,False,True,True
1226,360,Albania,2020-05-25,2020-06-01,1.0,7.0,10.0,42.0,False,False,False,False,both_available,True,3,7.0,True,True,False,True,True,True,False,True
1227,360,Albania,2020-06-01,2020-06-08,0.0,7.0,1.0,10.0,False,False,False,False,both_available,False,4,7.0,True,True,False,True,True,True,False,True
1228,360,Albania,2020-06-08,2020-06-15,33.0,7.0,0.0,1.0,False,False,False,False,both_available,True,5,7.0,True,True,False,True,True,True,False,True
1229,360,Albania,2020-06-15,2020-06-22,93.0,7.0,33.0,0.0,False,False,False,False,both_available,True,6,7.0,True,True,False,True,True,True,False,True
1230,360,Albania,2020-06-22,2020-06-29,82.0,7.0,93.0,33.0,False,False,False,False,both_available,True,7,7.0,True,True,False,True,True,True,False,True
1231,360,Albania,2020-06-29,2020-07-06,338.0,7.0,82.0,93.0,False,False,False,False,both_available,True,8,7.0,True,True,False,True,True,True,False,True
1232,360,Albania,2020-07-06,2020-07-13,370.0,7.0,338.0,82.0,False,False,False,False,both_available,True,9,7.0,True,True,False,True,True,True,False,True
1233,360,Albania,2020-07-13,2020-07-20,390.0,7.0,370.0,338.0,False,False,False,False,both_available,True,10,7.0,True,True,False,True,True,True,False,True
1234,360,Albania,2020-07-20,2020-07-27,385.0,7.0,390.0,370.0,False,False,False,False,both_available,True,11,7.0,True,True,False,True,True,True,False,True
1235,360,Albania,2020-07-27,2020-08-03,361.0,7.0,385.0,390.0,False,False,False,False,both_available,True,12,7.0,True,True,False,True,True,True,False,True
1236,360,Albania,2020-08-03,2020-08-10,75.0,7.0,361.0,385.0,False,False,False,False,both_available,True,13,7.0,True,True,False,True,True,True,False,True
1237,360,Albania,2020-08-10,2020-08-17,85.0,7.0,75.0,361.0,False,False,False,False,both_available,True,14,7.0,True,True,False,True,True,True,False,True
1238,360,Albania,2020-08-17,2020-08-24,164.0,7.0,85.0,75.0,False,False,False,False,both_available,True,15,7.0,True,True,False,True,True,True,False,True
1239,360,Albania,2020-08-24,2020-08-31,417.0,7.0,164.0,85.0,False,False,False,False,both_available,True,16,7.0,True,True,False,True,True,True,False,True
1240,360,Albania,2020-08-31,2020-09-08,661.5,7.0,417.0,164.0,False,False,False,False,both_available,True,17,8.0,True,True,False,True,True,True,False,True
1241,360,Albania,2020-09-08,2020-09-14,263.6666666666667,7.0,661.5,417.0,False,False,False,False,both_available,True,18,6.0,True,True,False,True,True,True,False,True
1242,360,Albania,2020-09-14,2020-09-21,245.0,7.0,263.6666666666667,661.5,False,False,False,False,both_available,True,19,7.0,True,True,False,True,True,True,False,True
1243,360,Albania,2020-09-21,2020-09-28,16.0,7.0,245.0,263.6666666666667,False,False,False,False,both_available,True,20,7.0,True,True,False,True,True,True,False,True
1244,360,Albania,2020-09-28,2020-10-05,35.0,7.0,16.0,245.0,False,False,False,False,both_available,True,21,7.0,True,True,False,True,True,True,False,True
1245,360,Albania,2020-10-05,2020-10-12,11.0,7.0,35.0,16.0,False,False,False,False,both_available,True,22,7.0,True,True,False,True,True,True,False,True
1246,360,Albania,2020-10-12,2020-10-19,5.0,7.0,11.0,35.0,False,False,False,False,both_available,True,23,7.0,True,True,False,True,True,True,False,True
1247,360,Albania,2020-10-19,2020-10-26,20.0,7.0,5.0,11.0,False,False,False,False,both_available,True,24,7.0,True,True,False,True,True,True,False,True
1248,360,Albania,2020-10-26,2020-11-02,3.0,7.0,20.0,5.0,False,False,False,False,both_available,True,25,7.0,True,True,False,True,True,True,False,True
1249,360,Albania,2020-11-02,2020-11-09,0.0,7.0,3.0,20.0,False,False,False,False,both_available,False,26,7.0,True,True,False,True,True,True,False,True
1250,360,Albania,2020-11-09,2020-11-16,0.0,7.0,0.0,3.0,False,False,False,False,both_available,False,27,7.0,True,True,False,True,True,True,False,True
1251,360,Albania,2020-11-16,2020-11-23,0.0,7.0,0.0,0.0,False,False,False,False,both_available,False,28,7.0,True,True,False,True,True,True,False,True
1252,360,Albania,2020-11-23,2020-11-30,0.0,7.0,0.0,0.0,False,False,False,False,both_available,False,29,7.0,True,True,False,True,True,True,False,True
1253,360,Albania,2020-11-30,2020-12-07,0.0,7.0,0.0,0.0,False,False,False,False,both_available,False,30,7.0,True,True,False,True,True,True,False,True
1254,360,Albania,2020-12-07,2020-12-14,0.0,7.0,0.0,0.0,False,False,False,False,both_available,False,31,7.0,True,True,False,True,True,True,False,True
1255,360,Albania,2020-12-14,2020-12-21,0.0,7.0,0.0,0.0,False,False,False,False,both_available,False,32,7.0,True,True,False,True,True,True,False,True
1256,360,Albania,2020-12-21,2020-12-28,0.0,7.0,0.0,0.0,False,False,False,False,both_available,False,33,7.0,True,True,False,True,True,True,False,True
1257,361,Albania,2020-05-11,2020-05-18,63.0,7.0,,,True,True,True,True,both_missing,True,1,,True,False,True,False,True,False,True,False
1258,361,Albania,2020-05-18,2020-05-25,42.0,7.0,63.0,,False,True,True,False,p2_only_missing,True,2,7.0,True,True,False,True,True,False,True,True
1259,361,Albania,2020-05-25,2020-06-01,13.0,7.0,42.0,63.0,False,False,False,False,both_available,True,3,7.0,True,True,False,True,True,True,False,True
1260,361,Albania,2020-06-01,2020-06-08,6.0,7.0,13.0,42.0,False,False,False,False,both_available,True,4,7.0,True,True,False,True,True,True,False,True
1261,361,Albania,2020-06-08,2020-06-15,51.0,7.0,6.0,13.0,False,False,False,False,both_available,True,5,7.0,True,True,False,True,True,True,False,True
1262,361,Albania,2020-06-15,2020-06-22,29.0,7.0,51.0,6.0,False,False,False,False,both_available,True,6,7.0,True,True,False,True,True,True,False,True
1263,361,Albania,2020-06-22,2020-06-29,114.0,7.0,29.0,51.0,False,False,False,False,both_available,True,7,7.0,True,True,False,True,True,True,False,True
1264,361,Albania,2020-06-29,2020-07-06,150.0,7.0,114.0,29.0,False,False,False,False,both_available,True,8,7.0,True,True,False,True,True,True,False,True
1265,361,Albania,2020-07-06,2020-07-13,239.0,7.0,150.0,114.0,False,False,False,False,both_available,True,9,7.0,True,True,False,True,True,True,False,True
1266,361,Albania,2020-07-13,2020-07-20,69.0,7.0,239.0,150.0,False,False,False,False,both_available,True,10,7.0,True,True,False,True,True,True,False,True
1267,361,Albania,2020-07-20,2020-07-27,121.0,7.0,69.0,239.0,False,False,False,False,both_available,True,11,7.0,True,True,False,True,True,True,False,True
1268,361,Albania,2020-07-27,2020-08-03,111.0,7.0,121.0,69.0,False,False,False,False,both_available,True,12,7.0,True,True,False,True,True,True,False,True
1269,361,Albania,2020-08-03,2020-08-10,116.0,7.0,111.0,121.0,False,False,False,False,both_available,True,13,7.0,True,True,False,True,True,True,False,True
1270,361,Albania,2020-08-10,2020-08-17,143.0,7.0,116.0,111.0,False,False,False,False,both_available,True,14,7.0,True,True,False,True,True,True,False,True
1271,361,Albania,2020-08-17,2020-08-24,295.0,7.0,143.0,116.0,False,False,False,False,both_available,True,15,7.0,True,True,False,True,True,True,False,True
1272,361,Albania,2020-08-24,2020-08-31,396.0,7.0,295.0,143.0,False,False,False,False,both_available,True,16,7.0,True,True,False,True,True,True,False,True
1273,361,Albania,2020-08-31,2020-09-08,305.375,7.0,396.0,295.0,False,False,False,False,both_available,True,17,8.0,True,True,False,True,True,True,False,True
1274,361,Albania,2020-09-08,2020-09-14,184.33333333333334,7.0,305.375,396.0,False,False,False,False,both_available,True,18,6.0,True,True,False,True,True,True,False,True
1275,361,Albania,2020-09-14,2020-09-21,0.0,7.0,184.33333333333334,305.375,False,False,False,False,both_available,False,19,7.0,True,True,False,True,True,True,False,True
1276,361,Albania,2020-09-21,2020-09-28,30.0,7.0,0.0,184.33333333333334,False,False,False,False,both_available,True,20,7.0,True,True,False,True,True,True,False,True
1277,361,Albania,2020-09-28,2020-10-05,46.0,7.0,30.0,0.0,False,False,False,False,both_available,True,21,7.0,True,True,False,True,True,True,False,True
1278,361,Albania,2020-10-05,2020-10-12,5.0,7.0,46.0,30.0,False,False,False,False,both_available,True,22,7.0,True,True,False,True,True,True,False,True
1279,361,Albania,2020-10-12,2020-10-19,3.0,7.0,5.0,46.0,False,False,False,False,both_available,True,23,7.0,True,True,False,True,True,True,False,True
1280,361,Albania,2020-10-19,2020-10-26,4.0,7.0,3.0,5.0,False,False,False,False,both_available,True,24,7.0,True,True,False,True,True,True,False,True
1281,361,Albania,2020-10-26,2020-11-02,6.0,7.0,4.0,3.0,False,False,False,False,both_available,True,25,7.0,True,True,False,True,True,True,False,True
1282,361,Albania,2020-11-02,2020-11-09,0.0,7.0,6.0,4.0,False,False,False,False,both_available,False,26,7.0,True,True,False,True,True,True,False,True
1283,361,Albania,2020-11-09,2020-11-16,2.0,7.0,0.0,6.0,False,False,False,False,both_available,True,27,7.0,True,True,False,True,True,True,False,True
1284,361,Albania,2020-11-16,2020-11-23,0.0,7.0,2.0,0.0,False,False,False,False,both_available,False,28,7.0,True,True,False,True,True,True,False,True
1285,361,Albania,2020-11-23,2020-11-30,0.0,7.0,0.0,2.0,False,False,False,False,both_available,False,29,7.0,True,True,False,True,True,True,False,True
1286,361,Albania,2020-11-30,2020-12-07,0.0,7.0,0.0,0.0,False,False,False,False,both_available,False,30,7.0,True,True,False,True,True,True,False,True
1287,361,Albania,2020-12-07,2020-12-14,0.0,7.0,0.0,0.0,False,False,False,False,both_available,False,31,7.0,True,True,False,True,True,True,False,True
1288,361,Albania,2020-12-14,2020-12-21,0.0,7.0,0.0,0.0,False,False,False,False,both_available,False,32,7.0,True,True,False,True,True,True,False,True
1289,361,Albania,2020-12-21,2020-12-28,0.0,7.0,0.0,0.0,False,False,False,False,both_available,False,33,7.0,True,True,False,True,True,True,False,True
1290,362,Albania,2020-05-11,2020-05-18,4.0,7.0,,,True,True,True,True,both_missing,True,1,,True,False,True,False,True,False,True,False
1291,362,Albania,2020-05-18,2020-05-25,0.0,7.0,4.0,,False,True,True,False,p2_only_missing,False,2,7.0,True,True,False,True,True,False,True,True
1292,362,Albania,2020-05-25,2020-06-01,0.0,7.0,0.0,4.0,False,False,False,False,both_available,False,3,7.0,True,True,False,True,True,True,False,True
1293,362,Albania,2020-06-01,2020-06-08,17.0,7.0,0.0,0.0,False,False,False,False,both_available,True,4,7.0,True,True,False,True,True,True,False,True
1294,362,Albania,2020-06-08,2020-06-15,60.0,7.0,17.0,0.0,False,False,False,False,both_available,True,5,7.0,True,True,False,True,True,True,False,True
1295,362,Albania,2020-06-22,2020-06-29,0.0,7.0,,60.0,True,False,True,False,p1_only_missing,False,6,14.0,True,False,False,True,True,True,False,True
1296,362,Albania,2020-06-29,2020-07-06,217.0,7.0,0.0,,False,True,True,False,p2_only_missing,True,7,7.0,True,True,False,True,True,False,False,True
1297,362,Albania,2020-07-06,2020-07-13,38.0,7.0,217.0,0.0,False,False,False,False,both_available,True,8,7.0,True,True,False,True,True,True,False,True
1298,362,Albania,2020-07-13,2020-07-20,60.0,7.0,38.0,217.0,False,False,False,False,both_available,True,9,7.0,True,True,False,True,True,True,False,True
1299,362,Albania,2020-07-20,2020-07-27,49.0,7.0,60.0,38.0,False,False,False,False,both_available,True,10,7.0,True,True,False,True,True,True,False,True
1300,362,Albania,2020-07-27,2020-08-03,128.0,7.0,49.0,60.0,False,False,False,False,both_available,True,11,7.0,True,True,False,True,True,True,False,True
1301,362,Albania,2020-08-03,2020-08-10,49.0,7.0,128.0,49.0,False,False,False,False,both_available,True,12,7.0,True,True,False,True,True,True,False,True
1302,362,Albania,2020-08-10,2020-08-17,116.0,7.0,49.0,128.0,False,False,False,False,both_available,True,13,7.0,True,True,False,True,True,True,False,True
1303,362,Albania,2020-08-17,2020-08-24,114.0,7.0,116.0,49.0,False,False,False,False,both_available,True,14,7.0,True,True,False,True,True,True,False,True
1304,362,Albania,2020-08-24,2020-08-31,225.0,7.0,114.0,116.0,False,False,False,False,both_available,True,15,7.0,True,True,False,True,True,True,False,True
1305,362,Albania,2020-08-31,2020-09-08,79.625,7.0,225.0,114.0,False,False,False,False,both_available,True,16,8.0,True,True,False,True,True,True,False,True
1306,362,Albania,2020-09-08,2020-09-14,220.5,7.0,79.625,225.0,False,False,False,False,both_available,True,17,6.0,True,True,False,True,True,True,False,True
1307,362,Albania,2020-09-14,2020-09-21,257.0,7.0,220.5,79.625,False,False,False,False,both_available,True,18,7.0,True,True,False,True,True,True,False,True
1308,362,Albania,2020-09-21,2020-09-28,60.0,7.0,257.0,220.5,False,False,False,False,both_available,True,19,7.0,True,True,False,True,True,True,False,True
1309,362,Albania,2020-09-28,2020-10-05,27.0,7.0,60.0,257.0,False,False,False,False,both_available,True,20,7.0,True,True,False,True,True,True,False,True
1310,362,Albania,2020-10-05,2020-10-12,66.0,7.0,27.0,60.0,False,False,False,False,both_available,True,21,7.0,True,True,False,True,True,True,False,True
1311,362,Albania,2020-10-12,2020-10-19,3.0,7.0,66.0,27.0,False,False,False,False,both_available,True,22,7.0,True,True,False,True,True,True,False,True
1312,362,Albania,2020-10-19,2020-10-26,0.0,7.0,3.0,66.0,False,False,False,False,both_available,False,23,7.0,True,True,False,True,True,True,False,True
1313,362,Albania,2020-10-26,2020-11-02,52.0,7.0,0.0,3.0,False,False,False,False,both_available,True,24,7.0,True,True,False,True,True,True,False,True
1314,362,Albania,2020-11-02,2020-11-09,0.0,7.0,52.0,0.0,False,False,False,False,both_available,False,25,7.0,True,True,False,True,True,True,False,True
1315,362,Albania,2020-11-09,2020-11-16,0.0,7.0,0.0,52.0,False,False,False,False,both_available,False,26,7.0,True,True,False,True,True,True,False,True
1316,362,Albania,2020-11-16,2020-11-23,0.0,7.0,0.0,0.0,False,False,False,False,both_available,False,27,7.0,True,True,False,True,True,True,False,True
1317,362,Albania,2020-11-23,2020-11-30,0.0,7.0,0.0,0.0,False,False,False,False,both_available,False,28,7.0,True,True,False,True,True,True,False,True
1318,362,Albania,2020-11-30,2020-12-07,0.0,7.0,0.0,0.0,False,False,False,False,both_available,False,29,7.0,True,True,False,True,True,True,False,True
1319,362,Albania,2020-12-07,2020-12-14,0.0,7.0,0.0,0.0,False,False,False,False,both_available,False,30,7.0,True,True,False,True,True,True,False,True
1320,362,Albania,2020-12-14,2020-12-21,0.0,7.0,0.0,0.0,False,False,False,False,both_available,False,31,7.0,True,True,False,True,True,True,False,True
1321,362,Albania,2020-12-21,2020-12-28,0.0,7.0,0.0,0.0,False,False,False,False,both_available,False,32,7.0,True,True,False,True,True,True,False,True
1322,363,Albania,2020-05-11,2020-05-18,31.0,7.0,,,True,True,True,True,both_missing,True,1,,True,False,True,False,True,False,True,False
1323,363,Albania,2020-05-18,2020-05-25,47.0,7.0,31.0,,False,True,True,False,p2_only_missing,True,2,7.0,True,True,False,True,True,False,True,True
1324,363,Albania,2020-05-25,2020-06-01,41.0,7.0,47.0,31.0,False,False,False,False,both_available,True,3,7.0,True,True,False,True,True,True,False,True
1325,363,Albania,2020-06-01,2020-06-08,1.0,7.0,41.0,47.0,False,False,False,False,both_available,True,4,7.0,True,True,False,True,True,True,False,True
1326,363,Albania,2020-06-08,2020-06-15,64.0,7.0,1.0,41.0,False,False,False,False,both_available,True,5,7.0,True,True,False,True,True,True,False,True
1327,363,Albania,2020-06-15,2020-06-22,36.0,7.0,64.0,1.0,False,False,False,False,both_available,True,6,7.0,True,True,False,True,True,True,False,True
1328,363,Albania,2020-06-22,2020-06-29,139.0,7.0,36.0,64.0,False,False,False,False,both_available,True,7,7.0,True,True,False,True,True,True,False,True
1329,363,Albania,2020-06-29,2020-07-06,274.0,7.0,139.0,36.0,False,False,False,False,both_available,True,8,7.0,True,True,False,True,True,True,False,True
1330,363,Albania,2020-07-06,2020-07-13,634.0,7.0,274.0,139.0,False,False,False,False,both_available,True,9,7.0,True,True,False,True,True,True,False,True
1331,363,Albania,2020-07-13,2020-07-20,213.0,7.0,634.0,274.0,False,False,False,False,both_available,True,10,7.0,True,True,False,True,True,True,False,True
1332,363,Albania,2020-07-20,2020-07-27,310.0,7.0,213.0,634.0,False,False,False,False,both_available,True,11,7.0,True,True,False,True,True,True,False,True
1333,363,Albania,2020-07-27,2020-08-03,549.0,7.0,310.0,213.0,False,False,False,False,both_available,True,12,7.0,True,True,False,True,True,True,False,True
1334,363,Albania,2020-08-03,2020-08-10,39.0,7.0,549.0,310.0,False,False,False,False,both_available,True,13,7.0,True,True,False,True,True,True,False,True
1335,363,Albania,2020-08-10,2020-08-17,122.0,7.0,39.0,549.0,False,False,False,False,both_available,True,14,7.0,True,True,False,True,True,True,False,True
1336,363,Albania,2020-08-17,2020-08-24,261.0,7.0,122.0,39.0,False,False,False,False,both_available,True,15,7.0,True,True,False,True,True,True,False,True
1337,363,Albania,2020-08-24,2020-08-31,302.0,7.0,261.0,122.0,False,False,False,False,both_available,True,16,7.0,True,True,False,True,True,True,False,True
1338,363,Albania,2020-08-31,2020-09-08,284.375,7.0,302.0,261.0,False,False,False,False,both_available,True,17,8.0,True,True,False,True,True,True,False,True
1339,363,Albania,2020-09-08,2020-09-14,299.8333333333333,7.0,284.375,302.0,False,False,False,False,both_available,True,18,6.0,True,True,False,True,True,True,False,True
1340,363,Albania,2020-09-14,2020-09-21,117.0,7.0,299.8333333333333,284.375,False,False,False,False,both_available,True,19,7.0,True,True,False,True,True,True,False,True
1341,363,Albania,2020-09-21,2020-09-28,20.0,7.0,117.0,299.8333333333333,False,False,False,False,both_available,True,20,7.0,True,True,False,True,True,True,False,True
1342,363,Albania,2020-09-28,2020-10-05,51.0,7.0,20.0,117.0,False,False,False,False,both_available,True,21,7.0,True,True,False,True,True,True,False,True
1343,363,Albania,2020-10-05,2020-10-12,32.0,7.0,51.0,20.0,False,False,False,False,both_available,True,22,7.0,True,True,False,True,True,True,False,True
1344,363,Albania,2020-10-12,2020-10-19,5.0,7.0,32.0,51.0,False,False,False,False,both_available,True,23,7.0,True,True,False,True,True,True,False,True
1345,363,Albania,2020-10-19,2020-10-26,2.0,7.0,5.0,32.0,False,False,False,False,both_available,True,24,7.0,True,True,False,True,True,True,False,True
1346,363,Albania,2020-10-26,2020-11-02,0.0,7.0,2.0,5.0,False,False,False,False,both_available,False,25,7.0,True,True,False,True,True,True,False,True
1347,363,Albania,2020-11-02,2020-11-09,0.0,7.0,0.0,2.0,False,False,False,False,both_available,False,26,7.0,True,True,False,True,True,True,False,True
1348,363,Albania,2020-11-09,2020-11-16,0.0,7.0,0.0,0.0,False,False,False,False,both_available,False,27,7.0,True,True,False,True,True,True,False,True
1349,363,Albania,2020-11-16,2020-11-23,0.0,7.0,0.0,0.0,False,False,False,False,both_available,False,28,7.0,True,True,False,True,True,True,False,True
1350,363,Albania,2020-11-23,2020-11-30,0.0,7.0,0.0,0.0,False,False,False,False,both_available,False,29,7.0,True,True,False,True,True,True,False,True
1351,363,Albania,2020-11-30,2020-12-07,0.0,7.0,0.0,0.0,False,False,False,False,both_available,False,30,7.0,True,True,False,True,True,True,False,True
1352,363,Albania,2020-12-07,2020-12-14,0.0,7.0,0.0,0.0,False,False,False,False,both_available,False,31,7.0,True,True,False,True,True,True,False,True
1353,363,Albania,2020-12-14,2020-12-21,0.0,7.0,0.0,0.0,False,False,False,False,both_available,False,32,7.0,True,True,False,True,True,True,False,True
1354,363,Albania,2020-12-21,2020-12-28,0.0,7.0,0.0,0.0,False,False,False,False,both_available,False,33,7.0,True,True,False,True,True,True,False,True
1355,365,Albania,2020-05-11,2020-05-18,0.0,7.0,,,True,True,True,True,both_missing,False,1,,True,False,True,False,True,False,True,False
1356,365,Albania,2020-05-18,2020-05-25,13.0,7.0,0.0,,False,True,True,False,p2_only_missing,True,2,7.0,True,True,False,True,True,False,True,True
1357,365,Albania,2020-05-25,2020-06-01,34.0,7.0,13.0,0.0,False,False,False,False,both_available,True,3,7.0,True,True,False,True,True,True,False,True
1358,365,Albania,2020-06-01,2020-06-08,0.0,7.0,34.0,13.0,False,False,False,False,both_available,False,4,7.0,True,True,False,True,True,True,False,True
1359,365,Albania,2020-06-08,2020-06-15,51.0,7.0,0.0,34.0,False,False,False,False,both_available,True,5,7.0,True,True,False,True,True,True,False,True
1360,365,Albania,2020-06-15,2020-06-22,47.0,7.0,51.0,0.0,False,False,False,False,both_available,True,6,7.0,True,True,False,True,True,True,False,True
1361,365,Albania,2020-06-22,2020-06-29,65.0,7.0,47.0,51.0,False,False,False,False,both_available,True,7,7.0,True,True,False,True,True,True,False,True
1362,365,Albania,2020-06-29,2020-07-06,397.0,7.0,65.0,47.0,False,False,False,False,both_available,True,8,7.0,True,True,False,True,True,True,False,True
1363,365,Albania,2020-07-06,2020-07-13,97.0,7.0,397.0,65.0,False,False,False,False,both_available,True,9,7.0,True,True,False,True,True,True,False,True
1364,365,Albania,2020-07-13,2020-07-20,607.0,7.0,97.0,397.0,False,False,False,False,both_available,True,10,7.0,True,True,False,True,True,True,False,True
1365,365,Albania,2020-07-20,2020-07-27,319.0,7.0,607.0,97.0,False,False,False,False,both_available,True,11,7.0,True,True,False,True,True,True,False,True
1366,365,Albania,2020-07-27,2020-08-03,369.0,7.0,319.0,607.0,False,False,False,False,both_available,True,12,7.0,True,True,False,True,True,True,False,True
1367,365,Albania,2020-08-03,2020-08-10,281.0,7.0,369.0,319.0,False,False,False,False,both_available,True,13,7.0,True,True,False,True,True,True,False,True
1368,365,Albania,2020-08-10,2020-08-17,127.0,7.0,281.0,369.0,False,False,False,False,both_available,True,14,7.0,True,True,False,True,True,True,False,True
1369,365,Albania,2020-08-17,2020-08-24,189.0,7.0,127.0,281.0,False,False,False,False,both_available,True,15,7.0,True,True,False,True,True,True,False,True
1370,365,Albania,2020-08-24,2020-08-31,213.0,7.0,189.0,127.0,False,False,False,False,both_available,True,16,7.0,True,True,False,True,True,True,False,True
1371,365,Albania,2020-08-31,2020-09-08,128.625,7.0,213.0,189.0,False,False,False,False,both_available,True,17,8.0,True,True,False,True,True,True,False,True
1372,365,Albania,2020-09-08,2020-09-14,120.16666666666667,7.0,128.625,213.0,False,False,False,False,both_available,True,18,6.0,True,True,False,True,True,True,False,True
1373,365,Albania,2020-09-14,2020-09-21,227.0,7.0,120.16666666666667,128.625,False,False,False,False,both_available,True,19,7.0,True,True,False,True,True,True,False,True
1374,365,Albania,2020-09-21,2020-09-28,10.0,7.0,227.0,120.16666666666667,False,False,False,False,both_available,True,20,7.0,True,True,False,True,True,True,False,True
1375,365,Albania,2020-09-28,2020-10-05,21.0,7.0,10.0,227.0,False,False,False,False,both_available,True,21,7.0,True,True,False,True,True,True,False,True
1376,365,Albania,2020-10-05,2020-10-12,102.0,7.0,21.0,10.0,False,False,False,False,both_available,True,22,7.0,True,True,False,True,True,True,False,True
1377,365,Albania,2020-10-12,2020-10-19,0.0,7.0,102.0,21.0,False,False,False,False,both_available,False,23,7.0,True,True,False,True,True,True,False,True
1378,365,Albania,2020-10-19,2020-10-26,0.0,7.0,0.0,102.0,False,False,False,False,both_available,False,24,7.0,True,True,False,True,True,True,False,True
1379,365,Albania,2020-10-26,2020-11-02,0.0,7.0,0.0,0.0,False,False,False,False,both_available,False,25,7.0,True,True,False,True,True,True,False,True
1380,365,Albania,2020-11-02,2020-11-09,0.0,7.0,0.0,0.0,False,False,False,False,both_available,False,26,7.0,True,True,False,True,True,True,False,True
1381,365,Albania,2020-11-09,2020-11-16,0.0,7.0,0.0,0.0,False,False,False,False,both_available,False,27,7.0,True,True,False,True,True,True,False,True
1382,365,Albania,2020-11-16,2020-11-23,0.0,7.0,0.0,0.0,False,False,False,False,both_available,False,28,7.0,True,True,False,True,True,True,False,True
1383,365,Albania,2020-11-23,2020-11-30,0.0,7.0,0.0,0.0,False,False,False,False,both_available,False,29,7.0,True,True,False,True,True,True,False,True
1384,365,Albania,2020-11-30,2020-12-07,0.0,7.0,0.0,0.0,False,False,False,False,both_available,False,30,7.0,True,True,False,True,True,True,False,True
1385,365,Albania,2020-12-07,2020-12-14,0.0,7.0,0.0,0.0,False,False,False,False,both_available,False,31,7.0,True,True,False,True,True,True,False,True
1386,365,Albania,2020-12-14,2020-12-21,0.0,7.0,0.0,0.0,False,False,False,False,both_available,False,32,7.0,True,True,False,True,True,True,False,True
1387,365,Albania,2020-12-21,2020-12-28,0.0,7.0,0.0,0.0,False,False,False,False,both_available,False,33,7.0,True,True,False,True,True,True,False,True
1388,372,Spain,2020-07-23,2020-07-29,65.33333333333333,6.0,,,True,True,True,True,both_missing,True,1,,True,False,True,False,True,False,True,False
1389,372,Spain,2020-07-29,2020-08-05,206.0,7.0,65.33333333333333,,False,True,True,False,p2_only_missing,True,2,7.0,True,True,False,True,True,False,True,True
1390,372,Spain,2020-08-05,2020-08-12,0.0,7.0,206.0,65.33333333333333,False,False,False,False,both_available,False,3,7.0,True,True,False,True,True,True,False,True
1391,372,Spain,2020-08-12,2020-08-19,24.0,7.0,0.0,206.0,False,False,False,False,both_available,True,4,7.0,True,True,False,True,True,True,False,True
1392,372,Spain,2020-08-19,2020-08-26,29.0,7.0,24.0,0.0,False,False,False,False,both_available,True,5,7.0,True,True,False,True,True,True,False,True
1393,372,Spain,2020-08-26,2020-09-02,2.0,7.0,29.0,24.0,False,False,False,False,both_available,True,6,7.0,True,True,False,True,True,True,False,True
1394,372,Spain,2020-09-02,2020-09-09,12.0,7.0,2.0,29.0,False,False,False,False,both_available,True,7,7.0,True,True,False,True,True,True,False,True
1395,372,Spain,2020-09-09,2020-09-16,8.0,7.0,12.0,2.0,False,False,False,False,both_available,True,8,7.0,True,True,False,True,True,True,False,True
1396,372,Spain,2020-09-16,2020-09-23,0.0,7.0,8.0,12.0,False,False,False,False,both_available,False,9,7.0,True,True,False,True,True,True,False,True
1397,372,Spain,2020-09-23,2020-09-30,0.0,7.0,0.0,8.0,False,False,False,False,both_available,False,10,7.0,True,True,False,True,True,True,False,True
1398,372,Spain,2020-09-30,2020-10-07,0.0,7.0,0.0,0.0,False,False,False,False,both_available,False,11,7.0,True,True,False,True,True,True,False,True
1399,372,Spain,2020-10-07,2020-10-14,0.0,7.0,0.0,0.0,False,False,False,False,both_available,False,12,7.0,True,True,False,True,True,True,False,True
1400,372,Spain,2020-10-14,2020-10-21,0.0,7.0,0.0,0.0,False,False,False,False,both_available,False,13,7.0,True,True,False,True,True,True,False,True
1401,372,Spain,2020-10-21,2020-10-28,0.0,7.0,0.0,0.0,False,False,False,False,both_available,False,14,7.0,True,True,False,True,True,True,False,True
1402,372,Spain,2020-10-28,2020-11-04,0.0,7.0,0.0,0.0,False,False,False,False,both_available,False,15,7.0,True,True,False,True,True,True,False,True
1403,372,Spain,2020-11-04,2020-11-11,0.0,7.0,0.0,0.0,False,False,False,False,both_available,False,16,7.0,True,True,False,True,True,True,False,True
1404,372,Spain,2020-11-11,2020-11-18,0.0,7.0,0.0,0.0,False,False,False,False,both_available,False,17,7.0,True,True,False,True,True,True,False,True
1405,372,Spain,2020-11-18,2020-11-25,0.0,7.0,0.0,0.0,False,False,False,False,both_available,False,18,7.0,True,True,False,True,True,True,False,True
1406,372,Spain,2020-11-25,2020-12-02,0.0,7.0,0.0,0.0,False,False,False,False,both_available,False,19,7.0,True,True,False,True,True,True,False,True
1407,373,Spain,2020-07-23,2020-07-29,16.333333333333332,6.0,,,True,True,True,True,both_missing,True,1,,True,False,True,False,True,False,True,False
1408,373,Spain,2020-07-29,2020-08-05,18.0,7.0,16.333333333333332,,False,True,True,False,p2_only_missing,True,2,7.0,True,True,False,True,True,False,True,True
1409,373,Spain,2020-08-05,2020-08-12,0.0,7.0,18.0,16.333333333333332,False,False,False,False,both_available,False,3,7.0,True,True,False,True,True,True,False,True
1410,373,Spain,2020-08-12,2020-08-19,9.0,7.0,0.0,18.0,False,False,False,False,both_available,True,4,7.0,True,True,False,True,True,True,False,True
1411,373,Spain,2020-08-19,2020-08-26,48.0,7.0,9.0,0.0,False,False,False,False,both_available,True,5,7.0,True,True,False,True,True,True,False,True
1412,373,Spain,2020-08-26,2020-09-02,4.0,7.0,48.0,9.0,False,False,False,False,both_available,True,6,7.0,True,True,False,True,True,True,False,True
1413,373,Spain,2020-09-02,2020-09-09,0.0,7.0,4.0,48.0,False,False,False,False,both_available,False,7,7.0,True,True,False,True,True,True,False,True
1414,373,Spain,2020-09-09,2020-09-16,2.0,7.0,0.0,4.0,False,False,False,False,both_available,True,8,7.0,True,True,False,True,True,True,False,True
1415,373,Spain,2020-09-16,2020-09-23,1.0,7.0,2.0,0.0,False,False,False,False,both_available,True,9,7.0,True,True,False,True,True,True,False,True
1416,373,Spain,2020-09-23,2020-09-30,8.0,7.0,1.0,2.0,False,False,False,False,both_available,True,10,7.0,True,True,False,True,True,True,False,True
1417,373,Spain,2020-09-30,2020-10-07,0.0,7.0,8.0,1.0,False,False,False,False,both_available,False,11,7.0,True,True,False,True,True,True,False,True
1418,373,Spain,2020-10-07,2020-10-14,1.0,7.0,0.0,8.0,False,False,False,False,both_available,True,12,7.0,True,True,False,True,True,True,False,True
1419,373,Spain,2020-10-14,2020-10-21,18.0,7.0,1.0,0.0,False,False,False,False,both_available,True,13,7.0,True,True,False,True,True,True,False,True
1420,373,Spain,2020-10-21,2020-10-28,0.0,7.0,18.0,1.0,False,False,False,False,both_available,False,14,7.0,True,True,False,True,True,True,False,True
1421,373,Spain,2020-10-28,2020-11-04,0.0,7.0,0.0,18.0,False,False,False,False,both_available,False,15,7.0,True,True,False,True,True,True,False,True
1422,373,Spain,2020-11-04,2020-11-11,0.0,7.0,0.0,0.0,False,False,False,False,both_available,False,16,7.0,True,True,False,True,True,True,False,True
1423,373,Spain,2020-11-11,2020-11-18,0.0,7.0,0.0,0.0,False,False,False,False,both_available,False,17,7.0,True,True,False,True,True,True,False,True
1424,373,Spain,2020-11-18,2020-11-25,0.0,7.0,0.0,0.0,False,False,False,False,both_available,False,18,7.0,True,True,False,True,True,True,False,True
1425,373,Spain,2020-11-25,2020-12-02,0.0,7.0,0.0,0.0,False,False,False,False,both_available,False,19,7.0,True,True,False,True,True,True,False,True
1426,374,Spain,2020-07-23,2020-07-29,4.666666666666667,6.0,,,True,True,True,True,both_missing,True,1,,True,False,True,False,True,False,True,False
1427,374,Spain,2020-07-29,2020-08-05,8.0,7.0,4.666666666666667,,False,True,True,False,p2_only_missing,True,2,7.0,True,True,False,True,True,False,True,True
1428,374,Spain,2020-08-05,2020-08-12,163.0,7.0,8.0,4.666666666666667,False,False,False,False,both_available,True,3,7.0,True,True,False,True,True,True,False,True
1429,374,Spain,2020-08-12,2020-08-19,7.0,7.0,163.0,8.0,False,False,False,False,both_available,True,4,7.0,True,True,False,True,True,True,False,True
1430,374,Spain,2020-08-19,2020-08-26,11.0,7.0,7.0,163.0,False,False,False,False,both_available,True,5,7.0,True,True,False,True,True,True,False,True
1431,374,Spain,2020-08-26,2020-09-02,0.0,7.0,11.0,7.0,False,False,False,False,both_available,False,6,7.0,True,True,False,True,True,True,False,True
1432,374,Spain,2020-09-02,2020-09-09,22.0,7.0,0.0,11.0,False,False,False,False,both_available,True,7,7.0,True,True,False,True,True,True,False,True
1433,374,Spain,2020-09-09,2020-09-16,19.0,7.0,22.0,0.0,False,False,False,False,both_available,True,8,7.0,True,True,False,True,True,True,False,True
1434,374,Spain,2020-09-16,2020-09-23,12.0,7.0,19.0,22.0,False,False,False,False,both_available,True,9,7.0,True,True,False,True,True,True,False,True
1435,374,Spain,2020-09-23,2020-09-30,9.0,7.0,12.0,19.0,False,False,False,False,both_available,True,10,7.0,True,True,False,True,True,True,False,True
1436,374,Spain,2020-09-30,2020-10-07,5.0,7.0,9.0,12.0,False,False,False,False,both_available,True,11,7.0,True,True,False,True,True,True,False,True
1437,374,Spain,2020-10-07,2020-10-14,2.0,7.0,5.0,9.0,False,False,False,False,both_available,True,12,7.0,True,True,False,True,True,True,False,True
1438,374,Spain,2020-10-14,2020-10-21,7.0,7.0,2.0,5.0,False,False,False,False,both_available,True,13,7.0,True,True,False,True,True,True,False,True
1439,374,Spain,2020-10-21,2020-10-28,2.0,7.0,7.0,2.0,False,False,False,False,both_available,True,14,7.0,True,True,False,True,True,True,False,True
1440,374,Spain,2020-10-28,2020-11-04,0.0,7.0,2.0,7.0,False,False,False,False,both_available,False,15,7.0,True,True,False,True,True,True,False,True
1441,374,Spain,2020-11-04,2020-11-11,0.0,7.0,0.0,2.0,False,False,False,False,both_available,False,16,7.0,True,True,False,True,True,True,False,True
1442,374,Spain,2020-11-11,2020-11-18,0.0,7.0,0.0,0.0,False,False,False,False,both_available,False,17,7.0,True,True,False,True,True,True,False,True
1443,374,Spain,2020-11-18,2020-11-25,0.0,7.0,0.0,0.0,False,False,False,False,both_available,False,18,7.0,True,True,False,True,True,True,False,True
1444,374,Spain,2020-11-25,2020-12-02,0.0,7.0,0.0,0.0,False,False,False,False,both_available,False,19,7.0,True,True,False,True,True,True,False,True
1445,375,Spain,2020-07-23,2020-07-29,11.666666666666666,6.0,,,True,True,True,True,both_missing,True,1,,True,False,True,False,True,False,True,False
1446,375,Spain,2020-07-29,2020-08-05,17.0,7.0,11.666666666666666,,False,True,True,False,p2_only_missing,True,2,7.0,True,True,False,True,True,False,True,True
1447,375,Spain,2020-08-05,2020-08-12,10.0,7.0,17.0,11.666666666666666,False,False,False,False,both_available,True,3,7.0,True,True,False,True,True,True,False,True
1448,375,Spain,2020-08-12,2020-08-19,6.0,7.0,10.0,17.0,False,False,False,False,both_available,True,4,7.0,True,True,False,True,True,True,False,True
1449,375,Spain,2020-08-19,2020-08-26,0.0,7.0,6.0,10.0,False,False,False,False,both_available,False,5,7.0,True,True,False,True,True,True,False,True
1450,375,Spain,2020-08-26,2020-09-02,1.0,7.0,0.0,6.0,False,False,False,False,both_available,True,6,7.0,True,True,False,True,True,True,False,True
1451,375,Spain,2020-09-02,2020-09-09,1.0,7.0,1.0,0.0,False,False,False,False,both_available,True,7,7.0,True,True,False,True,True,True,False,True
1452,375,Spain,2020-09-09,2020-09-16,0.0,7.0,1.0,1.0,False,False,False,False,both_available,False,8,7.0,True,True,False,True,True,True,False,True
1453,375,Spain,2020-09-16,2020-09-23,0.0,7.0,0.0,1.0,False,False,False,False,both_available,False,9,7.0,True,True,False,True,True,True,False,True
1454,375,Spain,2020-09-23,2020-09-30,0.0,7.0,0.0,0.0,False,False,False,False,both_available,False,10,7.0,True,True,False,True,True,True,False,True
1455,375,Spain,2020-09-30,2020-10-07,13.0,7.0,0.0,0.0,False,False,False,False,both_available,True,11,7.0,True,True,False,True,True,True,False,True
1456,375,Spain,2020-10-07,2020-10-14,3.0,7.0,13.0,0.0,False,False,False,False,both_available,True,12,7.0,True,True,False,True,True,True,False,True
1457,375,Spain,2020-10-14,2020-10-21,0.0,7.0,3.0,13.0,False,False,False,False,both_available,False,13,7.0,True,True,False,True,True,True,False,True
1458,375,Spain,2020-10-21,2020-10-28,0.0,7.0,0.0,3.0,False,False,False,False,both_available,False,14,7.0,True,True,False,True,True,True,False,True
1459,375,Spain,2020-10-28,2020-11-04,0.0,7.0,0.0,0.0,False,False,False,False,both_available,False,15,7.0,True,True,False,True,True,True,False,True
1460,375,Spain,2020-11-04,2020-11-11,0.0,7.0,0.0,0.0,False,False,False,False,both_available,False,16,7.0,True,True,False,True,True,True,False,True
1461,375,Spain,2020-11-11,2020-11-18,0.0,7.0,0.0,0.0,False,False,False,False,both_available,False,17,7.0,True,True,False,True,True,True,False,True
1462,375,Spain,2020-11-18,2020-11-25,0.0,7.0,0.0,0.0,False,False,False,False,both_available,False,18,7.0,True,True,False,True,True,True,False,True
1463,375,Spain,2020-11-25,2020-12-02,0.0,7.0,0.0,0.0,False,False,False,False,both_available,False,19,7.0,True,True,False,True,True,True,False,True
1464,376,Spain,2020-07-23,2020-07-29,116.66666666666667,6.0,,,True,True,True,True,both_missing,True,1,,True,False,True,False,True,False,True,False
1465,376,Spain,2020-07-29,2020-08-05,108.0,7.0,116.66666666666667,,False,True,True,False,p2_only_missing,True,2,7.0,True,True,False,True,True,False,True,True
1466,376,Spain,2020-08-05,2020-08-12,86.0,7.0,108.0,116.66666666666667,False,False,False,False,both_available,True,3,7.0,True,True,False,True,True,True,False,True
1467,376,Spain,2020-08-12,2020-08-19,72.0,7.0,86.0,108.0,False,False,False,False,both_available,True,4,7.0,True,True,False,True,True,True,False,True
1468,376,Spain,2020-08-19,2020-08-26,47.0,7.0,72.0,86.0,False,False,False,False,both_available,True,5,7.0,True,True,False,True,True,True,False,True
1469,376,Spain,2020-08-26,2020-09-02,37.0,7.0,47.0,72.0,False,False,False,False,both_available,True,6,7.0,True,True,False,True,True,True,False,True
1470,376,Spain,2020-09-02,2020-09-09,22.0,7.0,37.0,47.0,False,False,False,False,both_available,True,7,7.0,True,True,False,True,True,True,False,True
1471,376,Spain,2020-09-09,2020-09-16,15.0,7.0,22.0,37.0,False,False,False,False,both_available,True,8,7.0,True,True,False,True,True,True,False,True
1472,376,Spain,2020-09-16,2020-09-23,5.0,7.0,15.0,22.0,False,False,False,False,both_available,True,9,7.0,True,True,False,True,True,True,False,True
1473,376,Spain,2020-09-23,2020-09-30,3.0,7.0,5.0,15.0,False,False,False,False,both_available,True,10,7.0,True,True,False,True,True,True,False,True
1474,376,Spain,2020-09-30,2020-10-07,6.0,7.0,3.0,5.0,False,False,False,False,both_available,True,11,7.0,True,True,False,True,True,True,False,True
1475,376,Spain,2020-10-07,2020-10-14,17.0,7.0,6.0,3.0,False,False,False,False,both_available,True,12,7.0,True,True,False,True,True,True,False,True
1476,376,Spain,2020-10-14,2020-10-21,56.0,7.0,17.0,6.0,False,False,False,False,both_available,True,13,7.0,True,True,False,True,True,True,False,True
1477,376,Spain,2020-10-21,2020-10-28,0.0,7.0,56.0,17.0,False,False,False,False,both_available,False,14,7.0,True,True,False,True,True,True,False,True
1478,376,Spain,2020-10-28,2020-11-04,0.0,7.0,0.0,56.0,False,False,False,False,both_available,False,15,7.0,True,True,False,True,True,True,False,True
1479,376,Spain,2020-11-04,2020-11-11,7.0,7.0,0.0,0.0,False,False,False,False,both_available,True,16,7.0,True,True,False,True,True,True,False,True
1480,376,Spain,2020-11-11,2020-11-18,0.0,7.0,7.0,0.0,False,False,False,False,both_available,False,17,7.0,True,True,False,True,True,True,False,True
1481,376,Spain,2020-11-18,2020-11-25,0.0,7.0,0.0,7.0,False,False,False,False,both_available,False,18,7.0,True,True,False,True,True,True,False,True
1482,376,Spain,2020-11-25,2020-12-02,0.0,7.0,0.0,0.0,False,False,False,False,both_available,False,19,7.0,True,True,False,True,True,True,False,True
1483,377,Spain,2020-07-22,2020-07-29,0.0,7.0,,,True,True,True,True,both_missing,False,1,,True,False,True,False,True,False,True,False
1484,377,Spain,2020-07-29,2020-08-05,0.0,7.0,0.0,,False,True,True,False,p2_only_missing,False,2,7.0,True,True,False,True,True,False,True,True
1485,377,Spain,2020-08-05,2020-08-12,0.0,7.0,0.0,0.0,False,False,False,False,both_available,False,3,7.0,True,True,False,True,True,True,False,True
1486,377,Spain,2020-08-12,2020-08-19,0.0,7.0,0.0,0.0,False,False,False,False,both_available,False,4,7.0,True,True,False,True,True,True,False,True
1487,377,Spain,2020-08-19,2020-08-26,0.0,7.0,0.0,0.0,False,False,False,False,both_available,False,5,7.0,True,True,False,True,True,True,False,True
1488,377,Spain,2020-08-26,2020-09-02,0.0,7.0,0.0,0.0,False,False,False,False,both_available,False,6,7.0,True,True,False,True,True,True,False,True
1489,377,Spain,2020-09-02,2020-09-09,0.0,7.0,0.0,0.0,False,False,False,False,both_available,False,7,7.0,True,True,False,True,True,True,False,True
1490,377,Spain,2020-09-09,2020-09-16,0.0,7.0,0.0,0.0,False,False,False,False,both_available,False,8,7.0,True,True,False,True,True,True,False,True
1491,377,Spain,2020-09-16,2020-09-23,0.0,7.0,0.0,0.0,False,False,False,False,both_available,False,9,7.0,True,True,False,True,True,True,False,True
1492,377,Spain,2020-10-07,2020-10-14,0.0,7.0,,,True,True,True,True,both_missing,False,10,21.0,True,False,False,True,True,False,False,True
1493,377,Spain,2020-10-28,2020-11-04,0.0,7.0,,,True,True,True,True,both_missing,False,11,21.0,True,False,False,True,True,False,False,True
1494,377,Spain,2020-11-04,2020-11-11,0.0,7.0,0.0,,False,True,True,False,p2_only_missing,False,12,7.0,True,True,False,True,True,False,False,True
1495,377,Spain,2020-11-11,2020-11-18,0.0,7.0,0.0,0.0,False,False,False,False,both_available,False,13,7.0,True,True,False,True,True,True,False,True
1496,377,Spain,2020-11-18,2020-11-25,0.0,7.0,0.0,0.0,False,False,False,False,both_available,False,14,7.0,True,True,False,True,True,True,False,True
1497,377,Spain,2020-11-25,2020-12-02,0.0,7.0,0.0,0.0,False,False,False,False,both_available,False,15,7.0,True,True,False,True,True,True,False,True
1498,378,Spain,2020-07-22,2020-07-29,9.0,7.0,,,True,True,True,True,both_missing,True,1,,True,False,True,False,True,False,True,False
1499,378,Spain,2020-07-29,2020-08-05,0.0,7.0,9.0,,False,True,True,False,p2_only_missing,False,2,7.0,True,True,False,True,True,False,True,True
1500,378,Spain,2020-08-05,2020-08-12,0.0,7.0,0.0,9.0,False,False,False,False,both_available,False,3,7.0,True,True,False,True,True,True,False,True
1501,378,Spain,2020-08-12,2020-08-19,0.0,7.0,0.0,0.0,False,False,False,False,both_available,False,4,7.0,True,True,False,True,True,True,False,True
1502,378,Spain,2020-08-19,2020-08-26,0.0,7.0,0.0,0.0,False,False,False,False,both_available,False,5,7.0,True,True,False,True,True,True,False,True
1503,378,Spain,2020-09-09,2020-09-16,0.0,7.0,,,True,True,True,True,both_missing,False,6,21.0,True,False,False,True,True,False,False,True
1504,378,Spain,2020-09-16,2020-09-23,0.0,7.0,0.0,,False,True,True,False,p2_only_missing,False,7,7.0,True,True,False,True,True,False,False,True
1505,378,Spain,2020-09-23,2020-09-30,0.0,7.0,0.0,0.0,False,False,False,False,both_available,False,8,7.0,True,True,False,True,True,True,False,True
1506,378,Spain,2020-10-07,2020-10-14,0.0,7.0,,0.0,True,False,True,False,p1_only_missing,False,9,14.0,True,False,False,True,True,True,False,True
1507,378,Spain,2020-10-14,2020-10-21,0.0,7.0,0.0,,False,True,True,False,p2_only_missing,False,10,7.0,True,True,False,True,True,False,False,True
1508,378,Spain,2020-10-28,2020-11-04,0.0,7.0,,0.0,True,False,True,False,p1_only_missing,False,11,14.0,True,False,False,True,True,True,False,True
1509,378,Spain,2020-11-04,2020-11-11,0.0,7.0,0.0,,False,True,True,False,p2_only_missing,False,12,7.0,True,True,False,True,True,False,False,True
1510,378,Spain,2020-11-11,2020-11-18,0.0,7.0,0.0,0.0,False,False,False,False,both_available,False,13,7.0,True,True,False,True,True,True,False,True
1511,379,Spain,2020-07-22,2020-07-29,0.0,7.0,,,True,True,True,True,both_missing,False,1,,True,False,True,False,True,False,True,False
1512,379,Spain,2020-07-29,2020-08-05,0.0,7.0,0.0,,False,True,True,False,p2_only_missing,False,2,7.0,True,True,False,True,True,False,True,True
1513,379,Spain,2020-08-05,2020-08-12,0.0,7.0,0.0,0.0,False,False,False,False,both_available,False,3,7.0,True,True,False,True,True,True,False,True
1514,379,Spain,2020-08-12,2020-08-19,0.0,7.0,0.0,0.0,False,False,False,False,both_available,False,4,7.0,True,True,False,True,True,True,False,True
1515,379,Spain,2020-08-19,2020-08-26,0.0,7.0,0.0,0.0,False,False,False,False,both_available,False,5,7.0,True,True,False,True,True,True,False,True
1516,379,Spain,2020-08-26,2020-09-02,0.0,7.0,0.0,0.0,False,False,False,False,both_available,False,6,7.0,True,True,False,True,True,True,False,True
1517,379,Spain,2020-09-02,2020-09-09,0.0,7.0,0.0,0.0,False,False,False,False,both_available,False,7,7.0,True,True,False,True,True,True,False,True
1518,379,Spain,2020-09-09,2020-09-16,0.0,7.0,0.0,0.0,False,False,False,False,both_available,False,8,7.0,True,True,False,True,True,True,False,True
1519,379,Spain,2020-09-16,2020-09-23,0.0,7.0,0.0,0.0,False,False,False,False,both_available,False,9,7.0,True,True,False,True,True,True,False,True
1520,379,Spain,2020-09-23,2020-09-30,0.0,7.0,0.0,0.0,False,False,False,False,both_available,False,10,7.0,True,True,False,True,True,True,False,True
1521,379,Spain,2020-09-30,2020-10-07,0.0,7.0,0.0,0.0,False,False,False,False,both_available,False,11,7.0,True,True,False,True,True,True,False,True
1522,379,Spain,2020-10-07,2020-10-14,0.0,7.0,0.0,0.0,False,False,False,False,both_available,False,12,7.0,True,True,False,True,True,True,False,True
1523,379,Spain,2020-10-14,2020-10-21,0.0,7.0,0.0,0.0,False,False,False,False,both_available,False,13,7.0,True,True,False,True,True,True,False,True
1524,379,Spain,2020-10-21,2020-10-28,0.0,7.0,0.0,0.0,False,False,False,False,both_available,False,14,7.0,True,True,False,True,True,True,False,True
1525,379,Spain,2020-10-28,2020-11-04,0.0,7.0,0.0,0.0,False,False,False,False,both_available,False,15,7.0,True,True,False,True,True,True,False,True
1526,379,Spain,2020-11-04,2020-11-11,0.0,7.0,0.0,0.0,False,False,False,False,both_available,False,16,7.0,True,True,False,True,True,True,False,True
1527,379,Spain,2020-11-11,2020-11-18,0.0,7.0,0.0,0.0,False,False,False,False,both_available,False,17,7.0,True,True,False,True,True,True,False,True
1528,379,Spain,2020-11-18,2020-11-25,0.0,7.0,0.0,0.0,False,False,False,False,both_available,False,18,7.0,True,True,False,True,True,True,False,True
1529,379,Spain,2020-11-25,2020-12-02,0.0,7.0,0.0,0.0,False,False,False,False,both_available,False,19,7.0,True,True,False,True,True,True,False,True
1530,380,Spain,2020-07-22,2020-07-29,0.0,7.0,,,True,True,True,True,both_missing,False,1,,True,False,True,False,True,False,True,False
1531,380,Spain,2020-07-29,2020-08-05,0.0,7.0,0.0,,False,True,True,False,p2_only_missing,False,2,7.0,True,True,False,True,True,False,True,True
1532,380,Spain,2020-08-05,2020-08-12,2.0,7.0,0.0,0.0,False,False,False,False,both_available,True,3,7.0,True,True,False,True,True,True,False,True
1533,380,Spain,2020-08-12,2020-08-19,0.0,7.0,2.0,0.0,False,False,False,False,both_available,False,4,7.0,True,True,False,True,True,True,False,True
1534,380,Spain,2020-08-19,2020-08-26,0.0,7.0,0.0,2.0,False,False,False,False,both_available,False,5,7.0,True,True,False,True,True,True,False,True
1535,380,Spain,2020-08-26,2020-09-02,0.0,7.0,0.0,0.0,False,False,False,False,both_available,False,6,7.0,True,True,False,True,True,True,False,True
1536,380,Spain,2020-09-02,2020-09-09,0.0,7.0,0.0,0.0,False,False,False,False,both_available,False,7,7.0,True,True,False,True,True,True,False,True
1537,380,Spain,2020-09-09,2020-09-16,0.0,7.0,0.0,0.0,False,False,False,False,both_available,False,8,7.0,True,True,False,True,True,True,False,True
1538,380,Spain,2020-09-16,2020-09-23,0.0,7.0,0.0,0.0,False,False,False,False,both_available,False,9,7.0,True,True,False,True,True,True,False,True
1539,380,Spain,2020-09-30,2020-10-07,0.0,7.0,,0.0,True,False,True,False,p1_only_missing,False,10,14.0,True,False,False,True,True,True,False,True
1540,380,Spain,2020-10-28,2020-11-04,0.0,7.0,,,True,True,True,True,both_missing,False,11,28.0,True,False,False,True,True,False,False,True
1541,380,Spain,2020-11-04,2020-11-11,0.0,7.0,0.0,,False,True,True,False,p2_only_missing,False,12,7.0,True,True,False,True,True,False,False,True
1542,380,Spain,2020-11-11,2020-11-18,0.0,7.0,0.0,0.0,False,False,False,False,both_available,False,13,7.0,True,True,False,True,True,True,False,True
1543,380,Spain,2020-11-18,2020-11-25,0.0,7.0,0.0,0.0,False,False,False,False,both_available,False,14,7.0,True,True,False,True,True,True,False,True
1544,380,Spain,2020-11-25,2020-12-02,0.0,7.0,0.0,0.0,False,False,False,False,both_available,False,15,7.0,True,True,False,True,True,True,False,True
1545,381,Spain,2020-07-22,2020-07-29,12.0,7.0,,,True,True,True,True,both_missing,True,1,,True,False,True,False,True,False,True,False
1546,381,Spain,2020-07-29,2020-08-05,0.0,7.0,12.0,,False,True,True,False,p2_only_missing,False,2,7.0,True,True,False,True,True,False,True,True
1547,381,Spain,2020-08-05,2020-08-12,0.0,7.0,0.0,12.0,False,False,False,False,both_available,False,3,7.0,True,True,False,True,True,True,False,True
1548,381,Spain,2020-08-12,2020-08-19,0.0,7.0,0.0,0.0,False,False,False,False,both_available,False,4,7.0,True,True,False,True,True,True,False,True
1549,381,Spain,2020-08-26,2020-09-02,0.0,7.0,,0.0,True,False,True,False,p1_only_missing,False,5,14.0,True,False,False,True,True,True,False,True
1550,381,Spain,2020-09-02,2020-09-09,0.0,7.0,0.0,,False,True,True,False,p2_only_missing,False,6,7.0,True,True,False,True,True,False,False,True
1551,381,Spain,2020-09-09,2020-09-16,0.0,7.0,0.0,0.0,False,False,False,False,both_available,False,7,7.0,True,True,False,True,True,True,False,True
1552,381,Spain,2020-09-16,2020-09-23,0.0,7.0,0.0,0.0,False,False,False,False,both_available,False,8,7.0,True,True,False,True,True,True,False,True
1553,381,Spain,2020-09-23,2020-09-30,0.0,7.0,0.0,0.0,False,False,False,False,both_available,False,9,7.0,True,True,False,True,True,True,False,True
1554,381,Spain,2020-09-30,2020-10-07,0.0,7.0,0.0,0.0,False,False,False,False,both_available,False,10,7.0,True,True,False,True,True,True,False,True
1555,381,Spain,2020-10-07,2020-10-14,1.0,7.0,0.0,0.0,False,False,False,False,both_available,True,11,7.0,True,True,False,True,True,True,False,True
1556,381,Spain,2020-10-14,2020-10-21,0.0,7.0,1.0,0.0,False,False,False,False,both_available,False,12,7.0,True,True,False,True,True,True,False,True
1557,381,Spain,2020-10-21,2020-10-28,0.0,7.0,0.0,1.0,False,False,False,False,both_available,False,13,7.0,True,True,False,True,True,True,False,True
1558,381,Spain,2020-10-28,2020-11-04,0.0,7.0,0.0,0.0,False,False,False,False,both_available,False,14,7.0,True,True,False,True,True,True,False,True
1559,381,Spain,2020-11-04,2020-11-11,0.0,7.0,0.0,0.0,False,False,False,False,both_available,False,15,7.0,True,True,False,True,True,True,False,True
1560,381,Spain,2020-11-11,2020-11-18,0.0,7.0,0.0,0.0,False,False,False,False,both_available,False,16,7.0,True,True,False,True,True,True,False,True
1561,381,Spain,2020-11-18,2020-11-25,0.0,7.0,0.0,0.0,False,False,False,False,both_available,False,17,7.0,True,True,False,True,True,True,False,True
1562,381,Spain,2020-11-25,2020-12-02,0.0,7.0,0.0,0.0,False,False,False,False,both_available,False,18,7.0,True,True,False,True,True,True,False,True
1563,382,Spain,2020-07-20,2020-07-27,234.0,7.0,,,True,True,True,True,both_missing,True,1,,True,False,True,False,True,False,True,False
1564,382,Spain,2020-07-27,2020-08-03,0.0,7.0,234.0,,False,True,True,False,p2_only_missing,False,2,7.0,True,True,False,True,True,False,True,True
1565,382,Spain,2020-08-03,2020-08-11,372.75,8.0,0.0,234.0,False,False,False,False,both_available,True,3,8.0,True,True,False,True,True,True,False,True
1566,382,Spain,2020-08-11,2020-08-19,3.5,8.0,372.75,0.0,False,False,False,False,both_available,True,4,8.0,True,True,False,True,True,True,False,True
1567,382,Spain,2020-08-19,2020-08-26,113.0,7.0,3.5,372.75,False,False,False,False,both_available,True,5,7.0,True,True,False,True,True,True,False,True
1568,382,Spain,2020-08-26,2020-09-03,40.25,8.0,113.0,3.5,False,False,False,False,both_available,True,6,8.0,True,True,False,True,True,True,False,True
1569,382,Spain,2020-09-03,2020-09-10,0.0,7.0,40.25,113.0,False,False,False,False,both_available,False,7,7.0,True,True,False,True,True,True,False,True
1570,382,Spain,2020-09-10,2020-09-16,33.833333333333336,6.0,0.0,40.25,False,False,False,False,both_available,True,8,6.0,True,True,False,True,True,True,False,True
1571,382,Spain,2020-09-16,2020-09-23,0.0,7.0,33.833333333333336,0.0,False,False,False,False,both_available,False,9,7.0,True,True,False,True,True,True,False,True
1572,382,Spain,2020-09-23,2020-09-30,1.0,7.0,0.0,33.833333333333336,False,False,False,False,both_available,True,10,7.0,True,True,False,True,True,True,False,True
1573,382,Spain,2020-09-30,2020-10-07,1.0,7.0,1.0,0.0,False,False,False,False,both_available,True,11,7.0,True,True,False,True,True,True,False,True
1574,382,Spain,2020-10-07,2020-10-14,13.0,7.0,1.0,1.0,False,False,False,False,both_available,True,12,7.0,True,True,False,True,True,True,False,True
1575,382,Spain,2020-10-14,2020-10-21,1.0,7.0,13.0,1.0,False,False,False,False,both_available,True,13,7.0,True,True,False,True,True,True,False,True
1576,382,Spain,2020-10-30,2020-11-05,0.0,6.0,0.0,,False,True,True,False,p2_only_missing,False,14,15.0,True,False,False,True,True,False,False,True
1577,382,Spain,2020-11-05,2020-11-11,0.0,6.0,0.0,0.0,False,False,False,False,both_available,False,15,6.0,True,True,False,True,True,False,False,True
1578,383,Spain,2020-07-20,2020-07-27,0.0,7.0,,,True,True,True,True,both_missing,False,1,,True,False,True,False,True,False,True,False
1579,383,Spain,2020-07-27,2020-08-03,47.0,7.0,0.0,,False,True,True,False,p2_only_missing,True,2,7.0,True,True,False,True,True,False,True,True
1580,383,Spain,2020-08-03,2020-08-11,13.125,8.0,47.0,0.0,False,False,False,False,both_available,True,3,8.0,True,True,False,True,True,True,False,True
1581,383,Spain,2020-08-11,2020-08-19,0.0,8.0,13.125,47.0,False,False,False,False,both_available,False,4,8.0,True,True,False,True,True,True,False,True
1582,383,Spain,2020-08-19,2020-08-26,6.0,7.0,0.0,13.125,False,False,False,False,both_available,True,5,7.0,True,True,False,True,True,True,False,True
1583,383,Spain,2020-08-26,2020-09-03,3.5,8.0,6.0,0.0,False,False,False,False,both_available,True,6,8.0,True,True,False,True,True,True,False,True
1584,383,Spain,2020-09-03,2020-09-10,0.0,7.0,3.5,6.0,False,False,False,False,both_available,False,7,7.0,True,True,False,True,True,True,False,True
1585,383,Spain,2020-09-10,2020-09-16,2.3333333333333335,6.0,0.0,3.5,False,False,False,False,both_available,True,8,6.0,True,True,False,True,True,True,False,True
1586,383,Spain,2020-09-16,2020-09-23,0.0,7.0,2.3333333333333335,0.0,False,False,False,False,both_available,False,9,7.0,True,True,False,True,True,True,False,True
1587,383,Spain,2020-09-23,2020-09-30,0.0,7.0,0.0,2.3333333333333335,False,False,False,False,both_available,False,10,7.0,True,True,False,True,True,True,False,True
1588,383,Spain,2020-09-30,2020-10-07,0.0,7.0,0.0,0.0,False,False,False,False,both_available,False,11,7.0,True,True,False,True,True,True,False,True
1589,383,Spain,2020-10-07,2020-10-14,0.0,7.0,0.0,0.0,False,False,False,False,both_available,False,12,7.0,True,True,False,True,True,True,False,True
1590,383,Spain,2020-10-14,2020-10-21,0.0,7.0,0.0,0.0,False,False,False,False,both_available,False,13,7.0,True,True,False,True,True,True,False,True
1591,383,Spain,2020-10-30,2020-11-05,0.0,6.0,0.0,,False,True,True,False,p2_only_missing,False,14,15.0,True,False,False,True,True,False,False,True
1592,383,Spain,2020-11-05,2020-11-11,1.1666666666666667,6.0,0.0,0.0,False,False,False,False,both_available,True,15,6.0,True,True,False,True,True,False,False,True
1593,384,Spain,2020-07-20,2020-07-27,13.0,7.0,,,True,True,True,True,both_missing,True,1,,True,False,True,False,True,False,True,False
1594,384,Spain,2020-07-27,2020-08-03,19.0,7.0,13.0,,False,True,True,False,p2_only_missing,True,2,7.0,True,True,False,True,True,False,True,True
1595,384,Spain,2020-08-03,2020-08-11,37.625,8.0,19.0,13.0,False,False,False,False,both_available,True,3,8.0,True,True,False,True,True,True,False,True
1596,384,Spain,2020-08-11,2020-08-19,9.625,8.0,37.625,19.0,False,False,False,False,both_available,True,4,8.0,True,True,False,True,True,True,False,True
1597,384,Spain,2020-08-19,2020-08-26,6.0,7.0,9.625,37.625,False,False,False,False,both_available,True,5,7.0,True,True,False,True,True,True,False,True
1598,384,Spain,2020-08-26,2020-09-03,4.375,8.0,6.0,9.625,False,False,False,False,both_available,True,6,8.0,True,True,False,True,True,True,False,True
1599,384,Spain,2020-09-03,2020-09-10,7.0,7.0,4.375,6.0,False,False,False,False,both_available,True,7,7.0,True,True,False,True,True,True,False,True
1600,384,Spain,2020-09-10,2020-09-16,2.3333333333333335,6.0,7.0,4.375,False,False,False,False,both_available,True,8,6.0,True,True,False,True,True,True,False,True
1601,384,Spain,2020-09-16,2020-09-23,0.0,7.0,2.3333333333333335,7.0,False,False,False,False,both_available,False,9,7.0,True,True,False,True,True,True,False,True
1602,384,Spain,2020-09-23,2020-09-30,2.0,7.0,0.0,2.3333333333333335,False,False,False,False,both_available,True,10,7.0,True,True,False,True,True,True,False,True
1603,384,Spain,2020-09-30,2020-10-07,0.0,7.0,2.0,0.0,False,False,False,False,both_available,False,11,7.0,True,True,False,True,True,True,False,True
1604,384,Spain,2020-10-07,2020-10-14,1.0,7.0,0.0,2.0,False,False,False,False,both_available,True,12,7.0,True,True,False,True,True,True,False,True
1605,384,Spain,2020-10-14,2020-10-21,0.0,7.0,1.0,0.0,False,False,False,False,both_available,False,13,7.0,True,True,False,True,True,True,False,True
1606,384,Spain,2020-10-30,2020-11-05,0.0,6.0,0.0,,False,True,True,False,p2_only_missing,False,14,15.0,True,False,False,True,True,False,False,True
1607,384,Spain,2020-11-05,2020-11-11,0.0,6.0,0.0,0.0,False,False,False,False,both_available,False,15,6.0,True,True,False,True,True,False,False,True
1608,385,Spain,2020-07-20,2020-07-27,0.0,7.0,,,True,True,True,True,both_missing,False,1,,True,False,True,False,True,False,True,False
1609,385,Spain,2020-07-27,2020-08-03,0.0,7.0,0.0,,False,True,True,False,p2_only_missing,False,2,7.0,True,True,False,True,True,False,True,True
1610,385,Spain,2020-08-03,2020-08-11,7.875,8.0,0.0,0.0,False,False,False,False,both_available,True,3,8.0,True,True,False,True,True,True,False,True
1611,385,Spain,2020-08-11,2020-08-19,18.375,8.0,7.875,0.0,False,False,False,False,both_available,True,4,8.0,True,True,False,True,True,True,False,True
1612,385,Spain,2020-08-19,2020-08-26,4.0,7.0,18.375,7.875,False,False,False,False,both_available,True,5,7.0,True,True,False,True,True,True,False,True
1613,385,Spain,2020-08-26,2020-09-03,0.0,8.0,4.0,18.375,False,False,False,False,both_available,False,6,8.0,True,True,False,True,True,True,False,True
1614,385,Spain,2020-09-03,2020-09-10,4.0,7.0,0.0,4.0,False,False,False,False,both_available,True,7,7.0,True,True,False,True,True,True,False,True
1615,385,Spain,2020-09-10,2020-09-16,19.833333333333332,6.0,4.0,0.0,False,False,False,False,both_available,True,8,6.0,True,True,False,True,True,True,False,True
1616,385,Spain,2020-09-16,2020-09-23,1.0,7.0,19.833333333333332,4.0,False,False,False,False,both_available,True,9,7.0,True,True,False,True,True,True,False,True
1617,385,Spain,2020-09-23,2020-09-30,0.0,7.0,1.0,19.833333333333332,False,False,False,False,both_available,False,10,7.0,True,True,False,True,True,True,False,True
1618,385,Spain,2020-09-30,2020-10-07,0.0,7.0,0.0,1.0,False,False,False,False,both_available,False,11,7.0,True,True,False,True,True,True,False,True
1619,385,Spain,2020-10-07,2020-10-14,0.0,7.0,0.0,0.0,False,False,False,False,both_available,False,12,7.0,True,True,False,True,True,True,False,True
1620,385,Spain,2020-10-14,2020-10-21,0.0,7.0,0.0,0.0,False,False,False,False,both_available,False,13,7.0,True,True,False,True,True,True,False,True
1621,385,Spain,2020-10-30,2020-11-05,0.0,6.0,0.0,,False,True,True,False,p2_only_missing,False,14,15.0,True,False,False,True,True,False,False,True
1622,385,Spain,2020-11-05,2020-11-11,0.0,6.0,0.0,0.0,False,False,False,False,both_available,False,15,6.0,True,True,False,True,True,False,False,True
1623,386,Spain,2020-07-20,2020-07-27,0.0,7.0,,,True,True,True,True,both_missing,False,1,,True,False,True,False,True,False,True,False
1624,386,Spain,2020-07-27,2020-08-03,1.0,7.0,0.0,,False,True,True,False,p2_only_missing,True,2,7.0,True,True,False,True,True,False,True,True
1625,386,Spain,2020-08-03,2020-08-11,0.875,8.0,1.0,0.0,False,False,False,False,both_available,True,3,8.0,True,True,False,True,True,True,False,True
1626,386,Spain,2020-08-11,2020-08-19,10.5,8.0,0.875,1.0,False,False,False,False,both_available,True,4,8.0,True,True,False,True,True,True,False,True
1627,386,Spain,2020-08-19,2020-08-26,0.0,7.0,10.5,0.875,False,False,False,False,both_available,False,5,7.0,True,True,False,True,True,True,False,True
1628,386,Spain,2020-08-26,2020-09-03,0.875,8.0,0.0,10.5,False,False,False,False,both_available,True,6,8.0,True,True,False,True,True,True,False,True
1629,386,Spain,2020-09-03,2020-09-10,1.0,7.0,0.875,0.0,False,False,False,False,both_available,True,7,7.0,True,True,False,True,True,True,False,True
1630,386,Spain,2020-09-10,2020-09-16,0.0,6.0,1.0,0.875,False,False,False,False,both_available,False,8,6.0,True,True,False,True,True,True,False,True
1631,386,Spain,2020-09-16,2020-09-23,0.0,7.0,0.0,1.0,False,False,False,False,both_available,False,9,7.0,True,True,False,True,True,True,False,True
1632,386,Spain,2020-09-23,2020-09-30,0.0,7.0,0.0,0.0,False,False,False,False,both_available,False,10,7.0,True,True,False,True,True,True,False,True
1633,386,Spain,2020-09-30,2020-10-07,0.0,7.0,0.0,0.0,False,False,False,False,both_available,False,11,7.0,True,True,False,True,True,True,False,True
1634,386,Spain,2020-10-07,2020-10-14,0.0,7.0,0.0,0.0,False,False,False,False,both_available,False,12,7.0,True,True,False,True,True,True,False,True
1635,386,Spain,2020-10-14,2020-10-21,0.0,7.0,0.0,0.0,False,False,False,False,both_available,False,13,7.0,True,True,False,True,True,True,False,True
1636,386,Spain,2020-10-30,2020-11-05,0.0,6.0,0.0,,False,True,True,False,p2_only_missing,False,14,15.0,True,False,False,True,True,False,False,True
1637,386,Spain,2020-11-05,2020-11-11,0.0,6.0,0.0,0.0,False,False,False,False,both_available,False,15,6.0,True,True,False,True,True,False,False,True
1638,387,Spain,2020-07-28,2020-08-05,113.75,8.0,,,True,True,True,True,both_missing,True,1,,True,False,True,False,True,False,True,False
1639,387,Spain,2020-08-05,2020-08-12,61.0,7.0,113.75,,False,True,True,False,p2_only_missing,True,2,7.0,True,True,False,True,True,False,True,True
1640,387,Spain,2020-08-12,2020-08-19,83.0,7.0,61.0,113.75,False,False,False,False,both_available,True,3,7.0,True,True,False,True,True,True,False,True
1641,387,Spain,2020-08-19,2020-08-26,272.0,7.0,83.0,61.0,False,False,False,False,both_available,True,4,7.0,True,True,False,True,True,True,False,True
1642,387,Spain,2020-08-26,2020-09-02,53.0,7.0,272.0,83.0,False,False,False,False,both_available,True,5,7.0,True,True,False,True,True,True,False,True
1643,387,Spain,2020-09-02,2020-09-09,31.0,7.0,53.0,272.0,False,False,False,False,both_available,True,6,7.0,True,True,False,True,True,True,False,True
1644,387,Spain,2020-09-09,2020-09-16,93.0,7.0,31.0,53.0,False,False,False,False,both_available,True,7,7.0,True,True,False,True,True,True,False,True
1645,387,Spain,2020-09-16,2020-09-23,26.0,7.0,93.0,31.0,False,False,False,False,both_available,True,8,7.0,True,True,False,True,True,True,False,True
1646,387,Spain,2020-09-23,2020-09-30,2.0,7.0,26.0,93.0,False,False,False,False,both_available,True,9,7.0,True,True,False,True,True,True,False,True
1647,387,Spain,2020-09-30,2020-10-07,0.0,7.0,2.0,26.0,False,False,False,False,both_available,False,10,7.0,True,True,False,True,True,True,False,True
1648,387,Spain,2020-10-07,2020-10-14,3.0,7.0,0.0,2.0,False,False,False,False,both_available,True,11,7.0,True,True,False,True,True,True,False,True
1649,387,Spain,2020-10-28,2020-11-04,0.0,7.0,,,True,True,True,True,both_missing,False,12,21.0,True,False,False,True,True,False,False,True
1650,387,Spain,2020-11-04,2020-11-11,0.0,7.0,0.0,,False,True,True,False,p2_only_missing,False,13,7.0,True,True,False,True,True,False,False,True
1651,387,Spain,2020-11-11,2020-11-18,0.0,7.0,0.0,0.0,False,False,False,False,both_available,False,14,7.0,True,True,False,True,True,True,False,True
1652,388,Spain,2020-07-28,2020-08-05,0.0,8.0,,,True,True,True,True,both_missing,False,1,,True,False,True,False,True,False,True,False
1653,388,Spain,2020-08-05,2020-08-12,0.0,7.0,0.0,,False,True,True,False,p2_only_missing,False,2,7.0,True,True,False,True,True,False,True,True
1654,388,Spain,2020-08-12,2020-08-19,11.0,7.0,0.0,0.0,False,False,False,False,both_available,True,3,7.0,True,True,False,True,True,True,False,True
1655,388,Spain,2020-08-19,2020-08-26,1.0,7.0,11.0,0.0,False,False,False,False,both_available,True,4,7.0,True,True,False,True,True,True,False,True
1656,388,Spain,2020-08-26,2020-09-02,0.0,7.0,1.0,11.0,False,False,False,False,both_available,False,5,7.0,True,True,False,True,True,True,False,True
1657,388,Spain,2020-09-02,2020-09-09,0.0,7.0,0.0,1.0,False,False,False,False,both_available,False,6,7.0,True,True,False,True,True,True,False,True
1658,388,Spain,2020-09-09,2020-09-16,0.0,7.0,0.0,0.0,False,False,False,False,both_available,False,7,7.0,True,True,False,True,True,True,False,True
1659,388,Spain,2020-09-16,2020-09-23,0.0,7.0,0.0,0.0,False,False,False,False,both_available,False,8,7.0,True,True,False,True,True,True,False,True
1660,388,Spain,2020-09-23,2020-09-30,0.0,7.0,0.0,0.0,False,False,False,False,both_available,False,9,7.0,True,True,False,True,True,True,False,True
1661,388,Spain,2020-09-30,2020-10-07,0.0,7.0,0.0,0.0,False,False,False,False,both_available,False,10,7.0,True,True,False,True,True,True,False,True
1662,388,Spain,2020-10-07,2020-10-14,0.0,7.0,0.0,0.0,False,False,False,False,both_available,False,11,7.0,True,True,False,True,True,True,False,True
1663,388,Spain,2020-10-21,2020-10-28,0.0,7.0,,0.0,True,False,True,False,p1_only_missing,False,12,14.0,True,False,False,True,True,True,False,True
1664,388,Spain,2020-10-28,2020-11-04,0.0,7.0,0.0,,False,True,True,False,p2_only_missing,False,13,7.0,True,True,False,True,True,False,False,True
1665,388,Spain,2020-11-04,2020-11-11,0.0,7.0,0.0,0.0,False,False,False,False,both_available,False,14,7.0,True,True,False,True,True,True,False,True
1666,388,Spain,2020-11-11,2020-11-18,0.0,7.0,0.0,0.0,False,False,False,False,both_available,False,15,7.0,True,True,False,True,True,True,False,True
1667,389,Spain,2020-07-28,2020-08-05,6.125,8.0,,,True,True,True,True,both_missing,True,1,,True,False,True,False,True,False,True,False
1668,389,Spain,2020-08-05,2020-08-12,3.0,7.0,6.125,,False,True,True,False,p2_only_missing,True,2,7.0,True,True,False,True,True,False,True,True
1669,389,Spain,2020-08-12,2020-08-19,28.0,7.0,3.0,6.125,False,False,False,False,both_available,True,3,7.0,True,True,False,True,True,True,False,True
1670,389,Spain,2020-08-19,2020-08-26,82.0,7.0,28.0,3.0,False,False,False,False,both_available,True,4,7.0,True,True,False,True,True,True,False,True
1671,389,Spain,2020-08-26,2020-09-02,0.0,7.0,82.0,28.0,False,False,False,False,both_available,False,5,7.0,True,True,False,True,True,True,False,True
1672,389,Spain,2020-09-02,2020-09-09,5.0,7.0,0.0,82.0,False,False,False,False,both_available,True,6,7.0,True,True,False,True,True,True,False,True
1673,389,Spain,2020-09-09,2020-09-16,57.0,7.0,5.0,0.0,False,False,False,False,both_available,True,7,7.0,True,True,False,True,True,True,False,True
1674,389,Spain,2020-09-16,2020-09-23,0.0,7.0,57.0,5.0,False,False,False,False,both_available,False,8,7.0,True,True,False,True,True,True,False,True
1675,389,Spain,2020-09-23,2020-09-30,0.0,7.0,0.0,57.0,False,False,False,False,both_available,False,9,7.0,True,True,False,True,True,True,False,True
1676,389,Spain,2020-09-30,2020-10-07,0.0,7.0,0.0,0.0,False,False,False,False,both_available,False,10,7.0,True,True,False,True,True,True,False,True
1677,389,Spain,2020-10-07,2020-10-14,0.0,7.0,0.0,0.0,False,False,False,False,both_available,False,11,7.0,True,True,False,True,True,True,False,True
1678,389,Spain,2020-10-14,2020-10-21,0.0,7.0,0.0,0.0,False,False,False,False,both_available,False,12,7.0,True,True,False,True,True,True,False,True
1679,389,Spain,2020-10-21,2020-10-28,0.0,7.0,0.0,0.0,False,False,False,False,both_available,False,13,7.0,True,True,False,True,True,True,False,True
1680,389,Spain,2020-10-28,2020-11-04,0.0,7.0,0.0,0.0,False,False,False,False,both_available,False,14,7.0,True,True,False,True,True,True,False,True
1681,389,Spain,2020-11-04,2020-11-11,0.0,7.0,0.0,0.0,False,False,False,False,both_available,False,15,7.0,True,True,False,True,True,True,False,True
1682,389,Spain,2020-11-11,2020-11-18,0.0,7.0,0.0,0.0,False,False,False,False,both_available,False,16,7.0,True,True,False,True,True,True,False,True
1683,390,Spain,2020-07-28,2020-08-05,7.875,8.0,,,True,True,True,True,both_missing,True,1,,True,False,True,False,True,False,True,False
1684,390,Spain,2020-08-05,2020-08-12,34.0,7.0,7.875,,False,True,True,False,p2_only_missing,True,2,7.0,True,True,False,True,True,False,True,True
1685,390,Spain,2020-08-12,2020-08-19,0.0,7.0,34.0,7.875,False,False,False,False,both_available,False,3,7.0,True,True,False,True,True,True,False,True
1686,390,Spain,2020-08-19,2020-08-26,1.0,7.0,0.0,34.0,False,False,False,False,both_available,True,4,7.0,True,True,False,True,True,True,False,True
1687,390,Spain,2020-08-26,2020-09-02,19.0,7.0,1.0,0.0,False,False,False,False,both_available,True,5,7.0,True,True,False,True,True,True,False,True
1688,390,Spain,2020-09-02,2020-09-09,4.0,7.0,19.0,1.0,False,False,False,False,both_available,True,6,7.0,True,True,False,True,True,True,False,True
1689,390,Spain,2020-09-09,2020-09-16,123.0,7.0,4.0,19.0,False,False,False,False,both_available,True,7,7.0,True,True,False,True,True,True,False,True
1690,390,Spain,2020-09-16,2020-09-23,26.0,7.0,123.0,4.0,False,False,False,False,both_available,True,8,7.0,True,True,False,True,True,True,False,True
1691,390,Spain,2020-09-23,2020-09-30,17.0,7.0,26.0,123.0,False,False,False,False,both_available,True,9,7.0,True,True,False,True,True,True,False,True
1692,390,Spain,2020-09-30,2020-10-07,5.0,7.0,17.0,26.0,False,False,False,False,both_available,True,10,7.0,True,True,False,True,True,True,False,True
1693,390,Spain,2020-10-07,2020-10-14,0.0,7.0,5.0,17.0,False,False,False,False,both_available,False,11,7.0,True,True,False,True,True,True,False,True
1694,390,Spain,2020-10-14,2020-10-21,0.0,7.0,0.0,5.0,False,False,False,False,both_available,False,12,7.0,True,True,False,True,True,True,False,True
1695,390,Spain,2020-10-28,2020-11-04,0.0,7.0,,0.0,True,False,True,False,p1_only_missing,False,13,14.0,True,False,False,True,True,True,False,True
1696,390,Spain,2020-11-04,2020-11-11,0.0,7.0,0.0,,False,True,True,False,p2_only_missing,False,14,7.0,True,True,False,True,True,False,False,True
1697,390,Spain,2020-11-11,2020-11-18,0.0,7.0,0.0,0.0,False,False,False,False,both_available,False,15,7.0,True,True,False,True,True,True,False,True
1698,391,Spain,2020-08-05,2020-08-12,30.0,7.0,,,True,True,True,True,both_missing,True,1,,True,False,True,False,True,False,True,False
1699,391,Spain,2020-08-12,2020-08-19,77.0,7.0,30.0,,False,True,True,False,p2_only_missing,True,2,7.0,True,True,False,True,True,False,True,True
1700,391,Spain,2020-08-19,2020-08-26,66.0,7.0,77.0,30.0,False,False,False,False,both_available,True,3,7.0,True,True,False,True,True,True,False,True
1701,391,Spain,2020-08-26,2020-09-02,41.0,7.0,66.0,77.0,False,False,False,False,both_available,True,4,7.0,True,True,False,True,True,True,False,True
1702,391,Spain,2020-09-02,2020-09-09,27.0,7.0,41.0,66.0,False,False,False,False,both_available,True,5,7.0,True,True,False,True,True,True,False,True
1703,391,Spain,2020-09-09,2020-09-16,90.0,7.0,27.0,41.0,False,False,False,False,both_available,True,6,7.0,True,True,False,True,True,True,False,True
1704,391,Spain,2020-09-16,2020-09-23,29.0,7.0,90.0,27.0,False,False,False,False,both_available,True,7,7.0,True,True,False,True,True,True,False,True
1705,391,Spain,2020-09-23,2020-09-30,46.0,7.0,29.0,90.0,False,False,False,False,both_available,True,8,7.0,True,True,False,True,True,True,False,True
1706,391,Spain,2020-09-30,2020-10-07,16.0,7.0,46.0,29.0,False,False,False,False,both_available,True,9,7.0,True,True,False,True,True,True,False,True
1707,391,Spain,2020-10-07,2020-10-14,13.0,7.0,16.0,46.0,False,False,False,False,both_available,True,10,7.0,True,True,False,True,True,True,False,True
1708,391,Spain,2020-10-14,2020-10-21,0.0,7.0,13.0,16.0,False,False,False,False,both_available,False,11,7.0,True,True,False,True,True,True,False,True
1709,391,Spain,2020-10-21,2020-10-28,1.0,7.0,0.0,13.0,False,False,False,False,both_available,True,12,7.0,True,True,False,True,True,True,False,True
1710,391,Spain,2020-10-28,2020-11-04,0.0,7.0,1.0,0.0,False,False,False,False,both_available,False,13,7.0,True,True,False,True,True,True,False,True
1711,391,Spain,2020-11-04,2020-11-11,0.0,7.0,0.0,1.0,False,False,False,False,both_available,False,14,7.0,True,True,False,True,True,True,False,True
1712,391,Spain,2020-11-11,2020-11-18,0.0,7.0,0.0,0.0,False,False,False,False,both_available,False,15,7.0,True,True,False,True,True,True,False,True
1713,392,Spain,2020-07-31,2020-08-07,67.0,7.0,,,True,True,True,True,both_missing,True,1,,True,False,True,False,True,False,True,False
1714,392,Spain,2020-08-07,2020-08-13,86.33333333333333,6.0,67.0,,False,True,True,False,p2_only_missing,True,2,6.0,True,True,False,True,True,False,True,True
1715,392,Spain,2020-08-13,2020-08-20,112.0,7.0,86.33333333333333,67.0,False,False,False,False,both_available,True,3,7.0,True,True,False,True,True,True,False,True
1716,392,Spain,2020-08-20,2020-08-27,73.0,7.0,112.0,86.33333333333333,False,False,False,False,both_available,True,4,7.0,True,True,False,True,True,True,False,True
1717,392,Spain,2020-08-27,2020-09-03,2.0,7.0,73.0,112.0,False,False,False,False,both_available,True,5,7.0,True,True,False,True,True,True,False,True
1718,392,Spain,2020-09-03,2020-09-10,1.0,7.0,2.0,73.0,False,False,False,False,both_available,True,6,7.0,True,True,False,True,True,True,False,True
1719,392,Spain,2020-09-10,2020-09-18,0.875,8.0,1.0,2.0,False,False,False,False,both_available,True,7,8.0,True,True,False,True,True,True,False,True
1720,392,Spain,2020-09-18,2020-09-25,2.0,7.0,0.875,1.0,False,False,False,False,both_available,True,8,7.0,True,True,False,True,True,True,False,True
1721,392,Spain,2020-10-09,2020-10-17,0.0,8.0,,,True,True,True,True,both_missing,False,9,22.0,True,False,False,True,True,False,False,True
1722,393,Spain,2020-07-31,2020-08-07,19.25,7.0,,,True,True,True,True,both_missing,True,1,,True,False,True,False,True,False,True,False
1723,393,Spain,2020-08-07,2020-08-13,24.791666666666664,6.0,19.25,,False,True,True,False,p2_only_missing,True,2,6.0,True,True,False,True,True,False,True,True
1724,393,Spain,2020-08-13,2020-08-20,28.25,7.0,24.791666666666664,19.25,False,False,False,False,both_available,True,3,7.0,True,True,False,True,True,True,False,True
1725,393,Spain,2020-08-20,2020-08-27,20.25,7.0,28.25,24.791666666666664,False,False,False,False,both_available,True,4,7.0,True,True,False,True,True,True,False,True
1726,393,Spain,2020-08-27,2020-09-03,14.5,7.0,20.25,28.25,False,False,False,False,both_available,True,5,7.0,True,True,False,True,True,True,False,True
1727,393,Spain,2020-09-03,2020-09-10,6.0,7.0,14.5,20.25,False,False,False,False,both_available,True,6,7.0,True,True,False,True,True,True,False,True
1728,393,Spain,2020-09-10,2020-09-18,15.53125,8.0,3.0,14.5,False,False,False,False,both_available,True,7,8.0,True,True,False,True,True,True,False,True
1729,393,Spain,2020-09-18,2020-09-25,16.0,7.0,15.53125,3.0,False,False,False,False,both_available,True,8,7.0,True,True,False,True,True,True,False,True
1730,393,Spain,2020-10-09,2020-10-17,0.0,8.0,1.6666666666666667,,False,True,True,False,p2_only_missing,False,9,22.0,True,False,False,True,True,False,False,True
1731,394,Spain,2020-07-31,2020-08-06,53.666666666666664,6.0,,,True,True,True,True,both_missing,True,1,,True,False,True,False,True,False,True,False
1732,394,Spain,2020-08-06,2020-08-14,166.25,8.0,53.666666666666664,,False,True,True,False,p2_only_missing,True,2,8.0,True,True,False,True,True,False,True,True
1733,394,Spain,2020-08-19,2020-08-27,50.75,8.0,176.4,,False,True,True,False,p2_only_missing,True,3,13.0,True,False,False,True,True,False,False,True
1734,394,Spain,2020-08-27,2020-09-02,133.0,6.0,50.75,176.4,False,False,False,False,both_available,True,4,6.0,True,True,False,True,True,False,False,True
1735,394,Spain,2020-09-02,2020-09-09,52.0,7.0,133.0,50.75,False,False,False,False,both_available,True,5,7.0,True,True,False,True,True,True,False,True
1736,394,Spain,2020-09-09,2020-09-17,28.875,8.0,52.0,133.0,False,False,False,False,both_available,True,6,8.0,True,True,False,True,True,True,False,True
1737,394,Spain,2020-09-17,2020-09-24,1.0,7.0,28.875,52.0,False,False,False,False,both_available,True,7,7.0,True,True,False,True,True,True,False,True
1738,394,Spain,2020-09-24,2020-10-01,11.0,7.0,1.0,28.875,False,False,False,False,both_available,True,8,7.0,True,True,False,True,True,True,False,True
1739,394,Spain,2020-10-01,2020-10-08,0.0,7.0,11.0,1.0,False,False,False,False,both_available,False,9,7.0,True,True,False,True,True,True,False,True
1740,394,Spain,2020-10-08,2020-10-16,0.0,8.0,0.0,11.0,False,False,False,False,both_available,False,10,8.0,True,True,False,True,True,True,False,True
1741,394,Spain,2020-10-16,2020-10-23,0.0,7.0,0.0,0.0,False,False,False,False,both_available,False,11,7.0,True,True,False,True,True,True,False,True
1742,394,Spain,2020-10-23,2020-10-30,0.0,7.0,0.0,0.0,False,False,False,False,both_available,False,12,7.0,True,True,False,True,True,True,False,True
1743,394,Spain,2020-10-30,2020-11-06,0.0,7.0,0.0,0.0,False,False,False,False,both_available,False,13,7.0,True,True,False,True,True,True,False,True
1744,394,Spain,2020-11-06,2020-11-13,0.0,7.0,0.0,0.0,False,False,False,False,both_available,False,14,7.0,True,True,False,True,True,True,False,True
1745,394,Spain,2020-11-27,2020-12-04,0.0,7.0,0.0,,False,True,True,False,p2_only_missing,False,15,21.0,True,False,False,True,True,False,False,True
1746,395,Spain,2020-08-19,2020-08-27,82.25,8.0,107.8,,False,True,True,False,p2_only_missing,True,1,,True,False,False,True,True,False,True,True
1747,395,Spain,2020-08-27,2020-09-02,166.83333333333334,6.0,82.25,107.8,False,False,False,False,both_available,True,2,6.0,True,True,False,True,True,False,False,True
1748,395,Spain,2020-09-02,2020-09-09,45.0,7.0,166.83333333333334,82.25,False,False,False,False,both_available,True,3,7.0,True,True,False,True,True,True,False,True
1749,395,Spain,2020-09-09,2020-09-17,17.5,8.0,45.0,166.83333333333334,False,False,False,False,both_available,True,4,8.0,True,True,False,True,True,True,False,True
1750,395,Spain,2020-09-17,2020-09-24,19.0,7.0,17.5,45.0,False,False,False,False,both_available,True,5,7.0,True,True,False,True,True,True,False,True
1751,395,Spain,2020-09-24,2020-10-01,17.0,7.0,19.0,17.5,False,False,False,False,both_available,True,6,7.0,True,True,False,True,True,True,False,True
1752,395,Spain,2020-10-01,2020-10-08,3.0,7.0,17.0,19.0,False,False,False,False,both_available,True,7,7.0,True,True,False,True,True,True,False,True
1753,395,Spain,2020-10-08,2020-10-16,0.0,8.0,3.0,17.0,False,False,False,False,both_available,False,8,8.0,True,True,False,True,True,True,False,True
1754,395,Spain,2020-10-16,2020-10-23,12.0,7.0,0.0,3.0,False,False,False,False,both_available,True,9,7.0,True,True,False,True,True,True,False,True
1755,395,Spain,2020-10-23,2020-10-30,0.0,7.0,12.0,0.0,False,False,False,False,both_available,False,10,7.0,True,True,False,True,True,True,False,True
1756,395,Spain,2020-10-30,2020-11-06,0.0,7.0,0.0,12.0,False,False,False,False,both_available,False,11,7.0,True,True,False,True,True,True,False,True
1757,395,Spain,2020-11-06,2020-11-13,0.0,7.0,0.0,0.0,False,False,False,False,both_available,False,12,7.0,True,True,False,True,True,True,False,True
1758,395,Spain,2020-11-27,2020-12-04,0.0,7.0,0.0,,False,True,True,False,p2_only_missing,False,13,21.0,True,False,False,True,True,False,False,True
1759,396,Spain,2020-07-31,2020-08-06,196.0,6.0,,,True,True,True,True,both_missing,True,1,,True,False,True,False,True,False,True,False
1760,396,Spain,2020-08-06,2020-08-14,212.625,8.0,196.0,,False,True,True,False,p2_only_missing,True,2,8.0,True,True,False,True,True,False,True,True
1761,396,Spain,2020-08-19,2020-08-27,230.125,8.0,439.6,,False,True,True,False,p2_only_missing,True,3,13.0,True,False,False,True,True,False,False,True
1762,396,Spain,2020-09-02,2020-09-09,110.0,7.0,,230.125,True,False,True,False,p1_only_missing,True,4,13.0,True,False,False,True,True,True,False,True
1763,396,Spain,2020-09-09,2020-09-17,139.125,8.0,110.0,,False,True,True,False,p2_only_missing,True,5,8.0,True,True,False,True,True,False,False,True
1764,396,Spain,2020-09-17,2020-09-24,85.0,7.0,139.125,110.0,False,False,False,False,both_available,True,6,7.0,True,True,False,True,True,True,False,True
1765,396,Spain,2020-09-24,2020-10-01,25.0,7.0,85.0,139.125,False,False,False,False,both_available,True,7,7.0,True,True,False,True,True,True,False,True
1766,396,Spain,2020-10-01,2020-10-08,29.0,7.0,25.0,85.0,False,False,False,False,both_available,True,8,7.0,True,True,False,True,True,True,False,True
1767,396,Spain,2020-10-08,2020-10-16,1.75,8.0,29.0,25.0,False,False,False,False,both_available,True,9,8.0,True,True,False,True,True,True,False,True
1768,396,Spain,2020-10-16,2020-10-23,0.0,7.0,1.75,29.0,False,False,False,False,both_available,False,10,7.0,True,True,False,True,True,True,False,True
1769,396,Spain,2020-10-23,2020-10-30,1.0,7.0,0.0,1.75,False,False,False,False,both_available,True,11,7.0,True,True,False,True,True,True,False,True
1770,396,Spain,2020-10-30,2020-11-06,0.0,7.0,1.0,0.0,False,False,False,False,both_available,False,12,7.0,True,True,False,True,True,True,False,True
1771,396,Spain,2020-11-06,2020-11-13,5.0,7.0,0.0,1.0,False,False,False,False,both_available,True,13,7.0,True,True,False,True,True,True,False,True
1772,396,Spain,2020-11-27,2020-12-04,0.0,7.0,0.0,,False,True,True,False,p2_only_missing,False,14,21.0,True,False,False,True,True,False,False,True
1773,397,Spain,2020-07-31,2020-08-06,0.0,6.0,,,True,True,True,True,both_missing,False,1,,True,False,True,False,True,False,True,False
1774,397,Spain,2020-08-06,2020-08-14,75.25,8.0,0.0,,False,True,True,False,p2_only_missing,True,2,8.0,True,True,False,True,True,False,True,True
1775,397,Spain,2020-08-19,2020-08-27,122.5,8.0,147.0,,False,True,True,False,p2_only_missing,True,3,13.0,True,False,False,True,True,False,False,True
1776,397,Spain,2020-08-27,2020-09-02,17.5,6.0,122.5,147.0,False,False,False,False,both_available,True,4,6.0,True,True,False,True,True,False,False,True
1777,397,Spain,2020-09-02,2020-09-09,154.0,7.0,17.5,122.5,False,False,False,False,both_available,True,5,7.0,True,True,False,True,True,True,False,True
1778,397,Spain,2020-09-09,2020-09-17,84.875,8.0,154.0,17.5,False,False,False,False,both_available,True,6,8.0,True,True,False,True,True,True,False,True
1779,397,Spain,2020-09-17,2020-09-24,12.0,7.0,84.875,154.0,False,False,False,False,both_available,True,7,7.0,True,True,False,True,True,True,False,True
1780,397,Spain,2020-09-24,2020-10-01,24.0,7.0,12.0,84.875,False,False,False,False,both_available,True,8,7.0,True,True,False,True,True,True,False,True
1781,397,Spain,2020-10-01,2020-10-08,73.0,7.0,24.0,12.0,False,False,False,False,both_available,True,9,7.0,True,True,False,True,True,True,False,True
1782,397,Spain,2020-10-08,2020-10-16,0.875,8.0,73.0,24.0,False,False,False,False,both_available,True,10,8.0,True,True,False,True,True,True,False,True
1783,397,Spain,2020-10-16,2020-10-23,3.0,7.0,0.875,73.0,False,False,False,False,both_available,True,11,7.0,True,True,False,True,True,True,False,True
1784,397,Spain,2020-10-23,2020-10-30,8.0,7.0,3.0,0.875,False,False,False,False,both_available,True,12,7.0,True,True,False,True,True,True,False,True
1785,397,Spain,2020-10-30,2020-11-06,0.0,7.0,8.0,3.0,False,False,False,False,both_available,False,13,7.0,True,True,False,True,True,True,False,True
1786,397,Spain,2020-11-06,2020-11-13,0.0,7.0,0.0,8.0,False,False,False,False,both_available,False,14,7.0,True,True,False,True,True,True,False,True
1787,397,Spain,2020-11-27,2020-12-04,0.0,7.0,0.0,,False,True,True,False,p2_only_missing,False,15,21.0,True,False,False,True,True,False,False,True
1788,398,Spain,2020-07-31,2020-08-06,0.0,6.0,,,True,True,True,True,both_missing,False,1,,True,False,True,False,True,False,True,False
1789,398,Spain,2020-08-19,2020-08-27,69.125,8.0,497.0,,False,True,True,False,p2_only_missing,True,2,21.0,True,False,False,True,True,False,False,True
1790,398,Spain,2020-08-27,2020-09-02,31.5,6.0,69.125,497.0,False,False,False,False,both_available,True,3,6.0,True,True,False,True,True,False,False,True
1791,398,Spain,2020-09-02,2020-09-09,11.0,7.0,31.5,69.125,False,False,False,False,both_available,True,4,7.0,True,True,False,True,True,True,False,True
1792,398,Spain,2020-09-09,2020-09-17,0.0,8.0,11.0,31.5,False,False,False,False,both_available,False,5,8.0,True,True,False,True,True,True,False,True
1793,398,Spain,2020-09-17,2020-09-24,23.0,7.0,0.0,11.0,False,False,False,False,both_available,True,6,7.0,True,True,False,True,True,True,False,True
1794,398,Spain,2020-09-24,2020-10-01,13.0,7.0,23.0,0.0,False,False,False,False,both_available,True,7,7.0,True,True,False,True,True,True,False,True
1795,398,Spain,2020-10-01,2020-10-08,22.0,7.0,13.0,23.0,False,False,False,False,both_available,True,8,7.0,True,True,False,True,True,True,False,True
1796,398,Spain,2020-10-08,2020-10-16,27.125,8.0,22.0,13.0,False,False,False,False,both_available,True,9,8.0,True,True,False,True,True,True,False,True
1797,398,Spain,2020-10-16,2020-10-23,2.0,7.0,27.125,22.0,False,False,False,False,both_available,True,10,7.0,True,True,False,True,True,True,False,True
1798,398,Spain,2020-10-23,2020-10-30,19.0,7.0,2.0,27.125,False,False,False,False,both_available,True,11,7.0,True,True,False,True,True,True,False,True
1799,398,Spain,2020-10-30,2020-11-06,10.0,7.0,19.0,2.0,False,False,False,False,both_available,True,12,7.0,True,True,False,True,True,True,False,True
1800,398,Spain,2020-11-06,2020-11-13,0.0,7.0,10.0,19.0,False,False,False,False,both_available,False,13,7.0,True,True,False,True,True,True,False,True
1801,398,Spain,2020-11-27,2020-12-04,0.0,7.0,0.0,,False,True,True,False,p2_only_missing,False,14,21.0,True,False,False,True,True,False,False,True
1802,399,Spain,2020-07-20,2020-07-27,24.2,7.0,,,True,True,True,True,both_missing,True,1,,True,False,True,False,True,False,True,False
1803,399,Spain,2020-07-27,2020-08-03,28.2,7.0,24.2,,False,True,True,False,p2_only_missing,True,2,7.0,True,True,False,True,True,False,True,True
1804,399,Spain,2020-08-03,2020-08-11,20.475,8.0,28.2,24.2,False,False,False,False,both_available,True,3,8.0,True,True,False,True,True,True,False,True
1805,399,Spain,2020-08-11,2020-08-19,15.925,8.0,20.475,28.2,False,False,False,False,both_available,True,4,8.0,True,True,False,True,True,True,False,True
1806,399,Spain,2020-08-19,2020-08-26,40.2,7.0,15.925,20.475,False,False,False,False,both_available,True,5,7.0,True,True,False,True,True,True,False,True
1807,399,Spain,2020-08-26,2020-09-02,11.4,7.0,40.2,15.925,False,False,False,False,both_available,True,6,7.0,True,True,False,True,True,True,False,True
1808,399,Spain,2020-09-02,2020-09-09,13.2,7.0,11.4,40.2,False,False,False,False,both_available,True,7,7.0,True,True,False,True,True,True,False,True
1809,399,Spain,2020-09-09,2020-09-16,21.8,7.0,13.2,11.4,False,False,False,False,both_available,True,8,7.0,True,True,False,True,True,True,False,True
1810,399,Spain,2020-09-16,2020-09-23,12.2,7.0,21.8,13.2,False,False,False,False,both_available,True,9,7.0,True,True,False,True,True,True,False,True
1811,399,Spain,2020-09-23,2020-09-30,1.8,7.0,12.2,21.8,False,False,False,False,both_available,True,10,7.0,True,True,False,True,True,True,False,True
1812,399,Spain,2020-09-30,2020-10-07,0.8,7.0,1.8,12.2,False,False,False,False,both_available,True,11,7.0,True,True,False,True,True,True,False,True
1813,399,Spain,2020-10-07,2020-10-14,0.2,7.0,0.8,1.8,False,False,False,False,both_available,True,12,7.0,True,True,False,True,True,True,False,True
1814,399,Spain,2020-10-14,2020-10-21,4.8,7.0,0.2,0.8,False,False,False,False,both_available,True,13,7.0,True,True,False,True,True,True,False,True
1815,399,Spain,2020-10-21,2020-10-28,0.0,7.0,4.8,0.2,False,False,False,False,both_available,False,14,7.0,True,True,False,True,True,True,False,True
1816,399,Spain,2020-10-28,2020-11-05,0.0,8.0,0.0,4.8,False,False,False,False,both_available,False,15,8.0,True,True,False,True,True,True,False,True
1817,399,Spain,2020-11-05,2020-11-12,0.0,7.0,0.0,0.0,False,False,False,False,both_available,False,16,7.0,True,True,False,True,True,True,False,True
1818,406,Spain,2020-07-31,2020-08-07,34.6,7.0,,,True,True,True,True,both_missing,True,1,,True,False,True,False,True,False,True,False
1819,406,Spain,2020-08-07,2020-08-13,22.866666666666667,6.0,34.6,,False,True,True,False,p2_only_missing,True,2,6.0,True,True,False,True,True,False,True,True
1820,406,Spain,2020-08-13,2020-08-19,24.5,6.0,22.866666666666667,34.6,False,False,False,False,both_available,True,3,6.0,True,True,False,True,True,True,False,True
1821,406,Spain,2020-08-19,2020-08-27,15.75,8.0,24.5,22.866666666666667,False,False,False,False,both_available,True,4,8.0,True,True,False,True,True,True,False,True
1822,406,Spain,2020-08-27,2020-09-02,3.7333333333333334,6.0,15.75,24.5,False,False,False,False,both_available,True,5,6.0,True,True,False,True,True,True,False,True
1823,406,Spain,2020-09-02,2020-09-09,13.4,7.0,3.7333333333333334,15.75,False,False,False,False,both_available,True,6,7.0,True,True,False,True,True,True,False,True
1824,406,Spain,2020-09-09,2020-09-16,3.4,7.0,13.4,3.7333333333333334,False,False,False,False,both_available,True,7,7.0,True,True,False,True,True,True,False,True
1825,406,Spain,2020-09-16,2020-09-23,0.2,7.0,3.4,13.4,False,False,False,False,both_available,True,8,7.0,True,True,False,True,True,True,False,True
1826,406,Spain,2020-09-23,2020-09-30,0.0,7.0,0.2,3.4,False,False,False,False,both_available,False,9,7.0,True,True,False,True,True,True,False,True
1827,406,Spain,2020-09-30,2020-10-07,0.0,7.0,0.0,0.2,False,False,False,False,both_available,False,10,7.0,True,True,False,True,True,True,False,True
1828,406,Spain,2020-10-07,2020-10-14,0.0,7.0,0.0,0.0,False,False,False,False,both_available,False,11,7.0,True,True,False,True,True,True,False,True
1829,406,Spain,2020-10-14,2020-10-21,0.0,7.0,0.0,0.0,False,False,False,False,both_available,False,12,7.0,True,True,False,True,True,True,False,True
1830,406,Spain,2020-10-21,2020-10-28,0.0,7.0,0.0,0.0,False,False,False,False,both_available,False,13,7.0,True,True,False,True,True,True,False,True
1831,406,Spain,2020-10-28,2020-11-04,0.0,7.0,0.0,0.0,False,False,False,False,both_available,False,14,7.0,True,True,False,True,True,True,False,True
1832,406,Spain,2020-11-04,2020-11-11,0.0,7.0,0.0,0.0,False,False,False,False,both_available,False,15,7.0,True,True,False,True,True,True,False,True
1833,406,Spain,2020-11-11,2020-11-18,0.0,7.0,0.0,0.0,False,False,False,False,both_available,False,16,7.0,True,True,False,True,True,True,False,True
1834,406,Spain,2020-11-18,2020-11-25,0.0,7.0,0.0,0.0,False,False,False,False,both_available,False,17,7.0,True,True,False,True,True,True,False,True
1835,439,Italy,2020-06-30,2020-07-07,19.0,7.0,,,True,True,True,True,both_missing,True,1,,True,False,True,False,True,False,True,False
1836,439,Italy,2020-07-07,2020-07-14,0.0,7.0,19.0,,False,True,True,False,p2_only_missing,False,2,7.0,True,True,False,True,True,False,True,True
1837,439,Italy,2020-07-14,2020-07-21,0.0,7.0,0.0,19.0,False,False,False,False,both_available,False,3,7.0,True,True,False,True,True,True,False,True
1838,439,Italy,2020-07-21,2020-07-28,35.0,7.0,0.0,0.0,False,False,False,False,both_available,True,4,7.0,True,True,False,True,True,True,False,True
1839,439,Italy,2020-07-28,2020-08-04,16.0,7.0,35.0,0.0,False,False,False,False,both_available,True,5,7.0,True,True,False,True,True,True,False,True
1840,439,Italy,2020-08-18,2020-08-25,48.0,7.0,,,True,True,True,True,both_missing,True,6,21.0,True,False,False,True,True,False,False,True
1841,439,Italy,2020-08-25,2020-09-01,13.0,7.0,48.0,,False,True,True,False,p2_only_missing,True,7,7.0,True,True,False,True,True,False,False,True
1842,439,Italy,2020-09-01,2020-09-08,30.0,7.0,13.0,48.0,False,False,False,False,both_available,True,8,7.0,True,True,False,True,True,True,False,True
1843,439,Italy,2020-09-08,2020-09-15,56.0,7.0,30.0,13.0,False,False,False,False,both_available,True,9,7.0,True,True,False,True,True,True,False,True
1844,439,Italy,2020-09-15,2020-09-22,4.0,7.0,56.0,30.0,False,False,False,False,both_available,True,10,7.0,True,True,False,True,True,True,False,True
1845,439,Italy,2020-09-22,2020-09-29,0.0,7.0,4.0,56.0,False,False,False,False,both_available,False,11,7.0,True,True,False,True,True,True,False,True
1846,439,Italy,2020-09-29,2020-10-06,27.0,7.0,0.0,4.0,False,False,False,False,both_available,True,12,7.0,True,True,False,True,True,True,False,True
1847,439,Italy,2020-10-06,2020-10-13,5.0,7.0,27.0,0.0,False,False,False,False,both_available,True,13,7.0,True,True,False,True,True,True,False,True
1848,439,Italy,2020-10-13,2020-10-20,2.0,7.0,5.0,27.0,False,False,False,False,both_available,True,14,7.0,True,True,False,True,True,True,False,True
1849,439,Italy,2020-10-20,2020-10-27,0.0,7.0,2.0,5.0,False,False,False,False,both_available,False,15,7.0,True,True,False,True,True,True,False,True
1850,439,Italy,2020-10-27,2020-11-03,8.0,7.0,0.0,2.0,False,False,False,False,both_available,True,16,7.0,True,True,False,True,True,True,False,True
1851,440,Italy,2020-06-23,2020-06-30,2.0,7.0,,,True,True,True,True,both_missing,True,1,,True,False,True,False,True,False,True,False
1852,440,Italy,2020-06-30,2020-07-07,14.0,7.0,2.0,,False,True,True,False,p2_only_missing,True,2,7.0,True,True,False,True,True,False,True,True
1853,440,Italy,2020-07-07,2020-07-14,87.0,7.0,14.0,2.0,False,False,False,False,both_available,True,3,7.0,True,True,False,True,True,True,False,True
1854,440,Italy,2020-07-14,2020-07-21,56.0,7.0,87.0,14.0,False,False,False,False,both_available,True,4,7.0,True,True,False,True,True,True,False,True
1855,440,Italy,2020-07-21,2020-07-28,1.0,7.0,56.0,87.0,False,False,False,False,both_available,True,5,7.0,True,True,False,True,True,True,False,True
1856,440,Italy,2020-07-28,2020-08-04,17.0,7.0,1.0,56.0,False,False,False,False,both_available,True,6,7.0,True,True,False,True,True,True,False,True
1857,440,Italy,2020-08-18,2020-08-25,44.0,7.0,,,True,True,True,True,both_missing,True,7,21.0,True,False,False,True,True,False,False,True
1858,440,Italy,2020-08-25,2020-09-01,224.0,7.0,44.0,,False,True,True,False,p2_only_missing,True,8,7.0,True,True,False,True,True,False,False,True
1859,440,Italy,2020-09-01,2020-09-08,47.0,7.0,224.0,44.0,False,False,False,False,both_available,True,9,7.0,True,True,False,True,True,True,False,True
1860,440,Italy,2020-09-08,2020-09-15,73.0,7.0,47.0,224.0,False,False,False,False,both_available,True,10,7.0,True,True,False,True,True,True,False,True
1861,440,Italy,2020-09-15,2020-09-22,167.0,7.0,73.0,47.0,False,False,False,False,both_available,True,11,7.0,True,True,False,True,True,True,False,True
1862,440,Italy,2020-09-22,2020-09-29,0.0,7.0,167.0,73.0,False,False,False,False,both_available,False,12,7.0,True,True,False,True,True,True,False,True
1863,440,Italy,2020-09-29,2020-10-06,38.0,7.0,0.0,167.0,False,False,False,False,both_available,True,13,7.0,True,True,False,True,True,True,False,True
1864,440,Italy,2020-10-06,2020-10-13,10.0,7.0,38.0,0.0,False,False,False,False,both_available,True,14,7.0,True,True,False,True,True,True,False,True
1865,440,Italy,2020-10-13,2020-10-20,1.0,7.0,10.0,38.0,False,False,False,False,both_available,True,15,7.0,True,True,False,True,True,True,False,True
1866,440,Italy,2020-10-20,2020-10-27,0.0,7.0,1.0,10.0,False,False,False,False,both_available,False,16,7.0,True,True,False,True,True,True,False,True
1867,440,Italy,2020-10-27,2020-11-03,0.0,7.0,0.0,1.0,False,False,False,False,both_available,False,17,7.0,True,True,False,True,True,True,False,True
1868,441,Italy,2020-06-23,2020-06-30,2.0,7.0,,,True,True,True,True,both_missing,True,1,,True,False,True,False,True,False,True,False
1869,441,Italy,2020-06-30,2020-07-07,7.0,7.0,2.0,,False,True,True,False,p2_only_missing,True,2,7.0,True,True,False,True,True,False,True,True
1870,441,Italy,2020-07-07,2020-07-14,10.0,7.0,7.0,2.0,False,False,False,False,both_available,True,3,7.0,True,True,False,True,True,True,False,True
1871,441,Italy,2020-07-14,2020-07-21,8.0,7.0,10.0,7.0,False,False,False,False,both_available,True,4,7.0,True,True,False,True,True,True,False,True
1872,441,Italy,2020-07-21,2020-07-28,9.0,7.0,8.0,10.0,False,False,False,False,both_available,True,5,7.0,True,True,False,True,True,True,False,True
1873,441,Italy,2020-07-28,2020-08-04,9.0,7.0,9.0,8.0,False,False,False,False,both_available,True,6,7.0,True,True,False,True,True,True,False,True
1874,441,Italy,2020-08-18,2020-08-25,15.0,7.0,,,True,True,True,True,both_missing,True,7,21.0,True,False,False,True,True,False,False,True
1875,441,Italy,2020-08-25,2020-09-01,17.0,7.0,15.0,,False,True,True,False,p2_only_missing,True,8,7.0,True,True,False,True,True,False,False,True
1876,441,Italy,2020-09-01,2020-09-08,18.0,7.0,17.0,15.0,False,False,False,False,both_available,True,9,7.0,True,True,False,True,True,True,False,True
1877,441,Italy,2020-09-08,2020-09-15,23.0,7.0,18.0,17.0,False,False,False,False,both_available,True,10,7.0,True,True,False,True,True,True,False,True
1878,441,Italy,2020-09-15,2020-09-22,116.0,7.0,23.0,18.0,False,False,False,False,both_available,True,11,7.0,True,True,False,True,True,True,False,True
1879,441,Italy,2020-09-22,2020-09-29,0.0,7.0,116.0,23.0,False,False,False,False,both_available,False,12,7.0,True,True,False,True,True,True,False,True
1880,441,Italy,2020-09-29,2020-10-06,0.0,7.0,0.0,116.0,False,False,False,False,both_available,False,13,7.0,True,True,False,True,True,True,False,True
1881,441,Italy,2020-10-06,2020-10-13,0.0,7.0,0.0,0.0,False,False,False,False,both_available,False,14,7.0,True,True,False,True,True,True,False,True
1882,441,Italy,2020-10-13,2020-10-20,2.0,7.0,0.0,0.0,False,False,False,False,both_available,True,15,7.0,True,True,False,True,True,True,False,True
1883,441,Italy,2020-10-20,2020-10-27,1.0,7.0,2.0,0.0,False,False,False,False,both_available,True,16,7.0,True,True,False,True,True,True,False,True
1884,441,Italy,2020-10-27,2020-11-03,5.0,7.0,1.0,2.0,False,False,False,False,both_available,True,17,7.0,True,True,False,True,True,True,False,True
1885,442,Italy,2020-06-23,2020-06-30,1.0,7.0,,,True,True,True,True,both_missing,True,1,,True,False,True,False,True,False,True,False
1886,442,Italy,2020-06-30,2020-07-07,6.0,7.0,1.0,,False,True,True,False,p2_only_missing,True,2,7.0,True,True,False,True,True,False,True,True
1887,442,Italy,2020-07-07,2020-07-14,8.0,7.0,6.0,1.0,False,False,False,False,both_available,True,3,7.0,True,True,False,True,True,True,False,True
1888,442,Italy,2020-07-14,2020-07-21,0.0,7.0,8.0,6.0,False,False,False,False,both_available,False,4,7.0,True,True,False,True,True,True,False,True
1889,442,Italy,2020-07-21,2020-07-28,33.0,7.0,0.0,8.0,False,False,False,False,both_available,True,5,7.0,True,True,False,True,True,True,False,True
1890,442,Italy,2020-07-28,2020-08-04,3.0,7.0,33.0,0.0,False,False,False,False,both_available,True,6,7.0,True,True,False,True,True,True,False,True
1891,442,Italy,2020-08-18,2020-08-25,97.0,7.0,,,True,True,True,True,both_missing,True,7,21.0,True,False,False,True,True,False,False,True
1892,442,Italy,2020-08-25,2020-09-01,9.0,7.0,97.0,,False,True,True,False,p2_only_missing,True,8,7.0,True,True,False,True,True,False,False,True
1893,442,Italy,2020-09-01,2020-09-08,25.0,7.0,9.0,97.0,False,False,False,False,both_available,True,9,7.0,True,True,False,True,True,True,False,True
1894,442,Italy,2020-09-08,2020-09-15,21.0,7.0,25.0,9.0,False,False,False,False,both_available,True,10,7.0,True,True,False,True,True,True,False,True
1895,442,Italy,2020-09-15,2020-09-22,176.0,7.0,21.0,25.0,False,False,False,False,both_available,True,11,7.0,True,True,False,True,True,True,False,True
1896,442,Italy,2020-09-22,2020-09-29,1.0,7.0,176.0,21.0,False,False,False,False,both_available,True,12,7.0,True,True,False,True,True,True,False,True
1897,442,Italy,2020-09-29,2020-10-06,42.0,7.0,1.0,176.0,False,False,False,False,both_available,True,13,7.0,True,True,False,True,True,True,False,True
1898,442,Italy,2020-10-06,2020-10-13,9.0,7.0,42.0,1.0,False,False,False,False,both_available,True,14,7.0,True,True,False,True,True,True,False,True
1899,442,Italy,2020-10-13,2020-10-20,7.0,7.0,9.0,42.0,False,False,False,False,both_available,True,15,7.0,True,True,False,True,True,True,False,True
1900,442,Italy,2020-10-20,2020-10-27,8.0,7.0,7.0,9.0,False,False,False,False,both_available,True,16,7.0,True,True,False,True,True,True,False,True
1901,442,Italy,2020-10-27,2020-11-03,0.0,7.0,8.0,7.0,False,False,False,False,both_available,False,17,7.0,True,True,False,True,True,True,False,True
1902,443,Italy,2020-06-23,2020-06-30,5.0,7.0,,,True,True,True,True,both_missing,True,1,,True,False,True,False,True,False,True,False
1903,443,Italy,2020-06-30,2020-07-07,9.0,7.0,5.0,,False,True,True,False,p2_only_missing,True,2,7.0,True,True,False,True,True,False,True,True
1904,443,Italy,2020-07-07,2020-07-14,19.0,7.0,9.0,5.0,False,False,False,False,both_available,True,3,7.0,True,True,False,True,True,True,False,True
1905,443,Italy,2020-07-14,2020-07-21,11.0,7.0,19.0,9.0,False,False,False,False,both_available,True,4,7.0,True,True,False,True,True,True,False,True
1906,443,Italy,2020-07-21,2020-07-28,11.0,7.0,11.0,19.0,False,False,False,False,both_available,True,5,7.0,True,True,False,True,True,True,False,True
1907,443,Italy,2020-07-28,2020-08-04,34.0,7.0,11.0,11.0,False,False,False,False,both_available,True,6,7.0,True,True,False,True,True,True,False,True
1908,443,Italy,2020-08-18,2020-08-25,6.0,7.0,,,True,True,True,True,both_missing,True,7,21.0,True,False,False,True,True,False,False,True
1909,443,Italy,2020-08-25,2020-09-01,1.0,7.0,6.0,,False,True,True,False,p2_only_missing,True,8,7.0,True,True,False,True,True,False,False,True
1910,443,Italy,2020-09-01,2020-09-08,3.0,7.0,1.0,6.0,False,False,False,False,both_available,True,9,7.0,True,True,False,True,True,True,False,True
1911,443,Italy,2020-09-08,2020-09-15,2.0,7.0,3.0,1.0,False,False,False,False,both_available,True,10,7.0,True,True,False,True,True,True,False,True
1912,443,Italy,2020-09-15,2020-09-22,16.0,7.0,2.0,3.0,False,False,False,False,both_available,True,11,7.0,True,True,False,True,True,True,False,True
1913,443,Italy,2020-09-22,2020-09-29,1.0,7.0,16.0,2.0,False,False,False,False,both_available,True,12,7.0,True,True,False,True,True,True,False,True
1914,443,Italy,2020-09-29,2020-10-06,14.0,7.0,1.0,16.0,False,False,False,False,both_available,True,13,7.0,True,True,False,True,True,True,False,True
1915,443,Italy,2020-10-06,2020-10-13,0.0,7.0,14.0,1.0,False,False,False,False,both_available,False,14,7.0,True,True,False,True,True,True,False,True
1916,443,Italy,2020-10-13,2020-10-20,4.0,7.0,0.0,14.0,False,False,False,False,both_available,True,15,7.0,True,True,False,True,True,True,False,True
1917,443,Italy,2020-10-20,2020-10-27,5.0,7.0,4.0,0.0,False,False,False,False,both_available,True,16,7.0,True,True,False,True,True,True,False,True
1918,448,Italy,2020-06-11,2020-06-16,2.8,7.0,,,True,True,True,True,both_missing,True,1,,True,False,True,False,True,False,True,False
1919,448,Italy,2020-06-16,2020-06-23,20.0,7.0,2.8,,False,True,True,False,p2_only_missing,True,2,7.0,True,True,False,True,True,False,True,True
1920,448,Italy,2020-06-23,2020-06-30,28.0,7.0,20.0,2.8,False,False,False,False,both_available,True,3,7.0,True,True,False,True,True,True,False,True
1921,448,Italy,2020-06-30,2020-07-07,14.0,7.0,28.0,20.0,False,False,False,False,both_available,True,4,7.0,True,True,False,True,True,True,False,True
1922,448,Italy,2020-07-07,2020-07-14,14.0,7.0,14.0,28.0,False,False,False,False,both_available,True,5,7.0,True,True,False,True,True,True,False,True
1923,448,Italy,2020-07-14,2020-07-21,0.0,7.0,14.0,14.0,False,False,False,False,both_available,False,6,7.0,True,True,False,True,True,True,False,True
1924,448,Italy,2020-07-21,2020-07-28,19.0,7.0,0.0,14.0,False,False,False,False,both_available,True,7,7.0,True,True,False,True,True,True,False,True
1925,448,Italy,2020-07-28,2020-08-04,11.0,7.0,19.0,0.0,False,False,False,False,both_available,True,8,7.0,True,True,False,True,True,True,False,True
1926,448,Italy,2020-08-04,2020-08-11,54.0,7.0,11.0,19.0,False,False,False,False,both_available,True,9,7.0,True,True,False,True,True,True,False,True
1927,448,Italy,2020-08-11,2020-08-18,29.0,7.0,54.0,11.0,False,False,False,False,both_available,True,10,7.0,True,True,False,True,True,True,False,True
1928,448,Italy,2020-08-18,2020-08-25,3.0,7.0,29.0,54.0,False,False,False,False,both_available,True,11,7.0,True,True,False,True,True,True,False,True
1929,448,Italy,2020-08-25,2020-09-01,13.0,7.0,3.0,29.0,False,False,False,False,both_available,True,12,7.0,True,True,False,True,True,True,False,True
1930,448,Italy,2020-09-01,2020-09-08,25.0,7.0,13.0,3.0,False,False,False,False,both_available,True,13,7.0,True,True,False,True,True,True,False,True
1931,448,Italy,2020-09-08,2020-09-15,6.0,7.0,25.0,13.0,False,False,False,False,both_available,True,14,7.0,True,True,False,True,True,True,False,True
1932,448,Italy,2020-09-15,2020-09-22,61.0,7.0,6.0,25.0,False,False,False,False,both_available,True,15,7.0,True,True,False,True,True,True,False,True
1933,448,Italy,2020-09-22,2020-09-29,2.0,7.0,61.0,6.0,False,False,False,False,both_available,True,16,7.0,True,True,False,True,True,True,False,True
1934,448,Italy,2020-09-29,2020-10-06,1.0,7.0,2.0,61.0,False,False,False,False,both_available,True,17,7.0,True,True,False,True,True,True,False,True
1935,448,Italy,2020-10-06,2020-10-13,13.0,7.0,1.0,2.0,False,False,False,False,both_available,True,18,7.0,True,True,False,True,True,True,False,True
1936,448,Italy,2020-10-13,2020-10-20,1.0,7.0,13.0,1.0,False,False,False,False,both_available,True,19,7.0,True,True,False,True,True,True,False,True
1937,448,Italy,2020-10-20,2020-10-27,0.0,7.0,1.0,13.0,False,False,False,False,both_available,False,20,7.0,True,True,False,True,True,True,False,True
1938,448,Italy,2020-10-27,2020-11-03,4.0,7.0,0.0,1.0,False,False,False,False,both_available,True,21,7.0,True,True,False,True,True,True,False,True
1939,449,Italy,2020-06-11,2020-06-16,7.0,7.0,,,True,True,True,True,both_missing,True,1,,True,False,True,False,True,False,True,False
1940,449,Italy,2020-06-16,2020-06-23,77.0,7.0,7.0,,False,True,True,False,p2_only_missing,True,2,7.0,True,True,False,True,True,False,True,True
1941,449,Italy,2020-06-23,2020-06-30,13.0,7.0,77.0,7.0,False,False,False,False,both_available,True,3,7.0,True,True,False,True,True,True,False,True
1942,449,Italy,2020-06-30,2020-07-07,23.0,7.0,13.0,77.0,False,False,False,False,both_available,True,4,7.0,True,True,False,True,True,True,False,True
1943,449,Italy,2020-07-07,2020-07-14,4.0,7.0,23.0,13.0,False,False,False,False,both_available,True,5,7.0,True,True,False,True,True,True,False,True
1944,449,Italy,2020-07-14,2020-07-21,17.0,7.0,4.0,23.0,False,False,False,False,both_available,True,6,7.0,True,True,False,True,True,True,False,True
1945,449,Italy,2020-07-21,2020-07-28,42.0,7.0,17.0,4.0,False,False,False,False,both_available,True,7,7.0,True,True,False,True,True,True,False,True
1946,449,Italy,2020-07-28,2020-08-04,15.0,7.0,42.0,17.0,False,False,False,False,both_available,True,8,7.0,True,True,False,True,True,True,False,True
1947,449,Italy,2020-08-04,2020-08-11,18.0,7.0,15.0,42.0,False,False,False,False,both_available,True,9,7.0,True,True,False,True,True,True,False,True
1948,449,Italy,2020-08-11,2020-08-18,48.0,7.0,18.0,15.0,False,False,False,False,both_available,True,10,7.0,True,True,False,True,True,True,False,True
1949,449,Italy,2020-08-18,2020-08-25,13.0,7.0,48.0,18.0,False,False,False,False,both_available,True,11,7.0,True,True,False,True,True,True,False,True
1950,449,Italy,2020-08-25,2020-09-01,11.0,7.0,13.0,48.0,False,False,False,False,both_available,True,12,7.0,True,True,False,True,True,True,False,True
1951,449,Italy,2020-09-01,2020-09-08,48.0,7.0,11.0,13.0,False,False,False,False,both_available,True,13,7.0,True,True,False,True,True,True,False,True
1952,449,Italy,2020-09-08,2020-09-15,44.0,7.0,48.0,11.0,False,False,False,False,both_available,True,14,7.0,True,True,False,True,True,True,False,True
1953,449,Italy,2020-09-15,2020-09-22,55.0,7.0,44.0,48.0,False,False,False,False,both_available,True,15,7.0,True,True,False,True,True,True,False,True
1954,449,Italy,2020-09-22,2020-09-29,2.0,7.0,55.0,44.0,False,False,False,False,both_available,True,16,7.0,True,True,False,True,True,True,False,True
1955,449,Italy,2020-09-29,2020-10-06,0.0,7.0,2.0,55.0,False,False,False,False,both_available,False,17,7.0,True,True,False,True,True,True,False,True
1956,449,Italy,2020-10-06,2020-10-13,4.0,7.0,0.0,2.0,False,False,False,False,both_available,True,18,7.0,True,True,False,True,True,True,False,True
1957,449,Italy,2020-10-13,2020-10-20,6.0,7.0,4.0,0.0,False,False,False,False,both_available,True,19,7.0,True,True,False,True,True,True,False,True
1958,449,Italy,2020-10-20,2020-10-27,1.0,7.0,6.0,4.0,False,False,False,False,both_available,True,20,7.0,True,True,False,True,True,True,False,True
1959,449,Italy,2020-10-27,2020-11-03,0.0,7.0,1.0,6.0,False,False,False,False,both_available,False,21,7.0,True,True,False,True,True,True,False,True
1960,450,Italy,2020-06-11,2020-06-16,0.0,7.0,,,True,True,True,True,both_missing,False,1,,True,False,True,False,True,False,True,False
1961,450,Italy,2020-06-16,2020-06-23,56.0,7.0,0.0,,False,True,True,False,p2_only_missing,True,2,7.0,True,True,False,True,True,False,True,True
1962,450,Italy,2020-06-23,2020-06-30,50.0,7.0,56.0,0.0,False,False,False,False,both_available,True,3,7.0,True,True,False,True,True,True,False,True
1963,450,Italy,2020-06-30,2020-07-07,12.0,7.0,50.0,56.0,False,False,False,False,both_available,True,4,7.0,True,True,False,True,True,True,False,True
1964,450,Italy,2020-07-07,2020-07-14,7.0,7.0,12.0,50.0,False,False,False,False,both_available,True,5,7.0,True,True,False,True,True,True,False,True
1965,450,Italy,2020-07-14,2020-07-21,40.0,7.0,7.0,12.0,False,False,False,False,both_available,True,6,7.0,True,True,False,True,True,True,False,True
1966,450,Italy,2020-07-21,2020-07-28,18.0,7.0,40.0,7.0,False,False,False,False,both_available,True,7,7.0,True,True,False,True,True,True,False,True
1967,450,Italy,2020-07-28,2020-08-04,14.0,7.0,18.0,40.0,False,False,False,False,both_available,True,8,7.0,True,True,False,True,True,True,False,True
1968,450,Italy,2020-08-04,2020-08-11,21.0,7.0,14.0,18.0,False,False,False,False,both_available,True,9,7.0,True,True,False,True,True,True,False,True
1969,450,Italy,2020-08-11,2020-08-18,27.0,7.0,21.0,14.0,False,False,False,False,both_available,True,10,7.0,True,True,False,True,True,True,False,True
1970,450,Italy,2020-08-18,2020-08-25,8.0,7.0,27.0,21.0,False,False,False,False,both_available,True,11,7.0,True,True,False,True,True,True,False,True
1971,450,Italy,2020-08-25,2020-09-01,54.0,7.0,8.0,27.0,False,False,False,False,both_available,True,12,7.0,True,True,False,True,True,True,False,True
1972,450,Italy,2020-09-01,2020-09-08,25.0,7.0,54.0,8.0,False,False,False,False,both_available,True,13,7.0,True,True,False,True,True,True,False,True
1973,450,Italy,2020-09-08,2020-09-15,101.0,7.0,25.0,54.0,False,False,False,False,both_available,True,14,7.0,True,True,False,True,True,True,False,True
1974,450,Italy,2020-09-15,2020-09-22,176.0,7.0,101.0,25.0,False,False,False,False,both_available,True,15,7.0,True,True,False,True,True,True,False,True
1975,450,Italy,2020-09-22,2020-09-29,1.0,7.0,176.0,101.0,False,False,False,False,both_available,True,16,7.0,True,True,False,True,True,True,False,True
1976,450,Italy,2020-09-29,2020-10-06,5.0,7.0,1.0,176.0,False,False,False,False,both_available,True,17,7.0,True,True,False,True,True,True,False,True
1977,450,Italy,2020-10-06,2020-10-13,31.0,7.0,5.0,1.0,False,False,False,False,both_available,True,18,7.0,True,True,False,True,True,True,False,True
1978,450,Italy,2020-10-13,2020-10-20,9.0,7.0,31.0,5.0,False,False,False,False,both_available,True,19,7.0,True,True,False,True,True,True,False,True
1979,450,Italy,2020-10-20,2020-10-27,2.0,7.0,9.0,31.0,False,False,False,False,both_available,True,20,7.0,True,True,False,True,True,True,False,True
1980,450,Italy,2020-10-27,2020-11-03,6.0,7.0,2.0,9.0,False,False,False,False,both_available,True,21,7.0,True,True,False,True,True,True,False,True
1981,451,Italy,2020-06-11,2020-06-16,0.0,7.0,,,True,True,True,True,both_missing,False,1,,True,False,True,False,True,False,True,False
1982,451,Italy,2020-06-16,2020-06-23,0.0,7.0,0.0,,False,True,True,False,p2_only_missing,False,2,7.0,True,True,False,True,True,False,True,True
1983,451,Italy,2020-06-23,2020-06-30,16.0,7.0,0.0,0.0,False,False,False,False,both_available,True,3,7.0,True,True,False,True,True,True,False,True
1984,451,Italy,2020-06-30,2020-07-07,20.0,7.0,16.0,0.0,False,False,False,False,both_available,True,4,7.0,True,True,False,True,True,True,False,True
1985,451,Italy,2020-07-07,2020-07-14,15.0,7.0,20.0,16.0,False,False,False,False,both_available,True,5,7.0,True,True,False,True,True,True,False,True
1986,451,Italy,2020-07-14,2020-07-21,39.0,7.0,15.0,20.0,False,False,False,False,both_available,True,6,7.0,True,True,False,True,True,True,False,True
1987,451,Italy,2020-07-21,2020-07-28,58.0,7.0,39.0,15.0,False,False,False,False,both_available,True,7,7.0,True,True,False,True,True,True,False,True
1988,451,Italy,2020-07-28,2020-08-04,25.0,7.0,58.0,39.0,False,False,False,False,both_available,True,8,7.0,True,True,False,True,True,True,False,True
1989,451,Italy,2020-08-04,2020-08-11,20.0,7.0,25.0,58.0,False,False,False,False,both_available,True,9,7.0,True,True,False,True,True,True,False,True
1990,451,Italy,2020-08-11,2020-08-18,20.0,7.0,20.0,25.0,False,False,False,False,both_available,True,10,7.0,True,True,False,True,True,True,False,True
1991,451,Italy,2020-08-18,2020-08-25,8.0,7.0,20.0,20.0,False,False,False,False,both_available,True,11,7.0,True,True,False,True,True,True,False,True
1992,451,Italy,2020-08-25,2020-09-01,9.0,7.0,8.0,20.0,False,False,False,False,both_available,True,12,7.0,True,True,False,True,True,True,False,True
1993,451,Italy,2020-09-01,2020-09-08,45.0,7.0,9.0,8.0,False,False,False,False,both_available,True,13,7.0,True,True,False,True,True,True,False,True
1994,451,Italy,2020-09-08,2020-09-15,16.0,7.0,45.0,9.0,False,False,False,False,both_available,True,14,7.0,True,True,False,True,True,True,False,True
1995,451,Italy,2020-09-15,2020-09-22,109.0,7.0,16.0,45.0,False,False,False,False,both_available,True,15,7.0,True,True,False,True,True,True,False,True
1996,451,Italy,2020-09-22,2020-09-29,2.0,7.0,109.0,16.0,False,False,False,False,both_available,True,16,7.0,True,True,False,True,True,True,False,True
1997,451,Italy,2020-09-29,2020-10-06,0.0,7.0,2.0,109.0,False,False,False,False,both_available,False,17,7.0,True,True,False,True,True,True,False,True
1998,451,Italy,2020-10-06,2020-10-13,28.0,7.0,0.0,2.0,False,False,False,False,both_available,True,18,7.0,True,True,False,True,True,True,False,True
1999,451,Italy,2020-10-13,2020-10-20,0.0,7.0,28.0,0.0,False,False,False,False,both_available,False,19,7.0,True,True,False,True,True,True,False,True
2000,451,Italy,2020-10-20,2020-10-27,0.0,7.0,0.0,28.0,False,False,False,False,both_available,False,20,7.0,True,True,False,True,True,True,False,True
2001,451,Italy,2020-10-27,2020-11-03,0.0,7.0,0.0,0.0,False,False,False,False,both_available,False,21,7.0,True,True,False,True,True,True,False,True
2002,452,Italy,2020-06-11,2020-06-16,22.4,7.0,,,True,True,True,True,both_missing,True,1,,True,False,True,False,True,False,True,False
2003,452,Italy,2020-06-16,2020-06-23,17.0,7.0,22.4,,False,True,True,False,p2_only_missing,True,2,7.0,True,True,False,True,True,False,True,True
2004,452,Italy,2020-06-23,2020-06-30,33.0,7.0,17.0,22.4,False,False,False,False,both_available,True,3,7.0,True,True,False,True,True,True,False,True
2005,452,Italy,2020-06-30,2020-07-07,10.0,7.0,33.0,17.0,False,False,False,False,both_available,True,4,7.0,True,True,False,True,True,True,False,True
2006,452,Italy,2020-07-07,2020-07-14,23.0,7.0,10.0,33.0,False,False,False,False,both_available,True,5,7.0,True,True,False,True,True,True,False,True
2007,452,Italy,2020-07-14,2020-07-21,63.0,7.0,23.0,10.0,False,False,False,False,both_available,True,6,7.0,True,True,False,True,True,True,False,True
2008,452,Italy,2020-07-21,2020-07-28,56.0,7.0,63.0,23.0,False,False,False,False,both_available,True,7,7.0,True,True,False,True,True,True,False,True
2009,452,Italy,2020-07-28,2020-08-04,16.0,7.0,56.0,63.0,False,False,False,False,both_available,True,8,7.0,True,True,False,True,True,True,False,True
2010,452,Italy,2020-08-04,2020-08-11,90.0,7.0,16.0,56.0,False,False,False,False,both_available,True,9,7.0,True,True,False,True,True,True,False,True
2011,452,Italy,2020-08-11,2020-08-18,44.0,7.0,90.0,16.0,False,False,False,False,both_available,True,10,7.0,True,True,False,True,True,True,False,True
2012,452,Italy,2020-08-18,2020-08-25,6.0,7.0,44.0,90.0,False,False,False,False,both_available,True,11,7.0,True,True,False,True,True,True,False,True
2013,452,Italy,2020-08-25,2020-09-01,17.0,7.0,6.0,44.0,False,False,False,False,both_available,True,12,7.0,True,True,False,True,True,True,False,True
2014,452,Italy,2020-09-01,2020-09-08,22.0,7.0,17.0,6.0,False,False,False,False,both_available,True,13,7.0,True,True,False,True,True,True,False,True
2015,452,Italy,2020-09-08,2020-09-15,15.0,7.0,22.0,17.0,False,False,False,False,both_available,True,14,7.0,True,True,False,True,True,True,False,True
2016,452,Italy,2020-09-15,2020-09-22,49.0,7.0,15.0,22.0,False,False,False,False,both_available,True,15,7.0,True,True,False,True,True,True,False,True
2017,452,Italy,2020-09-22,2020-09-29,3.0,7.0,49.0,15.0,False,False,False,False,both_available,True,16,7.0,True,True,False,True,True,True,False,True
2018,452,Italy,2020-09-29,2020-10-06,0.0,7.0,3.0,49.0,False,False,False,False,both_available,False,17,7.0,True,True,False,True,True,True,False,True
2019,452,Italy,2020-10-06,2020-10-13,0.0,7.0,0.0,3.0,False,False,False,False,both_available,False,18,7.0,True,True,False,True,True,True,False,True
2020,452,Italy,2020-10-13,2020-10-20,0.0,7.0,0.0,0.0,False,False,False,False,both_available,False,19,7.0,True,True,False,True,True,True,False,True
2021,452,Italy,2020-10-20,2020-10-27,25.0,7.0,0.0,0.0,False,False,False,False,both_available,True,20,7.0,True,True,False,True,True,True,False,True
2022,452,Italy,2020-10-27,2020-11-03,0.0,7.0,25.0,0.0,False,False,False,False,both_available,False,21,7.0,True,True,False,True,True,True,False,True
2023,456,Italy,2020-06-23,2020-06-30,47.0,7.0,,,True,True,True,True,both_missing,True,1,,True,False,True,False,True,False,True,False
2024,456,Italy,2020-06-30,2020-07-07,19.0,7.0,47.0,,False,True,True,False,p2_only_missing,True,2,7.0,True,True,False,True,True,False,True,True
2025,456,Italy,2020-07-07,2020-07-14,5.0,7.0,19.0,47.0,False,False,False,False,both_available,True,3,7.0,True,True,False,True,True,True,False,True
2026,456,Italy,2020-07-14,2020-07-21,12.0,7.0,5.0,19.0,False,False,False,False,both_available,True,4,7.0,True,True,False,True,True,True,False,True
2027,456,Italy,2020-07-21,2020-07-28,16.0,7.0,12.0,5.0,False,False,False,False,both_available,True,5,7.0,True,True,False,True,True,True,False,True
2028,456,Italy,2020-07-28,2020-08-04,10.0,7.0,16.0,12.0,False,False,False,False,both_available,True,6,7.0,True,True,False,True,True,True,False,True
2029,456,Italy,2020-08-04,2020-08-11,34.0,7.0,10.0,16.0,False,False,False,False,both_available,True,7,7.0,True,True,False,True,True,True,False,True
2030,456,Italy,2020-08-11,2020-08-18,0.0,7.0,34.0,10.0,False,False,False,False,both_available,False,8,7.0,True,True,False,True,True,True,False,True
2031,456,Italy,2020-08-18,2020-08-25,12.0,7.0,0.0,34.0,False,False,False,False,both_available,True,9,7.0,True,True,False,True,True,True,False,True
2032,456,Italy,2020-08-25,2020-09-01,4.0,7.0,12.0,0.0,False,False,False,False,both_available,True,10,7.0,True,True,False,True,True,True,False,True
2033,456,Italy,2020-09-01,2020-09-08,15.0,7.0,4.0,12.0,False,False,False,False,both_available,True,11,7.0,True,True,False,True,True,True,False,True
2034,456,Italy,2020-09-08,2020-09-15,10.0,7.0,15.0,4.0,False,False,False,False,both_available,True,12,7.0,True,True,False,True,True,True,False,True
2035,456,Italy,2020-09-15,2020-09-22,15.0,7.0,10.0,15.0,False,False,False,False,both_available,True,13,7.0,True,True,False,True,True,True,False,True
2036,456,Italy,2020-09-22,2020-09-29,1.0,7.0,15.0,10.0,False,False,False,False,both_available,True,14,7.0,True,True,False,True,True,True,False,True
2037,456,Italy,2020-09-29,2020-10-06,0.0,7.0,1.0,15.0,False,False,False,False,both_available,False,15,7.0,True,True,False,True,True,True,False,True
2038,456,Italy,2020-10-06,2020-10-13,3.0,7.0,0.0,1.0,False,False,False,False,both_available,True,16,7.0,True,True,False,True,True,True,False,True
2039,456,Italy,2020-10-13,2020-10-20,0.0,7.0,3.0,0.0,False,False,False,False,both_available,False,17,7.0,True,True,False,True,True,True,False,True
2040,456,Italy,2020-10-20,2020-10-27,1.0,7.0,0.0,3.0,False,False,False,False,both_available,True,18,7.0,True,True,False,True,True,True,False,True
2041,456,Italy,2020-10-27,2020-11-03,0.0,7.0,1.0,0.0,False,False,False,False,both_available,False,19,7.0,True,True,False,True,True,True,False,True
2042,460,Italy,2020-06-23,2020-06-30,12.0,7.0,,,True,True,True,True,both_missing,True,1,,True,False,True,False,True,False,True,False
2043,460,Italy,2020-06-30,2020-07-07,4.0,7.0,12.0,,False,True,True,False,p2_only_missing,True,2,7.0,True,True,False,True,True,False,True,True
2044,460,Italy,2020-07-07,2020-07-14,3.0,7.0,4.0,12.0,False,False,False,False,both_available,True,3,7.0,True,True,False,True,True,True,False,True
2045,460,Italy,2020-07-14,2020-07-21,8.0,7.0,3.0,4.0,False,False,False,False,both_available,True,4,7.0,True,True,False,True,True,True,False,True
2046,460,Italy,2020-07-21,2020-07-28,1.0,7.0,8.0,3.0,False,False,False,False,both_available,True,5,7.0,True,True,False,True,True,True,False,True
2047,460,Italy,2020-07-28,2020-08-04,22.0,7.0,1.0,8.0,False,False,False,False,both_available,True,6,7.0,True,True,False,True,True,True,False,True
2048,460,Italy,2020-08-04,2020-08-11,6.0,7.0,22.0,1.0,False,False,False,False,both_available,True,7,7.0,True,True,False,True,True,True,False,True
2049,460,Italy,2020-08-11,2020-08-18,9.0,7.0,6.0,22.0,False,False,False,False,both_available,True,8,7.0,True,True,False,True,True,True,False,True
2050,460,Italy,2020-08-18,2020-08-25,28.0,7.0,9.0,6.0,False,False,False,False,both_available,True,9,7.0,True,True,False,True,True,True,False,True
2051,460,Italy,2020-08-25,2020-09-01,16.0,7.0,28.0,9.0,False,False,False,False,both_available,True,10,7.0,True,True,False,True,True,True,False,True
2052,460,Italy,2020-09-01,2020-09-08,2.0,7.0,16.0,28.0,False,False,False,False,both_available,True,11,7.0,True,True,False,True,True,True,False,True
2053,460,Italy,2020-09-08,2020-09-15,2.0,7.0,2.0,16.0,False,False,False,False,both_available,True,12,7.0,True,True,False,True,True,True,False,True
2054,460,Italy,2020-09-15,2020-09-22,5.0,7.0,2.0,2.0,False,False,False,False,both_available,True,13,7.0,True,True,False,True,True,True,False,True
2055,460,Italy,2020-09-22,2020-09-29,0.0,7.0,5.0,2.0,False,False,False,False,both_available,False,14,7.0,True,True,False,True,True,True,False,True
2056,460,Italy,2020-09-29,2020-10-06,2.0,7.0,0.0,5.0,False,False,False,False,both_available,True,15,7.0,True,True,False,True,True,True,False,True
2057,460,Italy,2020-10-06,2020-10-13,0.0,7.0,2.0,0.0,False,False,False,False,both_available,False,16,7.0,True,True,False,True,True,True,False,True
2058,460,Italy,2020-10-13,2020-10-20,1.0,7.0,0.0,2.0,False,False,False,False,both_available,True,17,7.0,True,True,False,True,True,True,False,True
2059,460,Italy,2020-10-20,2020-10-27,1.0,7.0,1.0,0.0,False,False,False,False,both_available,True,18,7.0,True,True,False,True,True,True,False,True
2060,460,Italy,2020-10-27,2020-11-03,4.0,7.0,1.0,1.0,False,False,False,False,both_available,True,19,7.0,True,True,False,True,True,True,False,True
2061,462,Italy,2020-06-23,2020-06-30,28.0,7.0,,,True,True,True,True,both_missing,True,1,,True,False,True,False,True,False,True,False
2062,462,Italy,2020-06-30,2020-07-07,17.0,7.0,28.0,,False,True,True,False,p2_only_missing,True,2,7.0,True,True,False,True,True,False,True,True
2063,462,Italy,2020-07-07,2020-07-14,14.0,7.0,17.0,28.0,False,False,False,False,both_available,True,3,7.0,True,True,False,True,True,True,False,True
2064,462,Italy,2020-07-14,2020-07-21,10.0,7.0,14.0,17.0,False,False,False,False,both_available,True,4,7.0,True,True,False,True,True,True,False,True
2065,462,Italy,2020-07-21,2020-07-28,10.0,7.0,10.0,14.0,False,False,False,False,both_available,True,5,7.0,True,True,False,True,True,True,False,True
2066,462,Italy,2020-07-28,2020-08-04,10.0,7.0,10.0,10.0,False,False,False,False,both_available,True,6,7.0,True,True,False,True,True,True,False,True
2067,462,Italy,2020-08-04,2020-08-11,27.0,7.0,10.0,10.0,False,False,False,False,both_available,True,7,7.0,True,True,False,True,True,True,False,True
2068,462,Italy,2020-08-11,2020-08-18,33.0,7.0,27.0,10.0,False,False,False,False,both_available,True,8,7.0,True,True,False,True,True,True,False,True
2069,462,Italy,2020-08-18,2020-08-25,5.0,7.0,33.0,27.0,False,False,False,False,both_available,True,9,7.0,True,True,False,True,True,True,False,True
2070,462,Italy,2020-08-25,2020-09-01,37.0,7.0,5.0,33.0,False,False,False,False,both_available,True,10,7.0,True,True,False,True,True,True,False,True
2071,462,Italy,2020-09-01,2020-09-08,12.0,7.0,37.0,5.0,False,False,False,False,both_available,True,11,7.0,True,True,False,True,True,True,False,True
2072,462,Italy,2020-09-08,2020-09-15,18.0,7.0,12.0,37.0,False,False,False,False,both_available,True,12,7.0,True,True,False,True,True,True,False,True
2073,462,Italy,2020-09-15,2020-09-22,3.0,7.0,18.0,12.0,False,False,False,False,both_available,True,13,7.0,True,True,False,True,True,True,False,True
2074,462,Italy,2020-09-22,2020-09-29,0.0,7.0,3.0,18.0,False,False,False,False,both_available,False,14,7.0,True,True,False,True,True,True,False,True
2075,462,Italy,2020-09-29,2020-10-06,0.0,7.0,0.0,3.0,False,False,False,False,both_available,False,15,7.0,True,True,False,True,True,True,False,True
2076,462,Italy,2020-10-06,2020-10-13,0.0,7.0,0.0,0.0,False,False,False,False,both_available,False,16,7.0,True,True,False,True,True,True,False,True
2077,462,Italy,2020-10-13,2020-10-20,1.0,7.0,0.0,0.0,False,False,False,False,both_available,True,17,7.0,True,True,False,True,True,True,False,True
2078,462,Italy,2020-10-20,2020-10-27,0.0,7.0,1.0,0.0,False,False,False,False,both_available,False,18,7.0,True,True,False,True,True,True,False,True
2079,462,Italy,2020-10-27,2020-11-03,0.0,7.0,0.0,1.0,False,False,False,False,both_available,False,19,7.0,True,True,False,True,True,True,False,True
2080,465,Italy,2020-06-11,2020-06-16,0.0,7.0,,,True,True,True,True,both_missing,False,1,,True,False,True,False,True,False,True,False
2081,465,Italy,2020-06-16,2020-06-23,1.0,7.0,0.0,,False,True,True,False,p2_only_missing,True,2,7.0,True,True,False,True,True,False,True,True
2082,465,Italy,2020-06-23,2020-06-30,4.0,7.0,1.0,0.0,False,False,False,False,both_available,True,3,7.0,True,True,False,True,True,True,False,True
2083,465,Italy,2020-06-30,2020-07-07,10.0,7.0,4.0,1.0,False,False,False,False,both_available,True,4,7.0,True,True,False,True,True,True,False,True
2084,465,Italy,2020-07-07,2020-07-14,9.0,7.0,10.0,4.0,False,False,False,False,both_available,True,5,7.0,True,True,False,True,True,True,False,True
2085,465,Italy,2020-07-14,2020-07-21,9.0,7.0,9.0,10.0,False,False,False,False,both_available,True,6,7.0,True,True,False,True,True,True,False,True
2086,465,Italy,2020-07-21,2020-07-28,20.0,7.0,9.0,9.0,False,False,False,False,both_available,True,7,7.0,True,True,False,True,True,True,False,True
2087,465,Italy,2020-07-28,2020-08-04,23.0,7.0,20.0,9.0,False,False,False,False,both_available,True,8,7.0,True,True,False,True,True,True,False,True
2088,465,Italy,2020-08-18,2020-08-25,18.0,7.0,,,True,True,True,True,both_missing,True,9,21.0,True,False,False,True,True,False,False,True
2089,465,Italy,2020-08-25,2020-09-01,5.0,7.0,18.0,,False,True,True,False,p2_only_missing,True,10,7.0,True,True,False,True,True,False,False,True
2090,465,Italy,2020-09-01,2020-09-08,94.0,7.0,5.0,18.0,False,False,False,False,both_available,True,11,7.0,True,True,False,True,True,True,False,True
2091,465,Italy,2020-09-15,2020-09-22,1.0,7.0,,94.0,True,False,True,False,p1_only_missing,True,12,14.0,True,False,False,True,True,True,False,True
2092,465,Italy,2020-09-22,2020-09-29,1.0,7.0,1.0,,False,True,True,False,p2_only_missing,True,13,7.0,True,True,False,True,True,False,False,True
2093,465,Italy,2020-09-29,2020-10-06,9.0,7.0,1.0,1.0,False,False,False,False,both_available,True,14,7.0,True,True,False,True,True,True,False,True
2094,465,Italy,2020-10-06,2020-10-13,0.0,7.0,9.0,1.0,False,False,False,False,both_available,False,15,7.0,True,True,False,True,True,True,False,True
2095,465,Italy,2020-10-13,2020-10-20,0.0,7.0,0.0,9.0,False,False,False,False,both_available,False,16,7.0,True,True,False,True,True,True,False,True
2096,465,Italy,2020-10-20,2020-10-27,0.0,7.0,0.0,0.0,False,False,False,False,both_available,False,17,7.0,True,True,False,True,True,True,False,True
2097,465,Italy,2020-10-27,2020-11-03,0.0,7.0,0.0,0.0,False,False,False,False,both_available,False,18,7.0,True,True,False,True,True,True,False,True
2098,473,Italy,2020-06-11,2020-06-16,0.0,7.0,,,True,True,True,True,both_missing,False,1,,True,False,True,False,True,False,True,False
2099,473,Italy,2020-06-16,2020-06-23,0.0,7.0,0.0,,False,True,True,False,p2_only_missing,False,2,7.0,True,True,False,True,True,False,True,True
2100,473,Italy,2020-06-23,2020-06-30,29.0,7.0,0.0,0.0,False,False,False,False,both_available,True,3,7.0,True,True,False,True,True,True,False,True
2101,473,Italy,2020-06-30,2020-07-07,20.0,7.0,29.0,0.0,False,False,False,False,both_available,True,4,7.0,True,True,False,True,True,True,False,True
2102,473,Italy,2020-07-07,2020-07-14,12.0,7.0,20.0,29.0,False,False,False,False,both_available,True,5,7.0,True,True,False,True,True,True,False,True
2103,473,Italy,2020-07-14,2020-07-21,20.0,7.0,12.0,20.0,False,False,False,False,both_available,True,6,7.0,True,True,False,True,True,True,False,True
2104,473,Italy,2020-07-28,2020-08-04,19.0,7.0,,20.0,True,False,True,False,p1_only_missing,True,7,14.0,True,False,False,True,True,True,False,True
2105,473,Italy,2020-08-04,2020-08-11,7.0,7.0,19.0,,False,True,True,False,p2_only_missing,True,8,7.0,True,True,False,True,True,False,False,True
2106,473,Italy,2020-08-11,2020-08-18,9.0,7.0,7.0,19.0,False,False,False,False,both_available,True,9,7.0,True,True,False,True,True,True,False,True
2107,473,Italy,2020-09-01,2020-09-08,13.0,7.0,,,True,True,True,True,both_missing,True,10,21.0,True,False,False,True,True,False,False,True
2108,473,Italy,2020-09-08,2020-09-15,2.0,7.0,13.0,,False,True,True,False,p2_only_missing,True,11,7.0,True,True,False,True,True,False,False,True
2109,473,Italy,2020-09-15,2020-09-22,17.0,7.0,2.0,13.0,False,False,False,False,both_available,True,12,7.0,True,True,False,True,True,True,False,True
2110,473,Italy,2020-09-22,2020-09-29,5.0,7.0,17.0,2.0,False,False,False,False,both_available,True,13,7.0,True,True,False,True,True,True,False,True
2111,473,Italy,2020-09-29,2020-10-06,0.0,7.0,5.0,17.0,False,False,False,False,both_available,False,14,7.0,True,True,False,True,True,True,False,True
2112,473,Italy,2020-10-06,2020-10-13,0.0,7.0,0.0,5.0,False,False,False,False,both_available,False,15,7.0,True,True,False,True,True,True,False,True
2113,473,Italy,2020-10-13,2020-10-20,3.0,7.0,0.0,0.0,False,False,False,False,both_available,True,16,7.0,True,True,False,True,True,True,False,True
2114,473,Italy,2020-10-20,2020-10-27,0.0,7.0,3.0,0.0,False,False,False,False,both_available,False,17,7.0,True,True,False,True,True,True,False,True
2115,473,Italy,2020-10-27,2020-11-03,0.0,7.0,0.0,3.0,False,False,False,False,both_available,False,18,7.0,True,True,False,True,True,True,False,True
2116,478,Italy,2020-06-23,2020-06-30,22.0,7.0,,,True,True,True,True,both_missing,True,1,,True,False,True,False,True,False,True,False
2117,478,Italy,2020-06-30,2020-07-07,4.0,7.0,22.0,,False,True,True,False,p2_only_missing,True,2,7.0,True,True,False,True,True,False,True,True
2118,478,Italy,2020-07-07,2020-07-14,0.0,7.0,4.0,22.0,False,False,False,False,both_available,False,3,7.0,True,True,False,True,True,True,False,True
2119,478,Italy,2020-07-14,2020-07-21,0.0,7.0,0.0,4.0,False,False,False,False,both_available,False,4,7.0,True,True,False,True,True,True,False,True
2120,478,Italy,2020-07-21,2020-07-28,2.0,7.0,0.0,0.0,False,False,False,False,both_available,True,5,7.0,True,True,False,True,True,True,False,True
2121,478,Italy,2020-07-28,2020-08-04,0.0,7.0,2.0,0.0,False,False,False,False,both_available,False,6,7.0,True,True,False,True,True,True,False,True
2122,478,Italy,2020-08-04,2020-08-11,4.0,7.0,0.0,2.0,False,False,False,False,both_available,True,7,7.0,True,True,False,True,True,True,False,True
2123,478,Italy,2020-08-11,2020-08-18,2.0,7.0,4.0,0.0,False,False,False,False,both_available,True,8,7.0,True,True,False,True,True,True,False,True
2124,478,Italy,2020-08-18,2020-08-25,3.0,7.0,2.0,4.0,False,False,False,False,both_available,True,9,7.0,True,True,False,True,True,True,False,True
2125,478,Italy,2020-08-25,2020-09-01,3.0,7.0,3.0,2.0,False,False,False,False,both_available,True,10,7.0,True,True,False,True,True,True,False,True
2126,478,Italy,2020-09-01,2020-09-08,3.0,7.0,3.0,3.0,False,False,False,False,both_available,True,11,7.0,True,True,False,True,True,True,False,True
2127,478,Italy,2020-09-08,2020-09-15,1.0,7.0,3.0,3.0,False,False,False,False,both_available,True,12,7.0,True,True,False,True,True,True,False,True
2128,478,Italy,2020-09-15,2020-09-22,14.0,7.0,1.0,3.0,False,False,False,False,both_available,True,13,7.0,True,True,False,True,True,True,False,True
2129,478,Italy,2020-09-22,2020-09-29,0.0,7.0,14.0,1.0,False,False,False,False,both_available,False,14,7.0,True,True,False,True,True,True,False,True
2130,478,Italy,2020-09-29,2020-10-06,0.0,7.0,0.0,14.0,False,False,False,False,both_available,False,15,7.0,True,True,False,True,True,True,False,True
2131,478,Italy,2020-10-06,2020-10-13,0.0,7.0,0.0,0.0,False,False,False,False,both_available,False,16,7.0,True,True,False,True,True,True,False,True
2132,478,Italy,2020-10-13,2020-10-20,0.0,7.0,0.0,0.0,False,False,False,False,both_available,False,17,7.0,True,True,False,True,True,True,False,True
2133,478,Italy,2020-10-20,2020-10-27,4.0,7.0,0.0,0.0,False,False,False,False,both_available,True,18,7.0,True,True,False,True,True,True,False,True
2134,478,Italy,2020-10-27,2020-11-03,0.0,7.0,4.0,0.0,False,False,False,False,both_available,False,19,7.0,True,True,False,True,True,True,False,True
2135,479,Italy,2020-06-23,2020-06-30,40.0,7.0,,,True,True,True,True,both_missing,True,1,,True,False,True,False,True,False,True,False
2136,479,Italy,2020-06-30,2020-07-07,23.0,7.0,40.0,,False,True,True,False,p2_only_missing,True,2,7.0,True,True,False,True,True,False,True,True
2137,479,Italy,2020-07-07,2020-07-14,60.0,7.0,23.0,40.0,False,False,False,False,both_available,True,3,7.0,True,True,False,True,True,True,False,True
2138,479,Italy,2020-07-14,2020-07-21,16.0,7.0,60.0,23.0,False,False,False,False,both_available,True,4,7.0,True,True,False,True,True,True,False,True
2139,479,Italy,2020-07-21,2020-07-28,7.0,7.0,16.0,60.0,False,False,False,False,both_available,True,5,7.0,True,True,False,True,True,True,False,True
2140,479,Italy,2020-07-28,2020-08-04,42.0,7.0,7.0,16.0,False,False,False,False,both_available,True,6,7.0,True,True,False,True,True,True,False,True
2141,479,Italy,2020-08-04,2020-08-11,34.0,7.0,42.0,7.0,False,False,False,False,both_available,True,7,7.0,True,True,False,True,True,True,False,True
2142,479,Italy,2020-08-11,2020-08-18,52.0,7.0,34.0,42.0,False,False,False,False,both_available,True,8,7.0,True,True,False,True,True,True,False,True
2143,479,Italy,2020-08-18,2020-08-25,53.0,7.0,52.0,34.0,False,False,False,False,both_available,True,9,7.0,True,True,False,True,True,True,False,True
2144,479,Italy,2020-08-25,2020-09-01,14.0,7.0,53.0,52.0,False,False,False,False,both_available,True,10,7.0,True,True,False,True,True,True,False,True
2145,479,Italy,2020-09-01,2020-09-08,1.0,7.0,14.0,53.0,False,False,False,False,both_available,True,11,7.0,True,True,False,True,True,True,False,True
2146,479,Italy,2020-09-08,2020-09-15,33.0,7.0,1.0,14.0,False,False,False,False,both_available,True,12,7.0,True,True,False,True,True,True,False,True
2147,479,Italy,2020-09-15,2020-09-22,14.0,7.0,33.0,1.0,False,False,False,False,both_available,True,13,7.0,True,True,False,True,True,True,False,True
2148,479,Italy,2020-09-22,2020-09-29,1.0,7.0,14.0,33.0,False,False,False,False,both_available,True,14,7.0,True,True,False,True,True,True,False,True
2149,479,Italy,2020-09-29,2020-10-06,2.0,7.0,1.0,14.0,False,False,False,False,both_available,True,15,7.0,True,True,False,True,True,True,False,True
2150,479,Italy,2020-10-06,2020-10-13,26.0,7.0,2.0,1.0,False,False,False,False,both_available,True,16,7.0,True,True,False,True,True,True,False,True
2151,479,Italy,2020-10-13,2020-10-20,0.0,7.0,26.0,2.0,False,False,False,False,both_available,False,17,7.0,True,True,False,True,True,True,False,True
2152,479,Italy,2020-10-20,2020-10-27,0.0,7.0,0.0,26.0,False,False,False,False,both_available,False,18,7.0,True,True,False,True,True,True,False,True
2153,479,Italy,2020-10-27,2020-11-03,1.0,7.0,0.0,0.0,False,False,False,False,both_available,True,19,7.0,True,True,False,True,True,True,False,True
2154,480,Italy,2020-06-11,2020-06-16,7.0,7.0,,,True,True,True,True,both_missing,True,1,,True,False,True,False,True,False,True,False
2155,480,Italy,2020-06-16,2020-06-23,3.0,7.0,7.0,,False,True,True,False,p2_only_missing,True,2,7.0,True,True,False,True,True,False,True,True
2156,480,Italy,2020-06-23,2020-06-30,27.0,7.0,3.0,7.0,False,False,False,False,both_available,True,3,7.0,True,True,False,True,True,True,False,True
2157,480,Italy,2020-06-30,2020-07-07,0.0,7.0,27.0,3.0,False,False,False,False,both_available,False,4,7.0,True,True,False,True,True,True,False,True
2158,480,Italy,2020-07-28,2020-08-04,12.0,7.0,,,True,True,True,True,both_missing,True,5,28.0,True,False,False,True,True,False,False,True
2159,480,Italy,2020-08-11,2020-08-18,33.0,7.0,,12.0,True,False,True,False,p1_only_missing,True,6,14.0,True,False,False,True,True,True,False,True
2160,480,Italy,2020-09-08,2020-09-15,4.0,7.0,,,True,True,True,True,both_missing,True,7,28.0,True,False,False,True,True,False,False,True
2161,480,Italy,2020-09-15,2020-09-22,12.0,7.0,4.0,,False,True,True,False,p2_only_missing,True,8,7.0,True,True,False,True,True,False,False,True
2162,480,Italy,2020-09-22,2020-09-29,0.0,7.0,12.0,4.0,False,False,False,False,both_available,False,9,7.0,True,True,False,True,True,True,False,True
2163,480,Italy,2020-09-29,2020-10-06,6.0,7.0,0.0,12.0,False,False,False,False,both_available,True,10,7.0,True,True,False,True,True,True,False,True
2164,480,Italy,2020-10-13,2020-10-20,0.0,7.0,,6.0,True,False,True,False,p1_only_missing,False,11,14.0,True,False,False,True,True,True,False,True
2165,480,Italy,2020-10-20,2020-10-27,0.0,7.0,0.0,,False,True,True,False,p2_only_missing,False,12,7.0,True,True,False,True,True,False,False,True
2166,480,Italy,2020-10-27,2020-11-03,0.0,7.0,0.0,0.0,False,False,False,False,both_available,False,13,7.0,True,True,False,True,True,True,False,True
2167,483,Italy,2020-06-11,2020-06-16,0.0,7.0,,,True,True,True,True,both_missing,False,1,,True,False,True,False,True,False,True,False
2168,483,Italy,2020-06-16,2020-06-23,25.0,7.0,0.0,,False,True,True,False,p2_only_missing,True,2,7.0,True,True,False,True,True,False,True,True
2169,483,Italy,2020-06-23,2020-06-30,15.0,7.0,25.0,0.0,False,False,False,False,both_available,True,3,7.0,True,True,False,True,True,True,False,True
2170,483,Italy,2020-06-30,2020-07-07,7.0,7.0,15.0,25.0,False,False,False,False,both_available,True,4,7.0,True,True,False,True,True,True,False,True
2171,483,Italy,2020-07-07,2020-07-14,0.0,7.0,7.0,15.0,False,False,False,False,both_available,False,5,7.0,True,True,False,True,True,True,False,True
2172,483,Italy,2020-07-14,2020-07-21,0.0,7.0,0.0,7.0,False,False,False,False,both_available,False,6,7.0,True,True,False,True,True,True,False,True
2173,483,Italy,2020-07-21,2020-07-28,8.0,7.0,0.0,0.0,False,False,False,False,both_available,True,7,7.0,True,True,False,True,True,True,False,True
2174,483,Italy,2020-07-28,2020-08-04,53.0,7.0,8.0,0.0,False,False,False,False,both_available,True,8,7.0,True,True,False,True,True,True,False,True
2175,483,Italy,2020-08-04,2020-08-11,38.0,7.0,53.0,8.0,False,False,False,False,both_available,True,9,7.0,True,True,False,True,True,True,False,True
2176,483,Italy,2020-08-11,2020-08-18,52.0,7.0,38.0,53.0,False,False,False,False,both_available,True,10,7.0,True,True,False,True,True,True,False,True
2177,483,Italy,2020-08-18,2020-08-25,39.0,7.0,52.0,38.0,False,False,False,False,both_available,True,11,7.0,True,True,False,True,True,True,False,True
2178,483,Italy,2020-08-25,2020-09-01,49.0,7.0,39.0,52.0,False,False,False,False,both_available,True,12,7.0,True,True,False,True,True,True,False,True
2179,483,Italy,2020-09-01,2020-09-08,3.0,7.0,49.0,39.0,False,False,False,False,both_available,True,13,7.0,True,True,False,True,True,True,False,True
2180,483,Italy,2020-09-08,2020-09-15,102.0,7.0,3.0,49.0,False,False,False,False,both_available,True,14,7.0,True,True,False,True,True,True,False,True
2181,483,Italy,2020-09-15,2020-09-22,33.0,7.0,102.0,3.0,False,False,False,False,both_available,True,15,7.0,True,True,False,True,True,True,False,True
2182,483,Italy,2020-09-22,2020-09-29,2.0,7.0,33.0,102.0,False,False,False,False,both_available,True,16,7.0,True,True,False,True,True,True,False,True
2183,483,Italy,2020-09-29,2020-10-06,0.0,7.0,2.0,33.0,False,False,False,False,both_available,False,17,7.0,True,True,False,True,True,True,False,True
2184,483,Italy,2020-10-06,2020-10-13,2.0,7.0,0.0,2.0,False,False,False,False,both_available,True,18,7.0,True,True,False,True,True,True,False,True
2185,483,Italy,2020-10-13,2020-10-20,0.0,7.0,2.0,0.0,False,False,False,False,both_available,False,19,7.0,True,True,False,True,True,True,False,True
2186,483,Italy,2020-10-20,2020-10-27,0.0,7.0,0.0,2.0,False,False,False,False,both_available,False,20,7.0,True,True,False,True,True,True,False,True
2187,483,Italy,2020-10-27,2020-11-03,0.0,7.0,0.0,0.0,False,False,False,False,both_available,False,21,7.0,True,True,False,True,True,True,False,True
2188,484,Italy,2020-06-11,2020-06-16,1.4,7.0,,,True,True,True,True,both_missing,True,1,,True,False,True,False,True,False,True,False
2189,484,Italy,2020-06-16,2020-06-23,3.0,7.0,1.4,,False,True,True,False,p2_only_missing,True,2,7.0,True,True,False,True,True,False,True,True
2190,484,Italy,2020-06-23,2020-06-30,2.0,7.0,3.0,1.4,False,False,False,False,both_available,True,3,7.0,True,True,False,True,True,True,False,True
2191,484,Italy,2020-06-30,2020-07-07,165.0,7.0,2.0,3.0,False,False,False,False,both_available,True,4,7.0,True,True,False,True,True,True,False,True
2192,484,Italy,2020-07-07,2020-07-14,55.0,7.0,165.0,2.0,False,False,False,False,both_available,True,5,7.0,True,True,False,True,True,True,False,True
2193,484,Italy,2020-07-14,2020-07-21,174.0,7.0,55.0,165.0,False,False,False,False,both_available,True,6,7.0,True,True,False,True,True,True,False,True
2194,484,Italy,2020-07-21,2020-07-28,97.0,7.0,174.0,55.0,False,False,False,False,both_available,True,7,7.0,True,True,False,True,True,True,False,True
2195,484,Italy,2020-07-28,2020-08-04,36.0,7.0,97.0,174.0,False,False,False,False,both_available,True,8,7.0,True,True,False,True,True,True,False,True
2196,484,Italy,2020-08-04,2020-08-11,2.0,7.0,36.0,97.0,False,False,False,False,both_available,True,9,7.0,True,True,False,True,True,True,False,True
2197,484,Italy,2020-08-11,2020-08-18,7.0,7.0,2.0,36.0,False,False,False,False,both_available,True,10,7.0,True,True,False,True,True,True,False,True
2198,484,Italy,2020-08-18,2020-08-25,48.0,7.0,7.0,2.0,False,False,False,False,both_available,True,11,7.0,True,True,False,True,True,True,False,True
2199,484,Italy,2020-08-25,2020-09-01,5.0,7.0,48.0,7.0,False,False,False,False,both_available,True,12,7.0,True,True,False,True,True,True,False,True
2200,484,Italy,2020-09-01,2020-09-08,14.0,7.0,5.0,48.0,False,False,False,False,both_available,True,13,7.0,True,True,False,True,True,True,False,True
2201,484,Italy,2020-09-08,2020-09-15,21.0,7.0,14.0,5.0,False,False,False,False,both_available,True,14,7.0,True,True,False,True,True,True,False,True
2202,484,Italy,2020-09-15,2020-09-22,33.0,7.0,21.0,14.0,False,False,False,False,both_available,True,15,7.0,True,True,False,True,True,True,False,True
2203,484,Italy,2020-10-06,2020-10-13,5.0,7.0,,,True,True,True,True,both_missing,True,16,21.0,True,False,False,True,True,False,False,True
2204,484,Italy,2020-10-13,2020-10-20,0.0,7.0,5.0,,False,True,True,False,p2_only_missing,False,17,7.0,True,True,False,True,True,False,False,True
2205,484,Italy,2020-10-20,2020-10-27,0.0,7.0,0.0,5.0,False,False,False,False,both_available,False,18,7.0,True,True,False,True,True,True,False,True
2206,484,Italy,2020-10-27,2020-11-03,0.0,7.0,0.0,0.0,False,False,False,False,both_available,False,19,7.0,True,True,False,True,True,True,False,True
2207,871,Serbia,2020-08-20,2020-08-28,0.0,8.0,,,True,True,True,True,both_missing,False,1,,True,False,True,False,True,False,True,False
2208,871,Serbia,2020-10-02,2020-10-09,0.0,7.0,,,True,True,True,True,both_missing,False,2,42.0,True,False,False,True,True,False,False,True
2209,872,Serbia,2020-08-21,2020-08-29,79.625,8.0,,,True,True,True,True,both_missing,True,1,,True,False,True,False,True,False,True,False
2210,872,Serbia,2020-10-02,2020-10-09,6.0,7.0,,,True,True,True,True,both_missing,True,2,41.0,True,False,False,True,True,False,False,True
2211,873,Serbia,2020-08-22,2020-08-30,42.875,8.0,,,True,True,True,True,both_missing,True,1,,True,False,True,False,True,False,True,False
2212,873,Serbia,2020-09-26,2020-10-02,0.0,6.0,,,True,True,True,True,both_missing,False,2,33.0,True,False,False,True,True,False,False,True
2213,873,Serbia,2020-10-02,2020-10-09,13.0,7.0,0.0,,False,True,True,False,p2_only_missing,True,3,7.0,True,True,False,True,True,False,False,True
2214,874,Serbia,2020-08-13,2020-08-21,11.375,8.0,,,True,True,True,True,both_missing,True,1,,True,False,False,True,True,False,False,True
2215,874,Serbia,2020-10-02,2020-10-09,0.0,7.0,,,True,True,True,True,both_missing,False,2,49.0,True,False,False,True,True,False,False,True
2216,875,Serbia,2020-08-14,2020-08-22,34.125,8.0,,,True,True,True,True,both_missing,True,1,,True,False,False,True,True,False,False,True
2217,875,Serbia,2020-09-26,2020-10-02,0.0,6.0,,,True,True,True,True,both_missing,False,2,41.0,True,False,False,True,True,False,False,True
2218,875,Serbia,2020-10-02,2020-10-09,0.0,7.0,0.0,,False,True,True,False,p2_only_missing,False,3,7.0,True,True,False,True,True,False,False,True
2219,876,Serbia,2020-08-15,2020-08-23,136.5,8.0,,,True,True,True,True,both_missing,True,1,,True,False,False,True,True,False,False,True
2220,876,Serbia,2020-09-26,2020-10-02,0.0,6.0,,,True,True,True,True,both_missing,False,2,40.0,True,False,False,True,True,False,False,True
2221,876,Serbia,2020-10-02,2020-10-09,0.0,7.0,0.0,,False,True,True,False,p2_only_missing,False,3,7.0,True,True,False,True,True,False,False,True
2222,877,Serbia,2020-08-16,2020-08-24,26.25,8.0,,,True,True,True,True,both_missing,True,1,,True,False,False,True,True,False,False,True
2223,877,Serbia,2020-09-26,2020-10-02,0.0,6.0,,,True,True,True,True,both_missing,False,2,39.0,True,False,False,True,True,False,False,True
2224,877,Serbia,2020-10-02,2020-10-09,0.0,7.0,0.0,,False,True,True,False,p2_only_missing,False,3,7.0,True,True,False,True,True,False,False,True
2225,878,Serbia,2020-08-18,2020-08-26,0.0,8.0,,,True,True,True,True,both_missing,False,1,,True,False,False,True,True,False,False,True
2226,878,Serbia,2020-08-21,2020-08-29,0.0,8.0,,0.0,True,False,True,False,p1_only_missing,False,2,3.0,True,False,False,True,True,False,False,True
2227,878,Serbia,2020-10-02,2020-10-09,2.0,7.0,,,True,True,True,True,both_missing,True,3,41.0,True,False,False,True,True,False,False,True
2228,879,Serbia,2020-08-17,2020-08-25,0.0,8.0,,,True,True,True,True,both_missing,False,1,,True,False,False,True,True,False,False,True
2229,879,Serbia,2020-08-21,2020-08-29,0.0,8.0,,0.0,True,False,True,False,p1_only_missing,False,2,4.0,True,False,False,True,True,False,False,True
2230,879,Serbia,2020-09-26,2020-10-02,0.0,6.0,,,True,True,True,True,both_missing,False,3,34.0,True,False,False,True,True,False,False,True
2231,879,Serbia,2020-10-02,2020-10-09,0.0,7.0,0.0,,False,True,True,False,p2_only_missing,False,4,7.0,True,True,False,True,True,False,False,True
2232,880,Serbia,2020-08-19,2020-08-27,0.0,8.0,,0.0,True,False,True,False,p1_only_missing,False,1,,True,False,False,True,True,False,False,True
2233,880,Serbia,2020-08-21,2020-08-29,0.0,8.0,,0.0,True,False,True,False,p1_only_missing,False,2,2.0,True,False,False,True,True,False,False,True
2234,880,Serbia,2020-09-26,2020-10-02,0.0,6.0,0.0,,False,True,True,False,p2_only_missing,False,3,34.0,True,False,False,True,True,False,False,True
2235,880,Serbia,2020-10-02,2020-10-09,0.0,7.0,0.0,0.0,False,False,False,False,both_available,False,4,7.0,True,True,False,True,True,False,False,True
2236,1021,Italy,2020-07-14,2020-07-21,0.0,7.0,,,True,True,True,True,both_missing,False,1,,True,False,True,False,True,False,True,False
2237,1021,Italy,2020-07-28,2020-08-04,0.0,7.0,,0.0,True,False,True,False,p1_only_missing,False,2,14.0,True,False,False,True,True,True,False,True
2238,1021,Italy,2020-08-04,2020-08-11,0.0,7.0,0.0,,False,True,True,False,p2_only_missing,False,3,7.0,True,True,False,True,True,False,False,True
2239,1022,Italy,2020-07-21,2020-07-28,0.0,7.0,,,True,True,True,True,both_missing,False,1,,True,False,True,False,True,False,True,False
2240,1024,Italy,2020-07-07,2020-07-14,0.0,7.0,,,True,True,True,True,both_missing,False,1,,True,False,True,False,True,False,True,False
2241,1025,Italy,2020-07-07,2020-07-14,0.0,7.0,,,True,True,True,True,both_missing,False,1,,True,False,True,False,True,False,True,False
2242,1183,Switzerland,2020-09-02,2020-09-08,0.0,6.0,,,True,True,True,True,both_missing,False,1,,True,False,True,False,True,False,True,False
2243,1185,Switzerland,2020-09-02,2020-09-08,0.0,6.0,,,True,True,True,True,both_missing,False,1,,True,False,True,False,True,False,True,False
2244,1186,Switzerland,2020-09-02,2020-09-08,0.0,6.0,,,True,True,True,True,both_missing,False,1,,True,False,True,False,True,False,True,False
2245,1187,Switzerland,2020-09-02,2020-09-08,0.0,6.0,,,True,True,True,True,both_missing,False,1,,True,False,True,False,True,False,True,False
2246,1188,Switzerland,2020-09-02,2020-09-08,0.0,6.0,,,True,True,True,True,both_missing,False,1,,True,False,True,False,True,False,True,False
2247,1189,Switzerland,2020-09-02,2020-09-08,0.0,6.0,,,True,True,True,True,both_missing,False,1,,True,False,True,False,True,False,True,False
2248,1190,Switzerland,2020-09-02,2020-09-08,0.0,6.0,,,True,True,True,True,both_missing,False,1,,True,False,True,False,True,False,True,False
2249,1191,Switzerland,2020-09-02,2020-09-08,0.0,6.0,,,True,True,True,True,both_missing,False,1,,True,False,True,False,True,False,True,False
2250,1227,Austria,2020-05-01,2020-05-08,0.0,7.0,,,True,True,True,True,both_missing,False,1,,True,False,True,False,True,False,True,False
2251,1227,Austria,2020-05-08,2020-05-15,0.0,7.0,0.0,,False,True,True,False,p2_only_missing,False,2,7.0,True,True,False,True,True,False,True,True
2252,1227,Austria,2020-05-15,2020-05-22,0.0,7.0,0.0,0.0,False,False,False,False,both_available,False,3,7.0,True,True,False,True,True,True,False,True
2253,1227,Austria,2020-05-22,2020-05-29,0.0,7.0,0.0,0.0,False,False,False,False,both_available,False,4,7.0,True,True,False,True,True,True,False,True
2254,1227,Austria,2020-05-29,2020-06-04,0.0,6.0,0.0,0.0,False,False,False,False,both_available,False,5,6.0,True,True,False,True,True,True,False,True
2255,1227,Austria,2020-06-04,2020-06-11,0.0,7.0,0.0,0.0,False,False,False,False,both_available,False,6,7.0,True,True,False,True,True,True,False,True
2256,1227,Austria,2020-07-02,2020-07-10,0.0,8.0,,,True,True,True,True,both_missing,False,7,29.0,True,False,False,True,True,False,False,True
2257,1227,Austria,2020-07-10,2020-07-17,0.0,7.0,0.0,,False,True,True,False,p2_only_missing,False,8,7.0,True,True,False,True,True,False,False,True
2258,1227,Austria,2020-08-14,2020-08-22,0.0,8.0,,,True,True,True,True,both_missing,False,9,36.0,True,False,False,True,True,False,False,True
2259,1227,Austria,2020-08-22,2020-08-28,0.0,6.0,0.0,,False,True,True,False,p2_only_missing,False,10,6.0,True,True,False,True,True,False,False,True
2260,1227,Austria,2020-08-28,2020-09-04,0.0,7.0,0.0,0.0,False,False,False,False,both_available,False,11,7.0,True,True,False,True,True,True,False,True
2261,1227,Austria,2020-09-26,2020-10-02,0.0,6.0,,,True,True,True,True,both_missing,False,12,28.0,True,False,False,True,True,False,False,True
2262,1227,Austria,2020-10-02,2020-10-08,0.0,6.0,0.0,,False,True,True,False,p2_only_missing,False,13,6.0,True,True,False,True,True,False,False,True
2263,1227,Austria,2020-10-08,2020-10-16,0.0,8.0,0.0,0.0,False,False,False,False,both_available,False,14,8.0,True,True,False,True,True,True,False,True
2264,1227,Austria,2020-10-16,2020-10-23,0.0,7.0,0.0,0.0,False,False,False,False,both_available,False,15,7.0,True,True,False,True,True,True,False,True
2265,1227,Austria,2020-10-23,2020-10-30,0.0,7.0,0.0,0.0,False,False,False,False,both_available,False,16,7.0,True,True,False,True,True,True,False,True
2266,1228,Austria,2020-05-01,2020-05-08,0.0,7.0,,,True,True,True,True,both_missing,False,1,,True,False,True,False,True,False,True,False
2267,1228,Austria,2020-05-08,2020-05-15,0.0,7.0,0.0,,False,True,True,False,p2_only_missing,False,2,7.0,True,True,False,True,True,False,True,True
2268,1228,Austria,2020-05-15,2020-05-22,0.0,7.0,0.0,0.0,False,False,False,False,both_available,False,3,7.0,True,True,False,True,True,True,False,True
2269,1228,Austria,2020-05-22,2020-05-29,0.0,7.0,0.0,0.0,False,False,False,False,both_available,False,4,7.0,True,True,False,True,True,True,False,True
2270,1228,Austria,2020-05-29,2020-06-04,0.0,6.0,0.0,0.0,False,False,False,False,both_available,False,5,6.0,True,True,False,True,True,True,False,True
2271,1228,Austria,2020-06-04,2020-06-11,0.0,7.0,0.0,0.0,False,False,False,False,both_available,False,6,7.0,True,True,False,True,True,True,False,True
2272,1228,Austria,2020-06-11,2020-06-18,0.0,7.0,0.0,0.0,False,False,False,False,both_available,False,7,7.0,True,True,False,True,True,True,False,True
2273,1228,Austria,2020-06-18,2020-06-26,0.0,8.0,0.0,0.0,False,False,False,False,both_available,False,8,8.0,True,True,False,True,True,True,False,True
2274,1228,Austria,2020-06-26,2020-07-02,0.0,6.0,0.0,0.0,False,False,False,False,both_available,False,9,6.0,True,True,False,True,True,True,False,True
2275,1228,Austria,2020-07-17,2020-07-25,0.0,8.0,,,True,True,True,True,both_missing,False,10,23.0,True,False,False,True,True,False,False,True
2276,1228,Austria,2020-08-14,2020-08-22,0.0,8.0,,,True,True,True,True,both_missing,False,11,28.0,True,False,False,True,True,False,False,True
2277,1228,Austria,2020-09-26,2020-10-02,0.0,6.0,,,True,True,True,True,both_missing,False,12,41.0,True,False,False,True,True,False,False,True
2278,1228,Austria,2020-10-08,2020-10-16,0.0,8.0,,0.0,True,False,True,False,p1_only_missing,False,13,14.0,True,False,False,True,True,True,False,True
2279,1228,Austria,2020-10-16,2020-10-23,0.0,7.0,0.0,,False,True,True,False,p2_only_missing,False,14,7.0,True,True,False,True,True,False,False,True
2280,1228,Austria,2020-10-23,2020-10-30,0.0,7.0,0.0,0.0,False,False,False,False,both_available,False,15,7.0,True,True,False,True,True,True,False,True
2281,1229,Austria,2020-05-01,2020-05-08,0.0,7.0,,,True,True,True,True,both_missing,False,1,,True,False,True,False,True,False,True,False
2282,1229,Austria,2020-05-08,2020-05-15,0.0,7.0,0.0,,False,True,True,False,p2_only_missing,False,2,7.0,True,True,False,True,True,False,True,True
2283,1229,Austria,2020-05-22,2020-05-29,0.0,7.0,,0.0,True,False,True,False,p1_only_missing,False,3,14.0,True,False,False,True,True,True,False,True
2284,1229,Austria,2020-05-29,2020-06-04,0.0,6.0,0.0,,False,True,True,False,p2_only_missing,False,4,6.0,True,True,False,True,True,False,False,True
2285,1229,Austria,2020-06-04,2020-06-11,0.0,7.0,0.0,0.0,False,False,False,False,both_available,False,5,7.0,True,True,False,True,True,True,False,True
2286,1229,Austria,2020-06-11,2020-06-18,0.0,7.0,0.0,0.0,False,False,False,False,both_available,False,6,7.0,True,True,False,True,True,True,False,True
2287,1229,Austria,2020-06-18,2020-06-26,0.0,8.0,0.0,0.0,False,False,False,False,both_available,False,7,8.0,True,True,False,True,True,True,False,True
2288,1229,Austria,2020-06-26,2020-07-02,0.0,6.0,0.0,0.0,False,False,False,False,both_available,False,8,6.0,True,True,False,True,True,True,False,True
2289,1229,Austria,2020-07-02,2020-07-10,0.0,8.0,0.0,0.0,False,False,False,False,both_available,False,9,8.0,True,True,False,True,True,True,False,True
2290,1229,Austria,2020-08-28,2020-09-04,0.0,7.0,,,True,True,True,True,both_missing,False,10,56.0,True,False,False,True,True,False,False,True
2291,1229,Austria,2020-09-11,2020-09-17,0.0,6.0,,0.0,True,False,True,False,p1_only_missing,False,11,13.0,True,False,False,True,True,True,False,True
2292,1229,Austria,2020-09-26,2020-10-02,0.0,6.0,,,True,True,True,True,both_missing,False,12,15.0,True,False,False,True,True,False,False,True
2293,1229,Austria,2020-10-08,2020-10-16,0.0,8.0,,0.0,True,False,True,False,p1_only_missing,False,13,14.0,True,False,False,True,True,True,False,True
2294,1229,Austria,2020-10-16,2020-10-23,0.0,7.0,0.0,,False,True,True,False,p2_only_missing,False,14,7.0,True,True,False,True,True,False,False,True
2295,1229,Austria,2020-10-23,2020-10-30,0.0,7.0,0.0,0.0,False,False,False,False,both_available,False,15,7.0,True,True,False,True,True,True,False,True
2296,1230,Austria,2020-05-01,2020-05-08,0.0,7.0,,,True,True,True,True,both_missing,False,1,,True,False,True,False,True,False,True,False
2297,1230,Austria,2020-05-08,2020-05-15,0.0,7.0,0.0,,False,True,True,False,p2_only_missing,False,2,7.0,True,True,False,True,True,False,True,True
2298,1230,Austria,2020-05-15,2020-05-22,0.0,7.0,0.0,0.0,False,False,False,False,both_available,False,3,7.0,True,True,False,True,True,True,False,True
2299,1230,Austria,2020-05-22,2020-05-29,0.0,7.0,0.0,0.0,False,False,False,False,both_available,False,4,7.0,True,True,False,True,True,True,False,True
2300,1230,Austria,2020-05-29,2020-06-04,0.0,6.0,0.0,0.0,False,False,False,False,both_available,False,5,6.0,True,True,False,True,True,True,False,True
2301,1230,Austria,2020-06-04,2020-06-11,0.0,7.0,0.0,0.0,False,False,False,False,both_available,False,6,7.0,True,True,False,True,True,True,False,True
2302,1230,Austria,2020-06-11,2020-06-18,0.0,7.0,0.0,0.0,False,False,False,False,both_available,False,7,7.0,True,True,False,True,True,True,False,True
2303,1230,Austria,2020-06-18,2020-06-26,0.0,8.0,0.0,0.0,False,False,False,False,both_available,False,8,8.0,True,True,False,True,True,True,False,True
2304,1230,Austria,2020-06-26,2020-07-02,0.0,6.0,0.0,0.0,False,False,False,False,both_available,False,9,6.0,True,True,False,True,True,True,False,True
2305,1230,Austria,2020-07-17,2020-07-25,0.0,8.0,,,True,True,True,True,both_missing,False,10,23.0,True,False,False,True,True,False,False,True
2306,1230,Austria,2020-08-14,2020-08-22,0.0,8.0,,,True,True,True,True,both_missing,False,11,28.0,True,False,False,True,True,False,False,True
2307,1230,Austria,2020-08-22,2020-08-28,0.0,6.0,0.0,,False,True,True,False,p2_only_missing,False,12,6.0,True,True,False,True,True,False,False,True
2308,1230,Austria,2020-08-28,2020-09-04,0.0,7.0,0.0,0.0,False,False,False,False,both_available,False,13,7.0,True,True,False,True,True,True,False,True
2309,1230,Austria,2020-09-04,2020-09-11,0.0,7.0,0.0,0.0,False,False,False,False,both_available,False,14,7.0,True,True,False,True,True,True,False,True
2310,1230,Austria,2020-09-11,2020-09-17,0.0,6.0,0.0,0.0,False,False,False,False,both_available,False,15,6.0,True,True,False,True,True,True,False,True
2311,1230,Austria,2020-09-26,2020-10-02,0.0,6.0,,,True,True,True,True,both_missing,False,16,15.0,True,False,False,True,True,False,False,True
2312,1230,Austria,2020-10-02,2020-10-08,0.0,6.0,0.0,,False,True,True,False,p2_only_missing,False,17,6.0,True,True,False,True,True,False,False,True
2313,1230,Austria,2020-10-16,2020-10-23,0.0,7.0,,0.0,True,False,True,False,p1_only_missing,False,18,15.0,True,False,False,True,True,True,False,True
2314,1230,Austria,2020-10-23,2020-10-30,0.0,7.0,0.0,,False,True,True,False,p2_only_missing,False,19,7.0,True,True,False,True,True,False,False,True
2315,1231,Austria,2020-05-01,2020-05-08,0.0,7.0,,,True,True,True,True,both_missing,False,1,,True,False,True,False,True,False,True,False
2316,1231,Austria,2020-05-08,2020-05-15,0.0,7.0,0.0,,False,True,True,False,p2_only_missing,False,2,7.0,True,True,False,True,True,False,True,True
2317,1231,Austria,2020-05-15,2020-05-22,0.0,7.0,0.0,0.0,False,False,False,False,both_available,False,3,7.0,True,True,False,True,True,True,False,True
2318,1231,Austria,2020-05-22,2020-05-29,0.0,7.0,0.0,0.0,False,False,False,False,both_available,False,4,7.0,True,True,False,True,True,True,False,True
2319,1231,Austria,2020-05-29,2020-06-04,0.0,6.0,0.0,0.0,False,False,False,False,both_available,False,5,6.0,True,True,False,True,True,True,False,True
2320,1231,Austria,2020-06-04,2020-06-11,0.0,7.0,0.0,0.0,False,False,False,False,both_available,False,6,7.0,True,True,False,True,True,True,False,True
2321,1231,Austria,2020-06-11,2020-06-18,0.0,7.0,0.0,0.0,False,False,False,False,both_available,False,7,7.0,True,True,False,True,True,True,False,True
2322,1231,Austria,2020-06-18,2020-06-26,0.0,8.0,0.0,0.0,False,False,False,False,both_available,False,8,8.0,True,True,False,True,True,True,False,True
2323,1231,Austria,2020-06-26,2020-07-02,0.0,6.0,0.0,0.0,False,False,False,False,both_available,False,9,6.0,True,True,False,True,True,True,False,True
2324,1231,Austria,2020-07-02,2020-07-10,0.0,8.0,0.0,0.0,False,False,False,False,both_available,False,10,8.0,True,True,False,True,True,True,False,True
2325,1231,Austria,2020-08-07,2020-08-14,0.0,7.0,,,True,True,True,True,both_missing,False,11,35.0,True,False,False,True,True,False,False,True
2326,1231,Austria,2020-08-28,2020-09-04,0.0,7.0,,,True,True,True,True,both_missing,False,12,21.0,True,False,False,True,True,False,False,True
2327,1231,Austria,2020-09-04,2020-09-11,0.0,7.0,0.0,,False,True,True,False,p2_only_missing,False,13,7.0,True,True,False,True,True,False,False,True
2328,1231,Austria,2020-09-11,2020-09-17,0.0,6.0,0.0,0.0,False,False,False,False,both_available,False,14,6.0,True,True,False,True,True,True,False,True
2329,1231,Austria,2020-09-26,2020-10-02,0.0,6.0,,,True,True,True,True,both_missing,False,15,15.0,True,False,False,True,True,False,False,True
2330,1231,Austria,2020-10-02,2020-10-08,0.0,6.0,0.0,,False,True,True,False,p2_only_missing,False,16,6.0,True,True,False,True,True,False,False,True
2331,1231,Austria,2020-10-08,2020-10-16,0.0,8.0,0.0,0.0,False,False,False,False,both_available,False,17,8.0,True,True,False,True,True,True,False,True
2332,1231,Austria,2020-10-16,2020-10-23,0.0,7.0,0.0,0.0,False,False,False,False,both_available,False,18,7.0,True,True,False,True,True,True,False,True
2333,1231,Austria,2020-10-23,2020-10-30,0.0,7.0,0.0,0.0,False,False,False,False,both_available,False,19,7.0,True,True,False,True,True,True,False,True
2334,1232,Austria,2020-04-30,2020-05-08,0.0,8.0,,,True,True,True,True,both_missing,False,1,,True,False,True,False,True,False,True,False
2335,1232,Austria,2020-10-09,2020-10-16,0.0,7.0,,,True,True,True,True,both_missing,False,2,161.0,True,False,False,True,True,False,False,True
2336,1232,Austria,2020-10-16,2020-10-23,0.0,7.0,0.0,,False,True,True,False,p2_only_missing,False,3,7.0,True,True,False,True,True,False,False,True
2337,1232,Austria,2020-10-23,2020-10-30,0.0,7.0,0.0,0.0,False,False,False,False,both_available,False,4,7.0,True,True,False,True,True,True,False,True
2338,1233,Austria,2020-04-30,2020-05-08,0.0,8.0,,,True,True,True,True,both_missing,False,1,,True,False,True,False,True,False,True,False
2339,1233,Austria,2020-05-08,2020-05-15,0.0,7.0,0.0,,False,True,True,False,p2_only_missing,False,2,7.0,True,True,False,True,True,False,True,True
2340,1233,Austria,2020-06-05,2020-06-12,0.0,7.0,,,True,True,True,True,both_missing,False,3,28.0,True,False,False,True,True,False,False,True
2341,1233,Austria,2020-09-11,2020-09-18,0.0,7.0,,,True,True,True,True,both_missing,False,4,98.0,True,False,False,True,True,False,False,True
2342,1233,Austria,2020-10-09,2020-10-16,0.0,7.0,,,True,True,True,True,both_missing,False,5,28.0,True,False,False,True,True,False,False,True
2343,1233,Austria,2020-10-23,2020-10-30,0.0,7.0,,0.0,True,False,True,False,p1_only_missing,False,6,14.0,True,False,False,True,True,True,False,True
2344,1234,Austria,2020-04-30,2020-05-08,0.0,8.0,,,True,True,True,True,both_missing,False,1,,True,False,True,False,True,False,True,False
2345,1234,Austria,2020-05-08,2020-05-15,0.0,7.0,0.0,,False,True,True,False,p2_only_missing,False,2,7.0,True,True,False,True,True,False,True,True
2346,1234,Austria,2020-05-22,2020-05-29,0.0,7.0,,0.0,True,False,True,False,p1_only_missing,False,3,14.0,True,False,False,True,True,True,False,True
2347,1234,Austria,2020-05-29,2020-06-05,0.0,7.0,0.0,,False,True,True,False,p2_only_missing,False,4,7.0,True,True,False,True,True,False,False,True
2348,1234,Austria,2020-06-05,2020-06-12,0.0,7.0,0.0,0.0,False,False,False,False,both_available,False,5,7.0,True,True,False,True,True,True,False,True
2349,1234,Austria,2020-06-12,2020-06-19,0.0,7.0,0.0,0.0,False,False,False,False,both_available,False,6,7.0,True,True,False,True,True,True,False,True
2350,1234,Austria,2020-06-19,2020-06-26,0.0,7.0,0.0,0.0,False,False,False,False,both_available,False,7,7.0,True,True,False,True,True,True,False,True
2351,1234,Austria,2020-06-26,2020-07-03,0.0,7.0,0.0,0.0,False,False,False,False,both_available,False,8,7.0,True,True,False,True,True,True,False,True
2352,1234,Austria,2020-09-25,2020-10-02,0.0,7.0,,,True,True,True,True,both_missing,False,9,91.0,True,False,False,True,True,False,False,True
2353,1234,Austria,2020-10-02,2020-10-09,0.0,7.0,0.0,,False,True,True,False,p2_only_missing,False,10,7.0,True,True,False,True,True,False,False,True
2354,1234,Austria,2020-10-09,2020-10-16,0.0,7.0,0.0,0.0,False,False,False,False,both_available,False,11,7.0,True,True,False,True,True,True,False,True
2355,1234,Austria,2020-10-16,2020-10-23,0.0,7.0,0.0,0.0,False,False,False,False,both_available,False,12,7.0,True,True,False,True,True,True,False,True
2356,1234,Austria,2020-10-23,2020-10-30,0.0,7.0,0.0,0.0,False,False,False,False,both_available,False,13,7.0,True,True,False,True,True,True,False,True
2357,1235,Austria,2020-04-30,2020-05-08,0.0,8.0,,,True,True,True,True,both_missing,False,1,,True,False,True,False,True,False,True,False
2358,1235,Austria,2020-05-08,2020-05-15,0.0,7.0,0.0,,False,True,True,False,p2_only_missing,False,2,7.0,True,True,False,True,True,False,True,True
2359,1235,Austria,2020-05-22,2020-05-29,0.0,7.0,,0.0,True,False,True,False,p1_only_missing,False,3,14.0,True,False,False,True,True,True,False,True
2360,1235,Austria,2020-05-29,2020-06-05,0.0,7.0,0.0,,False,True,True,False,p2_only_missing,False,4,7.0,True,True,False,True,True,False,False,True
2361,1235,Austria,2020-06-12,2020-06-19,0.0,7.0,,0.0,True,False,True,False,p1_only_missing,False,5,14.0,True,False,False,True,True,True,False,True
2362,1235,Austria,2020-06-19,2020-06-26,0.0,7.0,0.0,,False,True,True,False,p2_only_missing,False,6,7.0,True,True,False,True,True,False,False,True
2363,1235,Austria,2020-06-26,2020-07-03,0.0,7.0,0.0,0.0,False,False,False,False,both_available,False,7,7.0,True,True,False,True,True,True,False,True
2364,1235,Austria,2020-08-28,2020-09-04,0.0,7.0,,,True,True,True,True,both_missing,False,8,63.0,True,False,False,True,True,False,False,True
2365,1235,Austria,2020-10-02,2020-10-09,0.0,7.0,,,True,True,True,True,both_missing,False,9,35.0,True,False,False,True,True,False,False,True
2366,1235,Austria,2020-10-09,2020-10-16,0.0,7.0,0.0,,False,True,True,False,p2_only_missing,False,10,7.0,True,True,False,True,True,False,False,True
2367,1235,Austria,2020-10-16,2020-10-23,0.0,7.0,0.0,0.0,False,False,False,False,both_available,False,11,7.0,True,True,False,True,True,True,False,True
2368,1235,Austria,2020-10-23,2020-10-30,0.0,7.0,0.0,0.0,False,False,False,False,both_available,False,12,7.0,True,True,False,True,True,True,False,True
2369,1236,Austria,2020-04-30,2020-05-08,0.0,8.0,,,True,True,True,True,both_missing,False,1,,True,False,True,False,True,False,True,False
2370,1236,Austria,2020-05-08,2020-05-15,0.0,7.0,0.0,,False,True,True,False,p2_only_missing,False,2,7.0,True,True,False,True,True,False,True,True
2371,1236,Austria,2020-05-15,2020-05-22,0.0,7.0,0.0,0.0,False,False,False,False,both_available,False,3,7.0,True,True,False,True,True,True,False,True
2372,1236,Austria,2020-05-22,2020-05-29,0.0,7.0,0.0,0.0,False,False,False,False,both_available,False,4,7.0,True,True,False,True,True,True,False,True
2373,1236,Austria,2020-06-05,2020-06-12,0.0,7.0,,0.0,True,False,True,False,p1_only_missing,False,5,14.0,True,False,False,True,True,True,False,True
2374,1236,Austria,2020-06-12,2020-06-19,0.0,7.0,0.0,,False,True,True,False,p2_only_missing,False,6,7.0,True,True,False,True,True,False,False,True
2375,1236,Austria,2020-07-03,2020-07-09,0.0,6.0,,,True,True,True,True,both_missing,False,7,20.0,True,False,False,True,True,False,False,True
2376,1236,Austria,2020-07-09,2020-07-17,0.0,8.0,0.0,,False,True,True,False,p2_only_missing,False,8,8.0,True,True,False,True,True,False,False,True
2377,1236,Austria,2020-07-17,2020-07-24,0.0,7.0,0.0,0.0,False,False,False,False,both_available,False,9,7.0,True,True,False,True,True,True,False,True
2378,1236,Austria,2020-07-31,2020-08-07,0.0,7.0,,0.0,True,False,True,False,p1_only_missing,False,10,14.0,True,False,False,True,True,True,False,True
2379,1236,Austria,2020-08-28,2020-09-04,0.0,7.0,,,True,True,True,True,both_missing,False,11,28.0,True,False,False,True,True,False,False,True
2380,1236,Austria,2020-09-04,2020-09-11,0.0,7.0,0.0,,False,True,True,False,p2_only_missing,False,12,7.0,True,True,False,True,True,False,False,True
2381,1236,Austria,2020-09-11,2020-09-18,0.0,7.0,0.0,0.0,False,False,False,False,both_available,False,13,7.0,True,True,False,True,True,True,False,True
2382,1236,Austria,2020-09-25,2020-10-02,0.0,7.0,,0.0,True,False,True,False,p1_only_missing,False,14,14.0,True,False,False,True,True,True,False,True
2383,1236,Austria,2020-10-09,2020-10-16,0.0,7.0,,0.0,True,False,True,False,p1_only_missing,False,15,14.0,True,False,False,True,True,True,False,True
2384,1236,Austria,2020-10-16,2020-10-23,0.0,7.0,0.0,,False,True,True,False,p2_only_missing,False,16,7.0,True,True,False,True,True,False,False,True
2385,1236,Austria,2020-10-23,2020-10-30,0.0,7.0,0.0,0.0,False,False,False,False,both_available,False,17,7.0,True,True,False,True,True,True,False,True
2386,1237,Austria,2020-05-01,2020-05-08,0.0,7.0,,,True,True,True,True,both_missing,False,1,,True,False,True,False,True,False,True,False
2387,1237,Austria,2020-05-08,2020-05-15,0.0,7.0,0.0,,False,True,True,False,p2_only_missing,False,2,7.0,True,True,False,True,True,False,True,True
2388,1237,Austria,2020-05-15,2020-05-22,0.0,7.0,0.0,0.0,False,False,False,False,both_available,False,3,7.0,True,True,False,True,True,True,False,True
2389,1237,Austria,2020-05-22,2020-05-29,0.0,7.0,0.0,0.0,False,False,False,False,both_available,False,4,7.0,True,True,False,True,True,True,False,True
2390,1237,Austria,2020-05-29,2020-06-05,0.0,7.0,0.0,0.0,False,False,False,False,both_available,False,5,7.0,True,True,False,True,True,True,False,True
2391,1237,Austria,2020-06-12,2020-06-19,0.0,7.0,,0.0,True,False,True,False,p1_only_missing,False,6,14.0,True,False,False,True,True,True,False,True
2392,1237,Austria,2020-06-19,2020-06-26,0.0,7.0,0.0,,False,True,True,False,p2_only_missing,False,7,7.0,True,True,False,True,True,False,False,True
2393,1237,Austria,2020-07-03,2020-07-10,0.0,7.0,,0.0,True,False,True,False,p1_only_missing,False,8,14.0,True,False,False,True,True,True,False,True
2394,1237,Austria,2020-07-10,2020-07-17,0.0,7.0,0.0,,False,True,True,False,p2_only_missing,False,9,7.0,True,True,False,True,True,False,False,True
2395,1237,Austria,2020-07-17,2020-07-24,0.0,7.0,0.0,0.0,False,False,False,False,both_available,False,10,7.0,True,True,False,True,True,True,False,True
2396,1237,Austria,2020-07-24,2020-07-30,0.0,6.0,0.0,0.0,False,False,False,False,both_available,False,11,6.0,True,True,False,True,True,True,False,True
2397,1237,Austria,2020-08-07,2020-08-14,0.0,7.0,,0.0,True,False,True,False,p1_only_missing,False,12,15.0,True,False,False,True,True,True,False,True
2398,1237,Austria,2020-09-04,2020-09-11,0.0,7.0,,,True,True,True,True,both_missing,False,13,28.0,True,False,False,True,True,False,False,True
2399,1237,Austria,2020-09-11,2020-09-17,0.0,6.0,0.0,,False,True,True,False,p2_only_missing,False,14,6.0,True,True,False,True,True,False,False,True
2400,1237,Austria,2020-10-02,2020-10-09,0.0,7.0,,,True,True,True,True,both_missing,False,15,22.0,True,False,False,True,True,False,False,True
2401,1237,Austria,2020-10-09,2020-10-16,0.0,7.0,0.0,,False,True,True,False,p2_only_missing,False,16,7.0,True,True,False,True,True,False,False,True
2402,1237,Austria,2020-10-16,2020-10-23,0.0,7.0,0.0,0.0,False,False,False,False,both_available,False,17,7.0,True,True,False,True,True,True,False,True
2403,1237,Austria,2020-10-23,2020-10-30,0.0,7.0,0.0,0.0,False,False,False,False,both_available,False,18,7.0,True,True,False,True,True,True,False,True
2404,1238,Austria,2020-05-01,2020-05-08,0.0,7.0,,,True,True,True,True,both_missing,False,1,,True,False,True,False,True,False,True,False
2405,1238,Austria,2020-05-08,2020-05-15,0.0,7.0,0.0,,False,True,True,False,p2_only_missing,False,2,7.0,True,True,False,True,True,False,True,True
2406,1238,Austria,2020-05-15,2020-05-22,0.0,7.0,0.0,0.0,False,False,False,False,both_available,False,3,7.0,True,True,False,True,True,True,False,True
2407,1238,Austria,2020-05-22,2020-05-29,0.0,7.0,0.0,0.0,False,False,False,False,both_available,False,4,7.0,True,True,False,True,True,True,False,True
2408,1238,Austria,2020-05-29,2020-06-05,0.0,7.0,0.0,0.0,False,False,False,False,both_available,False,5,7.0,True,True,False,True,True,True,False,True
2409,1238,Austria,2020-06-05,2020-06-12,0.0,7.0,0.0,0.0,False,False,False,False,both_available,False,6,7.0,True,True,False,True,True,True,False,True
2410,1238,Austria,2020-06-12,2020-06-19,0.0,7.0,0.0,0.0,False,False,False,False,both_available,False,7,7.0,True,True,False,True,True,True,False,True
2411,1238,Austria,2020-06-19,2020-06-26,0.0,7.0,0.0,0.0,False,False,False,False,both_available,False,8,7.0,True,True,False,True,True,True,False,True
2412,1238,Austria,2020-06-26,2020-07-03,0.0,7.0,0.0,0.0,False,False,False,False,both_available,False,9,7.0,True,True,False,True,True,True,False,True
2413,1238,Austria,2020-07-03,2020-07-10,0.0,7.0,0.0,0.0,False,False,False,False,both_available,False,10,7.0,True,True,False,True,True,True,False,True
2414,1238,Austria,2020-07-10,2020-07-17,0.0,7.0,0.0,0.0,False,False,False,False,both_available,False,11,7.0,True,True,False,True,True,True,False,True
2415,1238,Austria,2020-07-17,2020-07-24,0.0,7.0,0.0,0.0,False,False,False,False,both_available,False,12,7.0,True,True,False,True,True,True,False,True
2416,1238,Austria,2020-07-24,2020-07-30,0.0,6.0,0.0,0.0,False,False,False,False,both_available,False,13,6.0,True,True,False,True,True,True,False,True
2417,1238,Austria,2020-07-31,2020-08-07,0.0,7.0,0.0,0.0,False,False,False,False,both_available,False,14,8.0,True,True,False,True,True,True,False,True
2418,1238,Austria,2020-08-07,2020-08-14,0.0,7.0,0.0,0.0,False,False,False,False,both_available,False,15,7.0,True,True,False,True,True,True,False,True
2419,1238,Austria,2020-08-14,2020-08-22,0.0,8.0,0.0,0.0,False,False,False,False,both_available,False,16,8.0,True,True,False,True,True,True,False,True
2420,1238,Austria,2020-08-22,2020-08-28,0.0,6.0,0.0,0.0,False,False,False,False,both_available,False,17,6.0,True,True,False,True,True,True,False,True
2421,1238,Austria,2020-08-28,2020-09-04,0.0,7.0,0.0,0.0,False,False,False,False,both_available,False,18,7.0,True,True,False,True,True,True,False,True
2422,1238,Austria,2020-09-04,2020-09-11,0.0,7.0,0.0,0.0,False,False,False,False,both_available,False,19,7.0,True,True,False,True,True,True,False,True
2423,1238,Austria,2020-09-11,2020-09-17,0.0,6.0,0.0,0.0,False,False,False,False,both_available,False,20,6.0,True,True,False,True,True,True,False,True
2424,1238,Austria,2020-09-18,2020-09-25,0.0,7.0,0.0,0.0,False,False,False,False,both_available,False,21,8.0,True,True,False,True,True,True,False,True
2425,1238,Austria,2020-09-25,2020-10-02,0.0,7.0,0.0,0.0,False,False,False,False,both_available,False,22,7.0,True,True,False,True,True,True,False,True
2426,1238,Austria,2020-10-02,2020-10-09,0.0,7.0,0.0,0.0,False,False,False,False,both_available,False,23,7.0,True,True,False,True,True,True,False,True
2427,1238,Austria,2020-10-09,2020-10-16,0.0,7.0,0.0,0.0,False,False,False,False,both_available,False,24,7.0,True,True,False,True,True,True,False,True
2428,1238,Austria,2020-10-16,2020-10-23,0.0,7.0,0.0,0.0,False,False,False,False,both_available,False,25,7.0,True,True,False,True,True,True,False,True
2429,1238,Austria,2020-10-23,2020-10-30,0.0,7.0,0.0,0.0,False,False,False,False,both_available,False,26,7.0,True,True,False,True,True,True,False,True
2430,1239,Austria,2020-05-01,2020-05-08,0.0,7.0,,,True,True,True,True,both_missing,False,1,,True,False,True,False,True,False,True,False
2431,1239,Austria,2020-05-08,2020-05-15,0.0,7.0,0.0,,False,True,True,False,p2_only_missing,False,2,7.0,True,True,False,True,True,False,True,True
2432,1239,Austria,2020-05-15,2020-05-22,0.0,7.0,0.0,0.0,False,False,False,False,both_available,False,3,7.0,True,True,False,True,True,True,False,True
2433,1239,Austria,2020-05-22,2020-05-29,0.0,7.0,0.0,0.0,False,False,False,False,both_available,False,4,7.0,True,True,False,True,True,True,False,True
2434,1239,Austria,2020-05-29,2020-06-05,0.0,7.0,0.0,0.0,False,False,False,False,both_available,False,5,7.0,True,True,False,True,True,True,False,True
2435,1239,Austria,2020-09-25,2020-10-02,0.0,7.0,,,True,True,True,True,both_missing,False,6,119.0,True,False,False,True,True,False,False,True
2436,1239,Austria,2020-10-02,2020-10-09,0.0,7.0,0.0,,False,True,True,False,p2_only_missing,False,7,7.0,True,True,False,True,True,False,False,True
2437,1239,Austria,2020-10-09,2020-10-16,0.0,7.0,0.0,0.0,False,False,False,False,both_available,False,8,7.0,True,True,False,True,True,True,False,True
2438,1239,Austria,2020-10-16,2020-10-23,0.0,7.0,0.0,0.0,False,False,False,False,both_available,False,9,7.0,True,True,False,True,True,True,False,True
2439,1239,Austria,2020-10-23,2020-10-30,0.0,7.0,0.0,0.0,False,False,False,False,both_available,False,10,7.0,True,True,False,True,True,True,False,True
2440,1240,Austria,2020-05-01,2020-05-08,0.0,7.0,,,True,True,True,True,both_missing,False,1,,True,False,True,False,True,False,True,False
2441,1240,Austria,2020-05-08,2020-05-15,0.0,7.0,0.0,,False,True,True,False,p2_only_missing,False,2,7.0,True,True,False,True,True,False,True,True
2442,1240,Austria,2020-05-15,2020-05-22,0.0,7.0,0.0,0.0,False,False,False,False,both_available,False,3,7.0,True,True,False,True,True,True,False,True
2443,1240,Austria,2020-05-22,2020-05-29,0.0,7.0,0.0,0.0,False,False,False,False,both_available,False,4,7.0,True,True,False,True,True,True,False,True
2444,1240,Austria,2020-05-29,2020-06-05,0.0,7.0,0.0,0.0,False,False,False,False,both_available,False,5,7.0,True,True,False,True,True,True,False,True
2445,1240,Austria,2020-06-05,2020-06-12,0.0,7.0,0.0,0.0,False,False,False,False,both_available,False,6,7.0,True,True,False,True,True,True,False,True
2446,1240,Austria,2020-06-12,2020-06-19,0.0,7.0,0.0,0.0,False,False,False,False,both_available,False,7,7.0,True,True,False,True,True,True,False,True
2447,1240,Austria,2020-09-11,2020-09-17,0.0,6.0,,,True,True,True,True,both_missing,False,8,90.0,True,False,False,True,True,False,False,True
2448,1240,Austria,2020-10-09,2020-10-16,0.0,7.0,,,True,True,True,True,both_missing,False,9,29.0,True,False,False,True,True,False,False,True
2449,1240,Austria,2020-10-16,2020-10-23,0.0,7.0,0.0,,False,True,True,False,p2_only_missing,False,10,7.0,True,True,False,True,True,False,False,True
2450,1240,Austria,2020-10-23,2020-10-30,0.0,7.0,0.0,0.0,False,False,False,False,both_available,False,11,7.0,True,True,False,True,True,True,False,True
2451,1241,Austria,2020-05-01,2020-05-08,0.0,7.0,,,True,True,True,True,both_missing,False,1,,True,False,True,False,True,False,True,False
2452,1241,Austria,2020-05-08,2020-05-15,0.0,7.0,0.0,,False,True,True,False,p2_only_missing,False,2,7.0,True,True,False,True,True,False,True,True
2453,1241,Austria,2020-05-15,2020-05-22,0.0,7.0,0.0,0.0,False,False,False,False,both_available,False,3,7.0,True,True,False,True,True,True,False,True
2454,1241,Austria,2020-05-22,2020-05-29,0.0,7.0,0.0,0.0,False,False,False,False,both_available,False,4,7.0,True,True,False,True,True,True,False,True
2455,1241,Austria,2020-05-29,2020-06-05,0.0,7.0,0.0,0.0,False,False,False,False,both_available,False,5,7.0,True,True,False,True,True,True,False,True
2456,1241,Austria,2020-06-05,2020-06-12,0.0,7.0,0.0,0.0,False,False,False,False,both_available,False,6,7.0,True,True,False,True,True,True,False,True
2457,1241,Austria,2020-06-12,2020-06-19,0.0,7.0,0.0,0.0,False,False,False,False,both_available,False,7,7.0,True,True,False,True,True,True,False,True
2458,1241,Austria,2020-06-19,2020-06-26,0.0,7.0,0.0,0.0,False,False,False,False,both_available,False,8,7.0,True,True,False,True,True,True,False,True
2459,1241,Austria,2020-06-26,2020-07-03,0.0,7.0,0.0,0.0,False,False,False,False,both_available,False,9,7.0,True,True,False,True,True,True,False,True
2460,1241,Austria,2020-07-03,2020-07-10,0.0,7.0,0.0,0.0,False,False,False,False,both_available,False,10,7.0,True,True,False,True,True,True,False,True
2461,1241,Austria,2020-07-17,2020-07-24,0.0,7.0,,0.0,True,False,True,False,p1_only_missing,False,11,14.0,True,False,False,True,True,True,False,True
2462,1241,Austria,2020-07-24,2020-07-30,0.0,6.0,0.0,,False,True,True,False,p2_only_missing,False,12,6.0,True,True,False,True,True,False,False,True
2463,1241,Austria,2020-07-31,2020-08-07,0.0,7.0,0.0,0.0,False,False,False,False,both_available,False,13,8.0,True,True,False,True,True,True,False,True
2464,1241,Austria,2020-08-07,2020-08-14,0.0,7.0,0.0,0.0,False,False,False,False,both_available,False,14,7.0,True,True,False,True,True,True,False,True
2465,1241,Austria,2020-08-22,2020-08-28,0.0,6.0,,0.0,True,False,True,False,p1_only_missing,False,15,14.0,True,False,False,True,True,True,False,True
2466,1241,Austria,2020-08-28,2020-09-04,0.0,7.0,0.0,,False,True,True,False,p2_only_missing,False,16,7.0,True,True,False,True,True,False,False,True
2467,1241,Austria,2020-09-04,2020-09-11,0.0,7.0,0.0,0.0,False,False,False,False,both_available,False,17,7.0,True,True,False,True,True,True,False,True
2468,1241,Austria,2020-09-11,2020-09-17,0.0,6.0,0.0,0.0,False,False,False,False,both_available,False,18,6.0,True,True,False,True,True,True,False,True
2469,1241,Austria,2020-09-18,2020-09-25,0.0,7.0,0.0,0.0,False,False,False,False,both_available,False,19,8.0,True,True,False,True,True,True,False,True
2470,1241,Austria,2020-09-25,2020-10-02,0.0,7.0,0.0,0.0,False,False,False,False,both_available,False,20,7.0,True,True,False,True,True,True,False,True
2471,1241,Austria,2020-10-02,2020-10-09,0.0,7.0,0.0,0.0,False,False,False,False,both_available,False,21,7.0,True,True,False,True,True,True,False,True
2472,1241,Austria,2020-10-09,2020-10-16,0.0,7.0,0.0,0.0,False,False,False,False,both_available,False,22,7.0,True,True,False,True,True,True,False,True
2473,1241,Austria,2020-10-16,2020-10-23,0.0,7.0,0.0,0.0,False,False,False,False,both_available,False,23,7.0,True,True,False,True,True,True,False,True
2474,1241,Austria,2020-10-23,2020-10-30,0.0,7.0,0.0,0.0,False,False,False,False,both_available,False,24,7.0,True,True,False,True,True,True,False,True
2475,1242,Austria,2020-04-30,2020-05-08,0.0,8.0,,,True,True,True,True,both_missing,False,1,,True,False,True,False,True,False,True,False
2476,1242,Austria,2020-05-08,2020-05-15,0.0,7.0,0.0,,False,True,True,False,p2_only_missing,False,2,7.0,True,True,False,True,True,False,True,True
2477,1242,Austria,2020-05-15,2020-05-22,0.0,7.0,0.0,0.0,False,False,False,False,both_available,False,3,7.0,True,True,False,True,True,True,False,True
2478,1242,Austria,2020-06-05,2020-06-12,0.0,7.0,,,True,True,True,True,both_missing,False,4,21.0,True,False,False,True,True,False,False,True
2479,1242,Austria,2020-06-12,2020-06-19,0.0,7.0,0.0,,False,True,True,False,p2_only_missing,False,5,7.0,True,True,False,True,True,False,False,True
2480,1242,Austria,2020-06-26,2020-07-03,0.0,7.0,,0.0,True,False,True,False,p1_only_missing,False,6,14.0,True,False,False,True,True,True,False,True
2481,1242,Austria,2020-07-03,2020-07-09,0.0,6.0,0.0,,False,True,True,False,p2_only_missing,False,7,6.0,True,True,False,True,True,False,False,True
2482,1242,Austria,2020-07-09,2020-07-17,0.0,8.0,0.0,0.0,False,False,False,False,both_available,False,8,8.0,True,True,False,True,True,True,False,True
2483,1242,Austria,2020-08-22,2020-08-28,0.0,6.0,,,True,True,True,True,both_missing,False,9,42.0,True,False,False,True,True,False,False,True
2484,1242,Austria,2020-08-28,2020-09-04,0.0,7.0,0.0,,False,True,True,False,p2_only_missing,False,10,7.0,True,True,False,True,True,False,False,True
2485,1242,Austria,2020-09-04,2020-09-11,0.0,7.0,0.0,0.0,False,False,False,False,both_available,False,11,7.0,True,True,False,True,True,True,False,True
2486,1242,Austria,2020-09-11,2020-09-18,0.0,7.0,0.0,0.0,False,False,False,False,both_available,False,12,7.0,True,True,False,True,True,True,False,True
2487,1242,Austria,2020-09-18,2020-09-25,0.0,7.0,0.0,0.0,False,False,False,False,both_available,False,13,7.0,True,True,False,True,True,True,False,True
2488,1242,Austria,2020-09-25,2020-10-02,0.0,7.0,0.0,0.0,False,False,False,False,both_available,False,14,7.0,True,True,False,True,True,True,False,True
2489,1242,Austria,2020-10-02,2020-10-09,0.0,7.0,0.0,0.0,False,False,False,False,both_available,False,15,7.0,True,True,False,True,True,True,False,True
2490,1242,Austria,2020-10-09,2020-10-16,0.0,7.0,0.0,0.0,False,False,False,False,both_available,False,16,7.0,True,True,False,True,True,True,False,True
2491,1242,Austria,2020-10-23,2020-10-30,0.0,7.0,,0.0,True,False,True,False,p1_only_missing,False,17,14.0,True,False,False,True,True,True,False,True
2492,1243,Austria,2020-04-30,2020-05-08,0.0,8.0,,,True,True,True,True,both_missing,False,1,,True,False,True,False,True,False,True,False
2493,1243,Austria,2020-05-08,2020-05-15,0.0,7.0,0.0,,False,True,True,False,p2_only_missing,False,2,7.0,True,True,False,True,True,False,True,True
2494,1243,Austria,2020-06-05,2020-06-12,0.0,7.0,,,True,True,True,True,both_missing,False,3,28.0,True,False,False,True,True,False,False,True
2495,1243,Austria,2020-06-19,2020-06-26,0.0,7.0,,0.0,True,False,True,False,p1_only_missing,False,4,14.0,True,False,False,True,True,True,False,True
2496,1243,Austria,2020-07-09,2020-07-17,0.0,8.0,,,True,True,True,True,both_missing,False,5,21.0,True,False,False,True,True,False,False,True
2497,1243,Austria,2020-08-07,2020-08-14,0.0,7.0,,,True,True,True,True,both_missing,False,6,28.0,True,False,False,True,True,False,False,True
2498,1243,Austria,2020-08-22,2020-08-28,0.0,6.0,,0.0,True,False,True,False,p1_only_missing,False,7,14.0,True,False,False,True,True,True,False,True
2499,1243,Austria,2020-09-18,2020-09-25,0.0,7.0,,,True,True,True,True,both_missing,False,8,28.0,True,False,False,True,True,False,False,True
2500,1243,Austria,2020-09-25,2020-10-02,0.0,7.0,0.0,,False,True,True,False,p2_only_missing,False,9,7.0,True,True,False,True,True,False,False,True
2501,1243,Austria,2020-10-02,2020-10-09,0.0,7.0,0.0,0.0,False,False,False,False,both_available,False,10,7.0,True,True,False,True,True,True,False,True
2502,1243,Austria,2020-10-09,2020-10-16,0.0,7.0,0.0,0.0,False,False,False,False,both_available,False,11,7.0,True,True,False,True,True,True,False,True
2503,1243,Austria,2020-10-16,2020-10-23,0.0,7.0,0.0,0.0,False,False,False,False,both_available,False,12,7.0,True,True,False,True,True,True,False,True
2504,1243,Austria,2020-10-23,2020-10-30,0.0,7.0,0.0,0.0,False,False,False,False,both_available,False,13,7.0,True,True,False,True,True,True,False,True
2505,1244,Austria,2020-04-30,2020-05-08,0.0,8.0,,,True,True,True,True,both_missing,False,1,,True,False,True,False,True,False,True,False
2506,1244,Austria,2020-05-08,2020-05-15,0.0,7.0,0.0,,False,True,True,False,p2_only_missing,False,2,7.0,True,True,False,True,True,False,True,True
2507,1244,Austria,2020-05-15,2020-05-22,0.0,7.0,0.0,0.0,False,False,False,False,both_available,False,3,7.0,True,True,False,True,True,True,False,True
2508,1244,Austria,2020-05-22,2020-05-29,0.0,7.0,0.0,0.0,False,False,False,False,both_available,False,4,7.0,True,True,False,True,True,True,False,True
2509,1244,Austria,2020-05-29,2020-06-05,0.0,7.0,0.0,0.0,False,False,False,False,both_available,False,5,7.0,True,True,False,True,True,True,False,True
2510,1244,Austria,2020-06-05,2020-06-12,0.0,7.0,0.0,0.0,False,False,False,False,both_available,False,6,7.0,True,True,False,True,True,True,False,True
2511,1244,Austria,2020-06-12,2020-06-19,0.0,7.0,0.0,0.0,False,False,False,False,both_available,False,7,7.0,True,True,False,True,True,True,False,True
2512,1244,Austria,2020-06-19,2020-06-26,0.0,7.0,0.0,0.0,False,False,False,False,both_available,False,8,7.0,True,True,False,True,True,True,False,True
2513,1244,Austria,2020-06-26,2020-07-03,0.0,7.0,0.0,0.0,False,False,False,False,both_available,False,9,7.0,True,True,False,True,True,True,False,True
2514,1244,Austria,2020-07-03,2020-07-09,0.0,6.0,0.0,0.0,False,False,False,False,both_available,False,10,6.0,True,True,False,True,True,True,False,True
2515,1244,Austria,2020-07-09,2020-07-17,0.0,8.0,0.0,0.0,False,False,False,False,both_available,False,11,8.0,True,True,False,True,True,True,False,True
2516,1244,Austria,2020-07-17,2020-07-24,0.0,7.0,0.0,0.0,False,False,False,False,both_available,False,12,7.0,True,True,False,True,True,True,False,True
2517,1244,Austria,2020-07-24,2020-07-31,0.0,7.0,0.0,0.0,False,False,False,False,both_available,False,13,7.0,True,True,False,True,True,True,False,True
2518,1244,Austria,2020-07-31,2020-08-07,0.0,7.0,0.0,0.0,False,False,False,False,both_available,False,14,7.0,True,True,False,True,True,True,False,True
2519,1244,Austria,2020-08-07,2020-08-14,0.0,7.0,0.0,0.0,False,False,False,False,both_available,False,15,7.0,True,True,False,True,True,True,False,True
2520,1244,Austria,2020-08-14,2020-08-22,0.0,8.0,0.0,0.0,False,False,False,False,both_available,False,16,8.0,True,True,False,True,True,True,False,True
2521,1244,Austria,2020-08-22,2020-08-28,0.0,6.0,0.0,0.0,False,False,False,False,both_available,False,17,6.0,True,True,False,True,True,True,False,True
2522,1244,Austria,2020-08-28,2020-09-04,0.0,7.0,0.0,0.0,False,False,False,False,both_available,False,18,7.0,True,True,False,True,True,True,False,True
2523,1244,Austria,2020-09-04,2020-09-11,0.0,7.0,0.0,0.0,False,False,False,False,both_available,False,19,7.0,True,True,False,True,True,True,False,True
2524,1244,Austria,2020-09-11,2020-09-18,0.0,7.0,0.0,0.0,False,False,False,False,both_available,False,20,7.0,True,True,False,True,True,True,False,True
2525,1244,Austria,2020-09-18,2020-09-25,0.0,7.0,0.0,0.0,False,False,False,False,both_available,False,21,7.0,True,True,False,True,True,True,False,True
2526,1244,Austria,2020-09-25,2020-10-02,0.0,7.0,0.0,0.0,False,False,False,False,both_available,False,22,7.0,True,True,False,True,True,True,False,True
2527,1244,Austria,2020-10-02,2020-10-09,0.0,7.0,0.0,0.0,False,False,False,False,both_available,False,23,7.0,True,True,False,True,True,True,False,True
2528,1244,Austria,2020-10-09,2020-10-16,0.0,7.0,0.0,0.0,False,False,False,False,both_available,False,24,7.0,True,True,False,True,True,True,False,True
2529,1244,Austria,2020-10-16,2020-10-23,0.0,7.0,0.0,0.0,False,False,False,False,both_available,False,25,7.0,True,True,False,True,True,True,False,True
2530,1244,Austria,2020-10-23,2020-10-30,0.0,7.0,0.0,0.0,False,False,False,False,both_available,False,26,7.0,True,True,False,True,True,True,False,True
2531,1245,Austria,2020-04-30,2020-05-08,0.0,8.0,,,True,True,True,True,both_missing,False,1,,True,False,True,False,True,False,True,False
2532,1245,Austria,2020-05-08,2020-05-15,0.0,7.0,0.0,,False,True,True,False,p2_only_missing,False,2,7.0,True,True,False,True,True,False,True,True
2533,1245,Austria,2020-05-15,2020-05-22,0.0,7.0,0.0,0.0,False,False,False,False,both_available,False,3,7.0,True,True,False,True,True,True,False,True
2534,1245,Austria,2020-05-22,2020-05-29,0.0,7.0,0.0,0.0,False,False,False,False,both_available,False,4,7.0,True,True,False,True,True,True,False,True
2535,1245,Austria,2020-05-29,2020-06-05,0.0,7.0,0.0,0.0,False,False,False,False,both_available,False,5,7.0,True,True,False,True,True,True,False,True
2536,1245,Austria,2020-06-05,2020-06-12,0.0,7.0,0.0,0.0,False,False,False,False,both_available,False,6,7.0,True,True,False,True,True,True,False,True
2537,1245,Austria,2020-06-12,2020-06-19,0.0,7.0,0.0,0.0,False,False,False,False,both_available,False,7,7.0,True,True,False,True,True,True,False,True
2538,1245,Austria,2020-07-03,2020-07-09,0.0,6.0,,,True,True,True,True,both_missing,False,8,20.0,True,False,False,True,True,False,False,True
2539,1245,Austria,2020-07-17,2020-07-24,0.0,7.0,,0.0,True,False,True,False,p1_only_missing,False,9,15.0,True,False,False,True,True,True,False,True
2540,1245,Austria,2020-07-31,2020-08-07,0.0,7.0,,0.0,True,False,True,False,p1_only_missing,False,10,14.0,True,False,False,True,True,True,False,True
2541,1245,Austria,2020-08-07,2020-08-14,0.0,7.0,0.0,,False,True,True,False,p2_only_missing,False,11,7.0,True,True,False,True,True,False,False,True
2542,1245,Austria,2020-08-14,2020-08-22,0.0,8.0,0.0,0.0,False,False,False,False,both_available,False,12,8.0,True,True,False,True,True,True,False,True
2543,1245,Austria,2020-08-22,2020-08-28,0.0,6.0,0.0,0.0,False,False,False,False,both_available,False,13,6.0,True,True,False,True,True,True,False,True
2544,1245,Austria,2020-08-28,2020-09-04,0.0,7.0,0.0,0.0,False,False,False,False,both_available,False,14,7.0,True,True,False,True,True,True,False,True
2545,1245,Austria,2020-09-04,2020-09-11,0.0,7.0,0.0,0.0,False,False,False,False,both_available,False,15,7.0,True,True,False,True,True,True,False,True
2546,1245,Austria,2020-09-11,2020-09-18,0.0,7.0,0.0,0.0,False,False,False,False,both_available,False,16,7.0,True,True,False,True,True,True,False,True
2547,1245,Austria,2020-09-25,2020-10-02,0.0,7.0,,0.0,True,False,True,False,p1_only_missing,False,17,14.0,True,False,False,True,True,True,False,True
2548,1245,Austria,2020-10-02,2020-10-09,0.0,7.0,0.0,,False,True,True,False,p2_only_missing,False,18,7.0,True,True,False,True,True,False,False,True
2549,1245,Austria,2020-10-09,2020-10-16,0.0,7.0,0.0,0.0,False,False,False,False,both_available,False,19,7.0,True,True,False,True,True,True,False,True
2550,1245,Austria,2020-10-16,2020-10-23,0.0,7.0,0.0,0.0,False,False,False,False,both_available,False,20,7.0,True,True,False,True,True,True,False,True
2551,1245,Austria,2020-10-23,2020-10-30,0.0,7.0,0.0,0.0,False,False,False,False,both_available,False,21,7.0,True,True,False,True,True,True,False,True
2552,1246,Austria,2020-04-30,2020-05-08,0.0,8.0,,,True,True,True,True,both_missing,False,1,,True,False,True,False,True,False,True,False
2553,1246,Austria,2020-05-08,2020-05-15,0.0,7.0,0.0,,False,True,True,False,p2_only_missing,False,2,7.0,True,True,False,True,True,False,True,True
2554,1246,Austria,2020-05-15,2020-05-22,0.0,7.0,0.0,0.0,False,False,False,False,both_available,False,3,7.0,True,True,False,True,True,True,False,True
2555,1246,Austria,2020-05-22,2020-05-29,0.0,7.0,0.0,0.0,False,False,False,False,both_available,False,4,7.0,True,True,False,True,True,True,False,True
2556,1246,Austria,2020-05-29,2020-06-05,0.0,7.0,0.0,0.0,False,False,False,False,both_available,False,5,7.0,True,True,False,True,True,True,False,True
2557,1246,Austria,2020-06-05,2020-06-12,0.0,7.0,0.0,0.0,False,False,False,False,both_available,False,6,7.0,True,True,False,True,True,True,False,True
2558,1246,Austria,2020-06-12,2020-06-19,0.0,7.0,0.0,0.0,False,False,False,False,both_available,False,7,7.0,True,True,False,True,True,True,False,True
2559,1246,Austria,2020-06-19,2020-06-26,0.0,7.0,0.0,0.0,False,False,False,False,both_available,False,8,7.0,True,True,False,True,True,True,False,True
2560,1246,Austria,2020-06-26,2020-07-03,0.0,7.0,0.0,0.0,False,False,False,False,both_available,False,9,7.0,True,True,False,True,True,True,False,True
2561,1246,Austria,2020-07-03,2020-07-09,0.0,6.0,0.0,0.0,False,False,False,False,both_available,False,10,6.0,True,True,False,True,True,True,False,True
2562,1246,Austria,2020-07-17,2020-07-24,0.0,7.0,,0.0,True,False,True,False,p1_only_missing,False,11,15.0,True,False,False,True,True,True,False,True
2563,1246,Austria,2020-07-24,2020-07-31,0.0,7.0,0.0,,False,True,True,False,p2_only_missing,False,12,7.0,True,True,False,True,True,False,False,True
2564,1246,Austria,2020-07-31,2020-08-07,0.0,7.0,0.0,0.0,False,False,False,False,both_available,False,13,7.0,True,True,False,True,True,True,False,True
2565,1246,Austria,2020-08-07,2020-08-14,0.0,7.0,0.0,0.0,False,False,False,False,both_available,False,14,7.0,True,True,False,True,True,True,False,True
2566,1246,Austria,2020-08-14,2020-08-22,0.0,8.0,0.0,0.0,False,False,False,False,both_available,False,15,8.0,True,True,False,True,True,True,False,True
2567,1246,Austria,2020-08-22,2020-08-28,0.0,6.0,0.0,0.0,False,False,False,False,both_available,False,16,6.0,True,True,False,True,True,True,False,True
2568,1246,Austria,2020-08-28,2020-09-04,0.0,7.0,0.0,0.0,False,False,False,False,both_available,False,17,7.0,True,True,False,True,True,True,False,True
2569,1246,Austria,2020-09-04,2020-09-11,0.0,7.0,0.0,0.0,False,False,False,False,both_available,False,18,7.0,True,True,False,True,True,True,False,True
2570,1246,Austria,2020-09-11,2020-09-18,0.0,7.0,0.0,0.0,False,False,False,False,both_available,False,19,7.0,True,True,False,True,True,True,False,True
2571,1246,Austria,2020-09-18,2020-09-25,0.0,7.0,0.0,0.0,False,False,False,False,both_available,False,20,7.0,True,True,False,True,True,True,False,True
2572,1246,Austria,2020-09-25,2020-10-02,0.0,7.0,0.0,0.0,False,False,False,False,both_available,False,21,7.0,True,True,False,True,True,True,False,True
2573,1246,Austria,2020-10-02,2020-10-09,0.0,7.0,0.0,0.0,False,False,False,False,both_available,False,22,7.0,True,True,False,True,True,True,False,True
2574,1246,Austria,2020-10-09,2020-10-16,0.0,7.0,0.0,0.0,False,False,False,False,both_available,False,23,7.0,True,True,False,True,True,True,False,True
2575,1246,Austria,2020-10-16,2020-10-23,0.0,7.0,0.0,0.0,False,False,False,False,both_available,False,24,7.0,True,True,False,True,True,True,False,True
2576,1246,Austria,2020-10-23,2020-10-30,0.0,7.0,0.0,0.0,False,False,False,False,both_available,False,25,7.0,True,True,False,True,True,True,False,True
2577,1247,Austria,2020-05-01,2020-05-08,0.0,7.0,,,True,True,True,True,both_missing,False,1,,True,False,True,False,True,False,True,False
2578,1247,Austria,2020-05-08,2020-05-15,0.0,7.0,0.0,,False,True,True,False,p2_only_missing,False,2,7.0,True,True,False,True,True,False,True,True
2579,1247,Austria,2020-06-07,2020-06-14,0.0,7.0,,,True,True,True,True,both_missing,False,3,30.0,True,False,False,True,True,False,False,True
2580,1247,Austria,2020-06-14,2020-06-21,0.0,7.0,0.0,,False,True,True,False,p2_only_missing,False,4,7.0,True,True,False,True,True,False,False,True
2581,1247,Austria,2020-06-29,2020-07-06,0.0,7.0,,0.0,True,False,True,False,p1_only_missing,False,5,15.0,True,False,False,True,True,True,False,True
2582,1247,Austria,2020-07-26,2020-08-03,0.0,8.0,,,True,True,True,True,both_missing,False,6,28.0,True,False,False,True,True,False,False,True
2583,1247,Austria,2020-09-21,2020-09-28,0.0,7.0,,,True,True,True,True,both_missing,False,7,56.0,True,False,False,True,True,False,False,True
2584,1247,Austria,2020-09-28,2020-10-05,0.0,7.0,0.0,,False,True,True,False,p2_only_missing,False,8,7.0,True,True,False,True,True,False,False,True
2585,1247,Austria,2020-10-05,2020-10-12,0.0,7.0,0.0,0.0,False,False,False,False,both_available,False,9,7.0,True,True,False,True,True,True,False,True
2586,1247,Austria,2020-10-12,2020-10-19,0.0,7.0,0.0,0.0,False,False,False,False,both_available,False,10,7.0,True,True,False,True,True,True,False,True
2587,1247,Austria,2020-10-19,2020-10-26,0.0,7.0,0.0,0.0,False,False,False,False,both_available,False,11,7.0,True,True,False,True,True,True,False,True
2588,1248,Austria,2020-05-01,2020-05-08,0.0,7.0,,,True,True,True,True,both_missing,False,1,,True,False,True,False,True,False,True,False
2589,1248,Austria,2020-10-12,2020-10-19,0.0,7.0,,,True,True,True,True,both_missing,False,2,164.0,True,False,False,True,True,False,False,True
2590,1248,Austria,2020-10-19,2020-10-26,0.0,7.0,0.0,,False,True,True,False,p2_only_missing,False,3,7.0,True,True,False,True,True,False,False,True
2591,1248,Austria,2020-10-26,2020-11-02,0.0,7.0,0.0,0.0,False,False,False,False,both_available,False,4,7.0,True,True,False,True,True,True,False,True
2592,1249,Austria,2020-05-01,2020-05-08,0.0,7.0,,,True,True,True,True,both_missing,False,1,,True,False,True,False,True,False,True,False
2593,1249,Austria,2020-07-12,2020-07-19,0.0,7.0,,,True,True,True,True,both_missing,False,2,72.0,True,False,False,True,True,False,False,True
2594,1249,Austria,2020-10-12,2020-10-19,0.0,7.0,,,True,True,True,True,both_missing,False,3,92.0,True,False,False,True,True,False,False,True
2595,1249,Austria,2020-10-26,2020-11-02,0.0,7.0,,0.0,True,False,True,False,p1_only_missing,False,4,14.0,True,False,False,True,True,True,False,True
2596,1250,Austria,2020-05-01,2020-05-08,0.0,7.0,,,True,True,True,True,both_missing,False,1,,True,False,True,False,True,False,True,False
2597,1250,Austria,2020-05-08,2020-05-15,0.0,7.0,0.0,,False,True,True,False,p2_only_missing,False,2,7.0,True,True,False,True,True,False,True,True
2598,1250,Austria,2020-06-07,2020-06-14,0.0,7.0,,,True,True,True,True,both_missing,False,3,30.0,True,False,False,True,True,False,False,True
2599,1250,Austria,2020-06-21,2020-06-29,0.0,8.0,,0.0,True,False,True,False,p1_only_missing,False,4,15.0,True,False,False,True,True,True,False,True
2600,1250,Austria,2020-09-21,2020-09-28,0.0,7.0,,,True,True,True,True,both_missing,False,5,91.0,True,False,False,True,True,False,False,True
2601,1250,Austria,2020-10-05,2020-10-12,0.0,7.0,,0.0,True,False,True,False,p1_only_missing,False,6,14.0,True,False,False,True,True,True,False,True
2602,1250,Austria,2020-10-12,2020-10-19,0.0,7.0,0.0,,False,True,True,False,p2_only_missing,False,7,7.0,True,True,False,True,True,False,False,True
2603,1250,Austria,2020-10-19,2020-10-26,0.0,7.0,0.0,0.0,False,False,False,False,both_available,False,8,7.0,True,True,False,True,True,True,False,True
2604,1250,Austria,2020-10-26,2020-11-02,0.0,7.0,0.0,0.0,False,False,False,False,both_available,False,9,7.0,True,True,False,True,True,True,False,True
2605,1251,Austria,2020-05-01,2020-05-08,0.0,7.0,,,True,True,True,True,both_missing,False,1,,True,False,True,False,True,False,True,False
2606,1251,Austria,2020-10-12,2020-10-19,0.0,7.0,,,True,True,True,True,both_missing,False,2,164.0,True,False,False,True,True,False,False,True
2607,1251,Austria,2020-10-19,2020-10-26,0.0,7.0,0.0,,False,True,True,False,p2_only_missing,False,3,7.0,True,True,False,True,True,False,False,True
2608,1251,Austria,2020-10-26,2020-11-02,0.0,7.0,0.0,0.0,False,False,False,False,both_available,False,4,7.0,True,True,False,True,True,True,False,True
2609,1252,Austria,2020-05-01,2020-05-08,0.0,7.0,,,True,True,True,True,both_missing,False,1,,True,False,True,False,True,False,True,False
2610,1252,Austria,2020-05-08,2020-05-15,0.0,7.0,0.0,,False,True,True,False,p2_only_missing,False,2,7.0,True,True,False,True,True,False,True,True
2611,1252,Austria,2020-05-22,2020-05-29,0.0,7.0,,0.0,True,False,True,False,p1_only_missing,False,3,14.0,True,False,False,True,True,True,False,True
2612,1252,Austria,2020-05-29,2020-06-05,0.0,7.0,0.0,,False,True,True,False,p2_only_missing,False,4,7.0,True,True,False,True,True,False,False,True
2613,1252,Austria,2020-06-05,2020-06-12,0.0,7.0,0.0,0.0,False,False,False,False,both_available,False,5,7.0,True,True,False,True,True,True,False,True
2614,1252,Austria,2020-07-09,2020-07-17,0.0,8.0,,,True,True,True,True,both_missing,False,6,35.0,True,False,False,True,True,False,False,True
2615,1252,Austria,2020-07-17,2020-07-24,0.0,7.0,0.0,,False,True,True,False,p2_only_missing,False,7,7.0,True,True,False,True,True,False,False,True
2616,1252,Austria,2020-09-25,2020-10-02,0.0,7.0,,,True,True,True,True,both_missing,False,8,70.0,True,False,False,True,True,False,False,True
2617,1252,Austria,2020-10-02,2020-10-09,0.0,7.0,0.0,,False,True,True,False,p2_only_missing,False,9,7.0,True,True,False,True,True,False,False,True
2618,1252,Austria,2020-10-09,2020-10-16,0.0,7.0,0.0,0.0,False,False,False,False,both_available,False,10,7.0,True,True,False,True,True,True,False,True
2619,1252,Austria,2020-10-16,2020-10-23,0.0,7.0,0.0,0.0,False,False,False,False,both_available,False,11,7.0,True,True,False,True,True,True,False,True
2620,1252,Austria,2020-10-23,2020-10-30,0.0,7.0,0.0,0.0,False,False,False,False,both_available,False,12,7.0,True,True,False,True,True,True,False,True
2621,1253,Austria,2020-05-01,2020-05-08,0.0,7.0,,,True,True,True,True,both_missing,False,1,,True,False,True,False,True,False,True,False
2622,1253,Austria,2020-05-08,2020-05-15,0.0,7.0,0.0,,False,True,True,False,p2_only_missing,False,2,7.0,True,True,False,True,True,False,True,True
2623,1253,Austria,2020-05-15,2020-05-22,0.0,7.0,0.0,0.0,False,False,False,False,both_available,False,3,7.0,True,True,False,True,True,True,False,True
2624,1253,Austria,2020-05-22,2020-05-29,0.0,7.0,0.0,0.0,False,False,False,False,both_available,False,4,7.0,True,True,False,True,True,True,False,True
2625,1253,Austria,2020-05-29,2020-06-05,0.0,7.0,0.0,0.0,False,False,False,False,both_available,False,5,7.0,True,True,False,True,True,True,False,True
2626,1253,Austria,2020-06-05,2020-06-12,0.0,7.0,0.0,0.0,False,False,False,False,both_available,False,6,7.0,True,True,False,True,True,True,False,True
2627,1253,Austria,2020-06-12,2020-06-19,0.0,7.0,0.0,0.0,False,False,False,False,both_available,False,7,7.0,True,True,False,True,True,True,False,True
2628,1253,Austria,2020-06-19,2020-06-26,0.0,7.0,0.0,0.0,False,False,False,False,both_available,False,8,7.0,True,True,False,True,True,True,False,True
2629,1253,Austria,2020-06-26,2020-07-03,0.0,7.0,0.0,0.0,False,False,False,False,both_available,False,9,7.0,True,True,False,True,True,True,False,True
2630,1253,Austria,2020-07-09,2020-07-17,0.0,8.0,,0.0,True,False,True,False,p1_only_missing,False,10,14.0,True,False,False,True,True,True,False,True
2631,1253,Austria,2020-07-24,2020-07-31,0.0,7.0,,0.0,True,False,True,False,p1_only_missing,False,11,14.0,True,False,False,True,True,True,False,True
2632,1253,Austria,2020-08-07,2020-08-14,0.0,7.0,,0.0,True,False,True,False,p1_only_missing,False,12,14.0,True,False,False,True,True,True,False,True
2633,1253,Austria,2020-08-14,2020-08-22,0.0,8.0,0.0,,False,True,True,False,p2_only_missing,False,13,8.0,True,True,False,True,True,False,False,True
2634,1253,Austria,2020-08-28,2020-09-04,0.0,7.0,,0.0,True,False,True,False,p1_only_missing,False,14,13.0,True,False,False,True,True,True,False,True
2635,1253,Austria,2020-09-25,2020-10-02,0.0,7.0,,,True,True,True,True,both_missing,False,15,28.0,True,False,False,True,True,False,False,True
2636,1253,Austria,2020-10-02,2020-10-09,0.0,7.0,0.0,,False,True,True,False,p2_only_missing,False,16,7.0,True,True,False,True,True,False,False,True
2637,1253,Austria,2020-10-09,2020-10-16,0.0,7.0,0.0,0.0,False,False,False,False,both_available,False,17,7.0,True,True,False,True,True,True,False,True
2638,1253,Austria,2020-10-16,2020-10-23,0.0,7.0,0.0,0.0,False,False,False,False,both_available,False,18,7.0,True,True,False,True,True,True,False,True
2639,1253,Austria,2020-10-23,2020-10-30,0.0,7.0,0.0,0.0,False,False,False,False,both_available,False,19,7.0,True,True,False,True,True,True,False,True
2640,1254,Austria,2020-05-01,2020-05-08,0.0,7.0,,,True,True,True,True,both_missing,False,1,,True,False,True,False,True,False,True,False
2641,1254,Austria,2020-05-08,2020-05-15,0.0,7.0,0.0,,False,True,True,False,p2_only_missing,False,2,7.0,True,True,False,True,True,False,True,True
2642,1254,Austria,2020-05-15,2020-05-22,0.0,7.0,0.0,0.0,False,False,False,False,both_available,False,3,7.0,True,True,False,True,True,True,False,True
2643,1254,Austria,2020-05-22,2020-05-29,0.0,7.0,0.0,0.0,False,False,False,False,both_available,False,4,7.0,True,True,False,True,True,True,False,True
2644,1254,Austria,2020-06-26,2020-07-03,0.0,7.0,,,True,True,True,True,both_missing,False,5,35.0,True,False,False,True,True,False,False,True
2645,1254,Austria,2020-09-25,2020-10-02,0.0,7.0,,,True,True,True,True,both_missing,False,6,91.0,True,False,False,True,True,False,False,True
2646,1254,Austria,2020-10-16,2020-10-23,0.0,7.0,,,True,True,True,True,both_missing,False,7,21.0,True,False,False,True,True,False,False,True
2647,1254,Austria,2020-10-23,2020-10-30,0.0,7.0,0.0,,False,True,True,False,p2_only_missing,False,8,7.0,True,True,False,True,True,False,False,True
2648,1255,Austria,2020-05-01,2020-05-08,0.0,7.0,,,True,True,True,True,both_missing,False,1,,True,False,True,False,True,False,True,False
2649,1255,Austria,2020-05-08,2020-05-15,0.0,7.0,0.0,,False,True,True,False,p2_only_missing,False,2,7.0,True,True,False,True,True,False,True,True
2650,1255,Austria,2020-05-15,2020-05-22,0.0,7.0,0.0,0.0,False,False,False,False,both_available,False,3,7.0,True,True,False,True,True,True,False,True
2651,1255,Austria,2020-05-22,2020-05-29,0.0,7.0,0.0,0.0,False,False,False,False,both_available,False,4,7.0,True,True,False,True,True,True,False,True
2652,1255,Austria,2020-05-29,2020-06-05,0.0,7.0,0.0,0.0,False,False,False,False,both_available,False,5,7.0,True,True,False,True,True,True,False,True
2653,1255,Austria,2020-06-05,2020-06-12,0.0,7.0,0.0,0.0,False,False,False,False,both_available,False,6,7.0,True,True,False,True,True,True,False,True
2654,1255,Austria,2020-06-12,2020-06-19,0.0,7.0,0.0,0.0,False,False,False,False,both_available,False,7,7.0,True,True,False,True,True,True,False,True
2655,1255,Austria,2020-06-19,2020-06-26,0.0,7.0,0.0,0.0,False,False,False,False,both_available,False,8,7.0,True,True,False,True,True,True,False,True
2656,1255,Austria,2020-06-26,2020-07-03,0.0,7.0,0.0,0.0,False,False,False,False,both_available,False,9,7.0,True,True,False,True,True,True,False,True
2657,1255,Austria,2020-07-03,2020-07-09,0.0,6.0,0.0,0.0,False,False,False,False,both_available,False,10,6.0,True,True,False,True,True,True,False,True
2658,1255,Austria,2020-07-09,2020-07-17,0.0,8.0,0.0,0.0,False,False,False,False,both_available,False,11,8.0,True,True,False,True,True,True,False,True
2659,1255,Austria,2020-09-25,2020-10-02,0.0,7.0,,,True,True,True,True,both_missing,False,12,77.0,True,False,False,True,True,False,False,True
2660,1255,Austria,2020-10-09,2020-10-16,0.0,7.0,,0.0,True,False,True,False,p1_only_missing,False,13,14.0,True,False,False,True,True,True,False,True
2661,1255,Austria,2020-10-16,2020-10-23,0.0,7.0,0.0,,False,True,True,False,p2_only_missing,False,14,7.0,True,True,False,True,True,False,False,True
2662,1255,Austria,2020-10-23,2020-10-30,0.0,7.0,0.0,0.0,False,False,False,False,both_available,False,15,7.0,True,True,False,True,True,True,False,True
2663,1256,Austria,2020-05-01,2020-05-08,0.0,7.0,,,True,True,True,True,both_missing,False,1,,True,False,True,False,True,False,True,False
2664,1256,Austria,2020-05-08,2020-05-15,0.0,7.0,0.0,,False,True,True,False,p2_only_missing,False,2,7.0,True,True,False,True,True,False,True,True
2665,1256,Austria,2020-05-15,2020-05-22,0.0,7.0,0.0,0.0,False,False,False,False,both_available,False,3,7.0,True,True,False,True,True,True,False,True
2666,1256,Austria,2020-05-22,2020-05-29,0.0,7.0,0.0,0.0,False,False,False,False,both_available,False,4,7.0,True,True,False,True,True,True,False,True
2667,1256,Austria,2020-06-05,2020-06-12,0.0,7.0,,0.0,True,False,True,False,p1_only_missing,False,5,14.0,True,False,False,True,True,True,False,True
2668,1256,Austria,2020-06-26,2020-07-03,0.0,7.0,,,True,True,True,True,both_missing,False,6,21.0,True,False,False,True,True,False,False,True
2669,1256,Austria,2020-07-03,2020-07-09,0.0,6.0,0.0,,False,True,True,False,p2_only_missing,False,7,6.0,True,True,False,True,True,False,False,True
2670,1256,Austria,2020-07-09,2020-07-17,0.0,8.0,0.0,0.0,False,False,False,False,both_available,False,8,8.0,True,True,False,True,True,True,False,True
2671,1256,Austria,2020-08-28,2020-09-04,0.0,7.0,,,True,True,True,True,both_missing,False,9,49.0,True,False,False,True,True,False,False,True
2672,1256,Austria,2020-09-11,2020-09-18,0.0,7.0,,0.0,True,False,True,False,p1_only_missing,False,10,14.0,True,False,False,True,True,True,False,True
2673,1256,Austria,2020-09-18,2020-09-25,0.0,7.0,0.0,,False,True,True,False,p2_only_missing,False,11,7.0,True,True,False,True,True,False,False,True
2674,1256,Austria,2020-09-25,2020-10-02,0.0,7.0,0.0,0.0,False,False,False,False,both_available,False,12,7.0,True,True,False,True,True,True,False,True
2675,1256,Austria,2020-10-02,2020-10-09,0.0,7.0,0.0,0.0,False,False,False,False,both_available,False,13,7.0,True,True,False,True,True,True,False,True
2676,1256,Austria,2020-10-09,2020-10-16,0.0,7.0,0.0,0.0,False,False,False,False,both_available,False,14,7.0,True,True,False,True,True,True,False,True
2677,1256,Austria,2020-10-16,2020-10-23,0.0,7.0,0.0,0.0,False,False,False,False,both_available,False,15,7.0,True,True,False,True,True,True,False,True
2678,1256,Austria,2020-10-23,2020-10-30,0.0,7.0,0.0,0.0,False,False,False,False,both_available,False,16,7.0,True,True,False,True,True,True,False,True
2679,1257,Austria,2020-04-30,2020-05-08,0.0,8.0,,,True,True,True,True,both_missing,False,1,,True,False,True,False,True,False,True,False
2680,1257,Austria,2020-05-08,2020-05-15,0.0,7.0,0.0,,False,True,True,False,p2_only_missing,False,2,7.0,True,True,False,True,True,False,True,True
2681,1257,Austria,2020-05-15,2020-05-22,0.0,7.0,0.0,0.0,False,False,False,False,both_available,False,3,7.0,True,True,False,True,True,True,False,True
2682,1257,Austria,2020-05-22,2020-05-29,0.0,7.0,0.0,0.0,False,False,False,False,both_available,False,4,7.0,True,True,False,True,True,True,False,True
2683,1257,Austria,2020-05-29,2020-06-05,0.0,7.0,0.0,0.0,False,False,False,False,both_available,False,5,7.0,True,True,False,True,True,True,False,True
2684,1257,Austria,2020-07-31,2020-08-07,0.0,7.0,,,True,True,True,True,both_missing,False,6,63.0,True,False,False,True,True,False,False,True
2685,1257,Austria,2020-08-14,2020-08-22,0.0,8.0,,0.0,True,False,True,False,p1_only_missing,False,7,15.0,True,False,False,True,True,True,False,True
2686,1257,Austria,2020-08-28,2020-09-04,0.0,7.0,,0.0,True,False,True,False,p1_only_missing,False,8,13.0,True,False,False,True,True,True,False,True
2687,1257,Austria,2020-09-11,2020-09-18,0.0,7.0,,0.0,True,False,True,False,p1_only_missing,False,9,14.0,True,False,False,True,True,True,False,True
2688,1257,Austria,2020-09-18,2020-09-25,0.0,7.0,0.0,,False,True,True,False,p2_only_missing,False,10,7.0,True,True,False,True,True,False,False,True
2689,1257,Austria,2020-09-25,2020-10-02,0.0,7.0,0.0,0.0,False,False,False,False,both_available,False,11,7.0,True,True,False,True,True,True,False,True
2690,1257,Austria,2020-10-09,2020-10-16,0.0,7.0,,0.0,True,False,True,False,p1_only_missing,False,12,14.0,True,False,False,True,True,True,False,True
2691,1257,Austria,2020-10-16,2020-10-23,0.0,7.0,0.0,,False,True,True,False,p2_only_missing,False,13,7.0,True,True,False,True,True,False,False,True
2692,1257,Austria,2020-10-23,2020-10-30,0.0,7.0,0.0,0.0,False,False,False,False,both_available,False,14,7.0,True,True,False,True,True,True,False,True
2693,1258,Austria,2020-04-30,2020-05-08,0.0,8.0,,,True,True,True,True,both_missing,False,1,,True,False,True,False,True,False,True,False
2694,1258,Austria,2020-05-08,2020-05-15,0.0,7.0,0.0,,False,True,True,False,p2_only_missing,False,2,7.0,True,True,False,True,True,False,True,True
2695,1258,Austria,2020-05-15,2020-05-22,0.0,7.0,0.0,0.0,False,False,False,False,both_available,False,3,7.0,True,True,False,True,True,True,False,True
2696,1258,Austria,2020-05-22,2020-05-29,0.0,7.0,0.0,0.0,False,False,False,False,both_available,False,4,7.0,True,True,False,True,True,True,False,True
2697,1258,Austria,2020-06-26,2020-07-03,0.0,7.0,,,True,True,True,True,both_missing,False,5,35.0,True,False,False,True,True,False,False,True
2698,1258,Austria,2020-07-24,2020-07-31,0.0,7.0,,,True,True,True,True,both_missing,False,6,28.0,True,False,False,True,True,False,False,True
2699,1258,Austria,2020-08-07,2020-08-14,0.0,7.0,,0.0,True,False,True,False,p1_only_missing,False,7,14.0,True,False,False,True,True,True,False,True
2700,1258,Austria,2020-08-14,2020-08-22,0.0,8.0,0.0,,False,True,True,False,p2_only_missing,False,8,8.0,True,True,False,True,True,False,False,True
2701,1258,Austria,2020-08-28,2020-09-04,0.0,7.0,,0.0,True,False,True,False,p1_only_missing,False,9,13.0,True,False,False,True,True,True,False,True
2702,1258,Austria,2020-09-25,2020-10-02,0.0,7.0,,,True,True,True,True,both_missing,False,10,28.0,True,False,False,True,True,False,False,True
2703,1258,Austria,2020-10-02,2020-10-09,0.0,7.0,0.0,,False,True,True,False,p2_only_missing,False,11,7.0,True,True,False,True,True,False,False,True
2704,1258,Austria,2020-10-09,2020-10-16,0.0,7.0,0.0,0.0,False,False,False,False,both_available,False,12,7.0,True,True,False,True,True,True,False,True
2705,1258,Austria,2020-10-16,2020-10-23,0.0,7.0,0.0,0.0,False,False,False,False,both_available,False,13,7.0,True,True,False,True,True,True,False,True
2706,1258,Austria,2020-10-23,2020-10-30,0.0,7.0,0.0,0.0,False,False,False,False,both_available,False,14,7.0,True,True,False,True,True,True,False,True
2707,1259,Austria,2020-04-30,2020-05-08,0.0,8.0,,,True,True,True,True,both_missing,False,1,,True,False,True,False,True,False,True,False
2708,1259,Austria,2020-05-08,2020-05-15,0.0,7.0,0.0,,False,True,True,False,p2_only_missing,False,2,7.0,True,True,False,True,True,False,True,True
2709,1259,Austria,2020-05-15,2020-05-22,0.0,7.0,0.0,0.0,False,False,False,False,both_available,False,3,7.0,True,True,False,True,True,True,False,True
2710,1259,Austria,2020-05-22,2020-05-29,0.0,7.0,0.0,0.0,False,False,False,False,both_available,False,4,7.0,True,True,False,True,True,True,False,True
2711,1259,Austria,2020-05-29,2020-06-05,0.0,7.0,0.0,0.0,False,False,False,False,both_available,False,5,7.0,True,True,False,True,True,True,False,True
2712,1259,Austria,2020-06-05,2020-06-12,0.0,7.0,0.0,0.0,False,False,False,False,both_available,False,6,7.0,True,True,False,True,True,True,False,True
2713,1259,Austria,2020-06-12,2020-06-19,0.0,7.0,0.0,0.0,False,False,False,False,both_available,False,7,7.0,True,True,False,True,True,True,False,True
2714,1259,Austria,2020-06-19,2020-06-26,0.0,7.0,0.0,0.0,False,False,False,False,both_available,False,8,7.0,True,True,False,True,True,True,False,True
2715,1259,Austria,2020-07-03,2020-07-09,0.0,6.0,,0.0,True,False,True,False,p1_only_missing,False,9,13.0,True,False,False,True,True,True,False,True
2716,1259,Austria,2020-07-31,2020-08-07,0.0,7.0,,,True,True,True,True,both_missing,False,10,29.0,True,False,False,True,True,False,False,True
2717,1259,Austria,2020-08-14,2020-08-22,0.0,8.0,,0.0,True,False,True,False,p1_only_missing,False,11,15.0,True,False,False,True,True,True,False,True
2718,1259,Austria,2020-08-22,2020-08-28,0.0,6.0,0.0,,False,True,True,False,p2_only_missing,False,12,6.0,True,True,False,True,True,False,False,True
2719,1259,Austria,2020-08-28,2020-09-04,0.0,7.0,0.0,0.0,False,False,False,False,both_available,False,13,7.0,True,True,False,True,True,True,False,True
2720,1259,Austria,2020-09-04,2020-09-11,0.0,7.0,0.0,0.0,False,False,False,False,both_available,False,14,7.0,True,True,False,True,True,True,False,True
2721,1259,Austria,2020-09-11,2020-09-18,0.0,7.0,0.0,0.0,False,False,False,False,both_available,False,15,7.0,True,True,False,True,True,True,False,True
2722,1259,Austria,2020-09-25,2020-10-02,0.0,7.0,,0.0,True,False,True,False,p1_only_missing,False,16,14.0,True,False,False,True,True,True,False,True
2723,1259,Austria,2020-10-09,2020-10-16,0.0,7.0,,0.0,True,False,True,False,p1_only_missing,False,17,14.0,True,False,False,True,True,True,False,True
2724,1259,Austria,2020-10-16,2020-10-23,0.0,7.0,0.0,,False,True,True,False,p2_only_missing,False,18,7.0,True,True,False,True,True,False,False,True
2725,1259,Austria,2020-10-23,2020-10-30,0.0,7.0,0.0,0.0,False,False,False,False,both_available,False,19,7.0,True,True,False,True,True,True,False,True
2726,1260,Austria,2020-04-30,2020-05-08,0.0,8.0,,,True,True,True,True,both_missing,False,1,,True,False,True,False,True,False,True,False
2727,1260,Austria,2020-05-08,2020-05-15,0.0,7.0,0.0,,False,True,True,False,p2_only_missing,False,2,7.0,True,True,False,True,True,False,True,True
2728,1260,Austria,2020-05-15,2020-05-22,0.0,7.0,0.0,0.0,False,False,False,False,both_available,False,3,7.0,True,True,False,True,True,True,False,True
2729,1260,Austria,2020-05-22,2020-05-29,0.0,7.0,0.0,0.0,False,False,False,False,both_available,False,4,7.0,True,True,False,True,True,True,False,True
2730,1260,Austria,2020-05-29,2020-06-05,0.0,7.0,0.0,0.0,False,False,False,False,both_available,False,5,7.0,True,True,False,True,True,True,False,True
2731,1260,Austria,2020-06-05,2020-06-12,0.0,7.0,0.0,0.0,False,False,False,False,both_available,False,6,7.0,True,True,False,True,True,True,False,True
2732,1260,Austria,2020-06-12,2020-06-19,0.0,7.0,0.0,0.0,False,False,False,False,both_available,False,7,7.0,True,True,False,True,True,True,False,True
2733,1260,Austria,2020-06-19,2020-06-26,0.0,7.0,0.0,0.0,False,False,False,False,both_available,False,8,7.0,True,True,False,True,True,True,False,True
2734,1260,Austria,2020-06-26,2020-07-03,0.0,7.0,0.0,0.0,False,False,False,False,both_available,False,9,7.0,True,True,False,True,True,True,False,True
2735,1260,Austria,2020-07-03,2020-07-09,0.0,6.0,0.0,0.0,False,False,False,False,both_available,False,10,6.0,True,True,False,True,True,True,False,True
2736,1260,Austria,2020-07-09,2020-07-17,0.0,8.0,0.0,0.0,False,False,False,False,both_available,False,11,8.0,True,True,False,True,True,True,False,True
2737,1260,Austria,2020-07-17,2020-07-24,0.0,7.0,0.0,0.0,False,False,False,False,both_available,False,12,7.0,True,True,False,True,True,True,False,True
2738,1260,Austria,2020-07-24,2020-07-31,0.0,7.0,0.0,0.0,False,False,False,False,both_available,False,13,7.0,True,True,False,True,True,True,False,True
2739,1260,Austria,2020-07-31,2020-08-07,0.0,7.0,0.0,0.0,False,False,False,False,both_available,False,14,7.0,True,True,False,True,True,True,False,True
2740,1260,Austria,2020-08-07,2020-08-14,0.0,7.0,0.0,0.0,False,False,False,False,both_available,False,15,7.0,True,True,False,True,True,True,False,True
2741,1260,Austria,2020-08-14,2020-08-22,0.0,8.0,0.0,0.0,False,False,False,False,both_available,False,16,8.0,True,True,False,True,True,True,False,True
2742,1260,Austria,2020-08-22,2020-08-28,0.0,6.0,0.0,0.0,False,False,False,False,both_available,False,17,6.0,True,True,False,True,True,True,False,True
2743,1260,Austria,2020-08-28,2020-09-04,0.0,7.0,0.0,0.0,False,False,False,False,both_available,False,18,7.0,True,True,False,True,True,True,False,True
2744,1260,Austria,2020-09-04,2020-09-11,0.0,7.0,0.0,0.0,False,False,False,False,both_available,False,19,7.0,True,True,False,True,True,True,False,True
2745,1260,Austria,2020-09-11,2020-09-18,0.0,7.0,0.0,0.0,False,False,False,False,both_available,False,20,7.0,True,True,False,True,True,True,False,True
2746,1260,Austria,2020-09-18,2020-09-25,0.0,7.0,0.0,0.0,False,False,False,False,both_available,False,21,7.0,True,True,False,True,True,True,False,True
2747,1260,Austria,2020-09-25,2020-10-02,0.0,7.0,0.0,0.0,False,False,False,False,both_available,False,22,7.0,True,True,False,True,True,True,False,True
2748,1260,Austria,2020-10-02,2020-10-09,0.0,7.0,0.0,0.0,False,False,False,False,both_available,False,23,7.0,True,True,False,True,True,True,False,True
2749,1260,Austria,2020-10-09,2020-10-16,0.0,7.0,0.0,0.0,False,False,False,False,both_available,False,24,7.0,True,True,False,True,True,True,False,True
2750,1260,Austria,2020-10-16,2020-10-23,0.0,7.0,0.0,0.0,False,False,False,False,both_available,False,25,7.0,True,True,False,True,True,True,False,True
2751,1260,Austria,2020-10-23,2020-10-30,0.0,7.0,0.0,0.0,False,False,False,False,both_available,False,26,7.0,True,True,False,True,True,True,False,True
2752,1261,Austria,2020-04-30,2020-05-08,0.0,8.0,,,True,True,True,True,both_missing,False,1,,True,False,True,False,True,False,True,False
2753,1261,Austria,2020-05-08,2020-05-15,0.0,7.0,0.0,,False,True,True,False,p2_only_missing,False,2,7.0,True,True,False,True,True,False,True,True
2754,1261,Austria,2020-05-15,2020-05-22,0.0,7.0,0.0,0.0,False,False,False,False,both_available,False,3,7.0,True,True,False,True,True,True,False,True
2755,1261,Austria,2020-05-22,2020-05-29,0.0,7.0,0.0,0.0,False,False,False,False,both_available,False,4,7.0,True,True,False,True,True,True,False,True
2756,1261,Austria,2020-05-29,2020-06-05,0.0,7.0,0.0,0.0,False,False,False,False,both_available,False,5,7.0,True,True,False,True,True,True,False,True
2757,1261,Austria,2020-07-03,2020-07-09,0.0,6.0,,,True,True,True,True,both_missing,False,6,34.0,True,False,False,True,True,False,False,True
2758,1261,Austria,2020-09-11,2020-09-18,0.0,7.0,,,True,True,True,True,both_missing,False,7,71.0,True,False,False,True,True,False,False,True
2759,1261,Austria,2020-09-25,2020-10-02,0.0,7.0,,0.0,True,False,True,False,p1_only_missing,False,8,14.0,True,False,False,True,True,True,False,True
2760,1261,Austria,2020-10-02,2020-10-09,0.0,7.0,0.0,,False,True,True,False,p2_only_missing,False,9,7.0,True,True,False,True,True,False,False,True
2761,1261,Austria,2020-10-09,2020-10-16,0.0,7.0,0.0,0.0,False,False,False,False,both_available,False,10,7.0,True,True,False,True,True,True,False,True
2762,1261,Austria,2020-10-16,2020-10-23,0.0,7.0,0.0,0.0,False,False,False,False,both_available,False,11,7.0,True,True,False,True,True,True,False,True
2763,1261,Austria,2020-10-23,2020-10-30,0.0,7.0,0.0,0.0,False,False,False,False,both_available,False,12,7.0,True,True,False,True,True,True,False,True
2764,1262,Austria,2020-05-01,2020-05-08,0.0,7.0,,,True,True,True,True,both_missing,False,1,,True,False,True,False,True,False,True,False
2765,1262,Austria,2020-05-08,2020-05-15,0.0,7.0,0.0,,False,True,True,False,p2_only_missing,False,2,7.0,True,True,False,True,True,False,True,True
2766,1262,Austria,2020-05-15,2020-05-22,0.0,7.0,0.0,0.0,False,False,False,False,both_available,False,3,7.0,True,True,False,True,True,True,False,True
2767,1262,Austria,2020-05-29,2020-06-05,0.0,7.0,,0.0,True,False,True,False,p1_only_missing,False,4,14.0,True,False,False,True,True,True,False,True
2768,1262,Austria,2020-06-12,2020-06-19,0.0,7.0,,0.0,True,False,True,False,p1_only_missing,False,5,14.0,True,False,False,True,True,True,False,True
2769,1262,Austria,2020-06-26,2020-07-03,0.0,7.0,,0.0,True,False,True,False,p1_only_missing,False,6,14.0,True,False,False,True,True,True,False,True
2770,1262,Austria,2020-07-03,2020-07-10,0.0,7.0,0.0,,False,True,True,False,p2_only_missing,False,7,7.0,True,True,False,True,True,False,False,True
2771,1262,Austria,2020-07-10,2020-07-17,0.0,7.0,0.0,0.0,False,False,False,False,both_available,False,8,7.0,True,True,False,True,True,True,False,True
2772,1262,Austria,2020-07-17,2020-07-24,0.0,7.0,0.0,0.0,False,False,False,False,both_available,False,9,7.0,True,True,False,True,True,True,False,True
2773,1262,Austria,2020-08-28,2020-09-04,0.0,7.0,,,True,True,True,True,both_missing,False,10,42.0,True,False,False,True,True,False,False,True
2774,1262,Austria,2020-09-04,2020-09-11,0.0,7.0,0.0,,False,True,True,False,p2_only_missing,False,11,7.0,True,True,False,True,True,False,False,True
2775,1262,Austria,2020-10-02,2020-10-09,0.0,7.0,,,True,True,True,True,both_missing,False,12,28.0,True,False,False,True,True,False,False,True
2776,1262,Austria,2020-10-09,2020-10-16,0.0,7.0,0.0,,False,True,True,False,p2_only_missing,False,13,7.0,True,True,False,True,True,False,False,True
2777,1262,Austria,2020-10-16,2020-10-23,0.0,7.0,0.0,0.0,False,False,False,False,both_available,False,14,7.0,True,True,False,True,True,True,False,True
2778,1262,Austria,2020-10-23,2020-10-30,0.0,7.0,0.0,0.0,False,False,False,False,both_available,False,15,7.0,True,True,False,True,True,True,False,True
2779,1263,Austria,2020-05-01,2020-05-08,0.0,7.0,,,True,True,True,True,both_missing,False,1,,True,False,True,False,True,False,True,False
2780,1263,Austria,2020-05-08,2020-05-15,0.0,7.0,0.0,,False,True,True,False,p2_only_missing,False,2,7.0,True,True,False,True,True,False,True,True
2781,1263,Austria,2020-05-15,2020-05-22,0.0,7.0,0.0,0.0,False,False,False,False,both_available,False,3,7.0,True,True,False,True,True,True,False,True
2782,1263,Austria,2020-05-22,2020-05-29,0.0,7.0,0.0,0.0,False,False,False,False,both_available,False,4,7.0,True,True,False,True,True,True,False,True
2783,1263,Austria,2020-05-29,2020-06-05,0.0,7.0,0.0,0.0,False,False,False,False,both_available,False,5,7.0,True,True,False,True,True,True,False,True
2784,1263,Austria,2020-06-19,2020-06-26,0.0,7.0,,,True,True,True,True,both_missing,False,6,21.0,True,False,False,True,True,False,False,True
2785,1263,Austria,2020-07-10,2020-07-17,0.0,7.0,,,True,True,True,True,both_missing,False,7,21.0,True,False,False,True,True,False,False,True
2786,1263,Austria,2020-07-24,2020-07-31,0.0,7.0,,0.0,True,False,True,False,p1_only_missing,False,8,14.0,True,False,False,True,True,True,False,True
2787,1263,Austria,2020-08-14,2020-08-22,0.0,8.0,,,True,True,True,True,both_missing,False,9,22.0,True,False,False,True,True,False,False,True
2788,1263,Austria,2020-08-22,2020-08-28,0.0,6.0,0.0,,False,True,True,False,p2_only_missing,False,10,6.0,True,True,False,True,True,False,False,True
2789,1263,Austria,2020-08-28,2020-09-04,0.0,7.0,0.0,0.0,False,False,False,False,both_available,False,11,7.0,True,True,False,True,True,True,False,True
2790,1263,Austria,2020-09-04,2020-09-11,0.0,7.0,0.0,0.0,False,False,False,False,both_available,False,12,7.0,True,True,False,True,True,True,False,True
2791,1263,Austria,2020-09-11,2020-09-18,0.0,7.0,0.0,0.0,False,False,False,False,both_available,False,13,7.0,True,True,False,True,True,True,False,True
2792,1263,Austria,2020-09-25,2020-10-02,0.0,7.0,,0.0,True,False,True,False,p1_only_missing,False,14,14.0,True,False,False,True,True,True,False,True
2793,1263,Austria,2020-10-02,2020-10-09,0.0,7.0,0.0,,False,True,True,False,p2_only_missing,False,15,7.0,True,True,False,True,True,False,False,True
2794,1263,Austria,2020-10-09,2020-10-16,0.0,7.0,0.0,0.0,False,False,False,False,both_available,False,16,7.0,True,True,False,True,True,True,False,True
2795,1263,Austria,2020-10-16,2020-10-23,0.0,7.0,0.0,0.0,False,False,False,False,both_available,False,17,7.0,True,True,False,True,True,True,False,True
2796,1263,Austria,2020-10-23,2020-10-30,0.0,7.0,0.0,0.0,False,False,False,False,both_available,False,18,7.0,True,True,False,True,True,True,False,True
2797,1264,Austria,2020-05-01,2020-05-08,0.0,7.0,,,True,True,True,True,both_missing,False,1,,True,False,True,False,True,False,True,False
2798,1264,Austria,2020-05-08,2020-05-15,0.0,7.0,0.0,,False,True,True,False,p2_only_missing,False,2,7.0,True,True,False,True,True,False,True,True
2799,1264,Austria,2020-05-15,2020-05-22,0.0,7.0,0.0,0.0,False,False,False,False,both_available,False,3,7.0,True,True,False,True,True,True,False,True
2800,1264,Austria,2020-05-22,2020-05-29,0.0,7.0,0.0,0.0,False,False,False,False,both_available,False,4,7.0,True,True,False,True,True,True,False,True
2801,1264,Austria,2020-07-03,2020-07-10,0.0,7.0,,,True,True,True,True,both_missing,False,5,42.0,True,False,False,True,True,False,False,True
2802,1264,Austria,2020-07-10,2020-07-17,0.0,7.0,0.0,,False,True,True,False,p2_only_missing,False,6,7.0,True,True,False,True,True,False,False,True
2803,1264,Austria,2020-07-17,2020-07-24,0.0,7.0,0.0,0.0,False,False,False,False,both_available,False,7,7.0,True,True,False,True,True,True,False,True
2804,1264,Austria,2020-08-07,2020-08-14,0.0,7.0,,,True,True,True,True,both_missing,False,8,21.0,True,False,False,True,True,False,False,True
2805,1264,Austria,2020-08-14,2020-08-22,0.0,8.0,0.0,,False,True,True,False,p2_only_missing,False,9,8.0,True,True,False,True,True,False,False,True
2806,1264,Austria,2020-08-22,2020-08-28,0.0,6.0,0.0,0.0,False,False,False,False,both_available,False,10,6.0,True,True,False,True,True,True,False,True
2807,1264,Austria,2020-08-28,2020-09-04,0.0,7.0,0.0,0.0,False,False,False,False,both_available,False,11,7.0,True,True,False,True,True,True,False,True
2808,1264,Austria,2020-09-04,2020-09-11,0.0,7.0,0.0,0.0,False,False,False,False,both_available,False,12,7.0,True,True,False,True,True,True,False,True
2809,1264,Austria,2020-09-11,2020-09-18,0.0,7.0,0.0,0.0,False,False,False,False,both_available,False,13,7.0,True,True,False,True,True,True,False,True
2810,1264,Austria,2020-09-18,2020-09-25,0.0,7.0,0.0,0.0,False,False,False,False,both_available,False,14,7.0,True,True,False,True,True,True,False,True
2811,1264,Austria,2020-09-25,2020-10-02,0.0,7.0,0.0,0.0,False,False,False,False,both_available,False,15,7.0,True,True,False,True,True,True,False,True
2812,1264,Austria,2020-10-02,2020-10-09,0.0,7.0,0.0,0.0,False,False,False,False,both_available,False,16,7.0,True,True,False,True,True,True,False,True
2813,1264,Austria,2020-10-09,2020-10-16,0.0,7.0,0.0,0.0,False,False,False,False,both_available,False,17,7.0,True,True,False,True,True,True,False,True
2814,1264,Austria,2020-10-16,2020-10-23,0.0,7.0,0.0,0.0,False,False,False,False,both_available,False,18,7.0,True,True,False,True,True,True,False,True
2815,1264,Austria,2020-10-23,2020-10-30,0.0,7.0,0.0,0.0,False,False,False,False,both_available,False,19,7.0,True,True,False,True,True,True,False,True
2816,1265,Austria,2020-05-01,2020-05-08,0.0,7.0,,,True,True,True,True,both_missing,False,1,,True,False,True,False,True,False,True,False
2817,1265,Austria,2020-05-08,2020-05-15,0.0,7.0,0.0,,False,True,True,False,p2_only_missing,False,2,7.0,True,True,False,True,True,False,True,True
2818,1265,Austria,2020-05-15,2020-05-22,0.0,7.0,0.0,0.0,False,False,False,False,both_available,False,3,7.0,True,True,False,True,True,True,False,True
2819,1265,Austria,2020-05-22,2020-05-29,0.0,7.0,0.0,0.0,False,False,False,False,both_available,False,4,7.0,True,True,False,True,True,True,False,True
2820,1265,Austria,2020-06-26,2020-07-03,0.0,7.0,,,True,True,True,True,both_missing,False,5,35.0,True,False,False,True,True,False,False,True
2821,1265,Austria,2020-08-22,2020-08-28,0.0,6.0,,,True,True,True,True,both_missing,False,6,56.0,True,False,False,True,True,False,False,True
2822,1265,Austria,2020-08-28,2020-09-04,0.0,7.0,0.0,,False,True,True,False,p2_only_missing,False,7,7.0,True,True,False,True,True,False,False,True
2823,1265,Austria,2020-09-25,2020-10-02,0.0,7.0,,,True,True,True,True,both_missing,False,8,28.0,True,False,False,True,True,False,False,True
2824,1265,Austria,2020-10-09,2020-10-16,0.0,7.0,,0.0,True,False,True,False,p1_only_missing,False,9,14.0,True,False,False,True,True,True,False,True
2825,1265,Austria,2020-10-16,2020-10-23,0.0,7.0,0.0,,False,True,True,False,p2_only_missing,False,10,7.0,True,True,False,True,True,False,False,True
2826,1265,Austria,2020-10-23,2020-10-30,0.0,7.0,0.0,0.0,False,False,False,False,both_available,False,11,7.0,True,True,False,True,True,True,False,True
2827,1266,Austria,2020-05-01,2020-05-08,0.0,7.0,,,True,True,True,True,both_missing,False,1,,True,False,True,False,True,False,True,False
2828,1266,Austria,2020-05-08,2020-05-15,0.0,7.0,0.0,,False,True,True,False,p2_only_missing,False,2,7.0,True,True,False,True,True,False,True,True
2829,1266,Austria,2020-05-15,2020-05-22,0.0,7.0,0.0,0.0,False,False,False,False,both_available,False,3,7.0,True,True,False,True,True,True,False,True
2830,1266,Austria,2020-05-22,2020-05-29,0.0,7.0,0.0,0.0,False,False,False,False,both_available,False,4,7.0,True,True,False,True,True,True,False,True
2831,1266,Austria,2020-05-29,2020-06-05,0.0,7.0,0.0,0.0,False,False,False,False,both_available,False,5,7.0,True,True,False,True,True,True,False,True
2832,1266,Austria,2020-06-05,2020-06-12,0.0,7.0,0.0,0.0,False,False,False,False,both_available,False,6,7.0,True,True,False,True,True,True,False,True
2833,1266,Austria,2020-06-12,2020-06-19,0.0,7.0,0.0,0.0,False,False,False,False,both_available,False,7,7.0,True,True,False,True,True,True,False,True
2834,1266,Austria,2020-06-19,2020-06-26,0.0,7.0,0.0,0.0,False,False,False,False,both_available,False,8,7.0,True,True,False,True,True,True,False,True
2835,1266,Austria,2020-07-03,2020-07-10,0.0,7.0,,0.0,True,False,True,False,p1_only_missing,False,9,14.0,True,False,False,True,True,True,False,True
2836,1266,Austria,2020-07-10,2020-07-17,0.0,7.0,0.0,,False,True,True,False,p2_only_missing,False,10,7.0,True,True,False,True,True,False,False,True
2837,1266,Austria,2020-07-17,2020-07-24,0.0,7.0,0.0,0.0,False,False,False,False,both_available,False,11,7.0,True,True,False,True,True,True,False,True
2838,1266,Austria,2020-07-24,2020-07-31,0.0,7.0,0.0,0.0,False,False,False,False,both_available,False,12,7.0,True,True,False,True,True,True,False,True
2839,1266,Austria,2020-07-31,2020-08-07,0.0,7.0,0.0,0.0,False,False,False,False,both_available,False,13,7.0,True,True,False,True,True,True,False,True
2840,1266,Austria,2020-08-07,2020-08-14,0.0,7.0,0.0,0.0,False,False,False,False,both_available,False,14,7.0,True,True,False,True,True,True,False,True
2841,1266,Austria,2020-08-22,2020-08-28,0.0,6.0,,0.0,True,False,True,False,p1_only_missing,False,15,14.0,True,False,False,True,True,True,False,True
2842,1266,Austria,2020-08-28,2020-09-04,0.0,7.0,0.0,,False,True,True,False,p2_only_missing,False,16,7.0,True,True,False,True,True,False,False,True
2843,1266,Austria,2020-09-04,2020-09-11,0.0,7.0,0.0,0.0,False,False,False,False,both_available,False,17,7.0,True,True,False,True,True,True,False,True
2844,1266,Austria,2020-09-11,2020-09-18,0.0,7.0,0.0,0.0,False,False,False,False,both_available,False,18,7.0,True,True,False,True,True,True,False,True
2845,1266,Austria,2020-09-18,2020-09-25,0.0,7.0,0.0,0.0,False,False,False,False,both_available,False,19,7.0,True,True,False,True,True,True,False,True
2846,1266,Austria,2020-09-25,2020-10-02,0.0,7.0,0.0,0.0,False,False,False,False,both_available,False,20,7.0,True,True,False,True,True,True,False,True
2847,1266,Austria,2020-10-02,2020-10-09,0.0,7.0,0.0,0.0,False,False,False,False,both_available,False,21,7.0,True,True,False,True,True,True,False,True
2848,1266,Austria,2020-10-09,2020-10-16,0.0,7.0,0.0,0.0,False,False,False,False,both_available,False,22,7.0,True,True,False,True,True,True,False,True
2849,1266,Austria,2020-10-16,2020-10-23,0.0,7.0,0.0,0.0,False,False,False,False,both_available,False,23,7.0,True,True,False,True,True,True,False,True
2850,1266,Austria,2020-10-23,2020-10-30,0.0,7.0,0.0,0.0,False,False,False,False,both_available,False,24,7.0,True,True,False,True,True,True,False,True
2851,1289,Austria,2020-08-16,2020-08-23,0.0,7.0,,,True,True,True,True,both_missing,False,1,,True,False,False,True,True,False,False,True
2852,1289,Austria,2020-09-06,2020-09-13,0.0,7.0,,,True,True,True,True,both_missing,False,2,21.0,True,False,False,True,True,False,False,True
2853,1289,Austria,2020-09-13,2020-09-20,0.0,7.0,0.0,,False,True,True,False,p2_only_missing,False,3,7.0,True,True,False,True,True,False,False,True
2854,1290,Austria,2020-06-22,2020-06-28,0.0,6.0,,,True,True,True,True,both_missing,False,1,,True,False,True,False,True,False,True,False
2855,1290,Austria,2020-08-02,2020-08-09,0.0,7.0,,0.0,True,False,True,False,p1_only_missing,False,2,42.0,True,False,False,True,True,False,False,True
2856,1290,Austria,2020-09-06,2020-09-13,0.0,7.0,,,True,True,True,True,both_missing,False,3,35.0,True,False,False,True,True,False,False,True
2857,1290,Austria,2020-09-13,2020-09-20,0.0,7.0,0.0,,False,True,True,False,p2_only_missing,False,4,7.0,True,True,False,True,True,False,False,True
2858,1290,Austria,2020-09-20,2020-09-27,0.0,7.0,0.0,0.0,False,False,False,False,both_available,False,5,7.0,True,True,False,True,True,True,False,True
2859,1291,Austria,2020-06-15,2020-06-22,0.0,7.0,,,True,True,True,True,both_missing,False,1,,True,False,True,False,True,False,True,False
2860,1291,Austria,2020-09-20,2020-09-27,0.0,7.0,,,True,True,True,True,both_missing,False,2,97.0,True,False,False,True,True,False,False,True
2861,1292,Austria,2020-06-07,2020-06-15,0.0,8.0,,,True,True,True,True,both_missing,False,1,,True,False,True,False,True,False,True,False
2862,1292,Austria,2020-06-15,2020-06-22,0.0,7.0,0.0,,False,True,True,False,p2_only_missing,False,2,7.0,True,True,False,True,True,False,True,True
2863,1292,Austria,2020-06-22,2020-06-28,0.0,6.0,0.0,0.0,False,False,False,False,both_available,False,3,6.0,True,True,False,True,True,True,False,True
2864,1292,Austria,2020-06-28,2020-07-05,0.0,7.0,0.0,0.0,False,False,False,False,both_available,False,4,7.0,True,True,False,True,True,True,False,True
2865,1292,Austria,2020-07-05,2020-07-12,0.0,7.0,0.0,0.0,False,False,False,False,both_available,False,5,7.0,True,True,False,True,True,True,False,True
2866,1292,Austria,2020-07-12,2020-07-19,0.0,7.0,0.0,0.0,False,False,False,False,both_available,False,6,7.0,True,True,False,True,True,True,False,True
2867,1292,Austria,2020-08-02,2020-08-09,0.0,7.0,0.0,0.0,False,False,False,False,both_available,False,7,21.0,True,False,False,True,True,False,False,True
2868,1292,Austria,2020-08-09,2020-08-16,0.0,7.0,0.0,0.0,False,False,False,False,both_available,False,8,7.0,True,True,False,True,True,False,False,True
2869,1292,Austria,2020-08-16,2020-08-23,0.0,7.0,0.0,0.0,False,False,False,False,both_available,False,9,7.0,True,True,False,True,True,True,False,True
2870,1292,Austria,2020-08-23,2020-08-30,0.0,7.0,0.0,0.0,False,False,False,False,both_available,False,10,7.0,True,True,False,True,True,True,False,True
2871,1292,Austria,2020-08-30,2020-09-06,0.0,7.0,0.0,0.0,False,False,False,False,both_available,False,11,7.0,True,True,False,True,True,True,False,True
2872,1292,Austria,2020-09-06,2020-09-13,0.0,7.0,0.0,0.0,False,False,False,False,both_available,False,12,7.0,True,True,False,True,True,True,False,True
2873,1292,Austria,2020-09-13,2020-09-20,0.0,7.0,0.0,0.0,False,False,False,False,both_available,False,13,7.0,True,True,False,True,True,True,False,True
2874,1292,Austria,2020-09-27,2020-10-04,0.0,7.0,,0.0,True,False,True,False,p1_only_missing,False,14,14.0,True,False,False,True,True,True,False,True
2875,1292,Austria,2020-10-04,2020-10-11,0.0,7.0,0.0,,False,True,True,False,p2_only_missing,False,15,7.0,True,True,False,True,True,False,False,True
2876,1293,Austria,2020-06-15,2020-06-22,0.0,7.0,,,True,True,True,True,both_missing,False,1,,True,False,True,False,True,False,True,False
2877,1293,Austria,2020-06-28,2020-07-05,0.0,7.0,,0.0,True,False,True,False,p1_only_missing,False,2,13.0,True,False,False,True,True,True,False,True
2878,1293,Austria,2020-07-12,2020-07-19,0.0,7.0,,0.0,True,False,True,False,p1_only_missing,False,3,14.0,True,False,False,True,True,True,False,True
2879,1293,Austria,2020-08-02,2020-08-09,0.0,7.0,0.0,,False,True,True,False,p2_only_missing,False,4,21.0,True,False,False,True,True,False,False,True
2880,1293,Austria,2020-08-09,2020-08-16,0.0,7.0,0.0,0.0,False,False,False,False,both_available,False,5,7.0,True,True,False,True,True,False,False,True
2881,1293,Austria,2020-08-16,2020-08-23,0.0,7.0,0.0,0.0,False,False,False,False,both_available,False,6,7.0,True,True,False,True,True,True,False,True
2882,1293,Austria,2020-08-23,2020-08-30,0.0,7.0,0.0,0.0,False,False,False,False,both_available,False,7,7.0,True,True,False,True,True,True,False,True
2883,1293,Austria,2020-08-30,2020-09-06,0.0,7.0,0.0,0.0,False,False,False,False,both_available,False,8,7.0,True,True,False,True,True,True,False,True
2884,1293,Austria,2020-09-06,2020-09-13,0.0,7.0,0.0,0.0,False,False,False,False,both_available,False,9,7.0,True,True,False,True,True,True,False,True
2885,1293,Austria,2020-09-13,2020-09-20,0.0,7.0,0.0,0.0,False,False,False,False,both_available,False,10,7.0,True,True,False,True,True,True,False,True
2886,1293,Austria,2020-09-20,2020-09-27,0.0,7.0,0.0,0.0,False,False,False,False,both_available,False,11,7.0,True,True,False,True,True,True,False,True
2887,1293,Austria,2020-09-27,2020-10-04,0.0,7.0,0.0,0.0,False,False,False,False,both_available,False,12,7.0,True,True,False,True,True,True,False,True
2888,1293,Austria,2020-10-04,2020-10-11,0.0,7.0,0.0,0.0,False,False,False,False,both_available,False,13,7.0,True,True,False,True,True,True,False,True
2889,1294,Austria,2020-05-03,2020-05-10,0.0,7.0,,,True,True,True,True,both_missing,False,1,,True,False,True,False,True,False,True,False
2890,1294,Austria,2020-05-10,2020-05-17,0.0,7.0,0.0,,False,True,True,False,p2_only_missing,False,2,7.0,True,True,False,True,True,False,True,True
2891,1294,Austria,2020-05-17,2020-05-24,0.0,7.0,0.0,0.0,False,False,False,False,both_available,False,3,7.0,True,True,False,True,True,True,False,True
2892,1294,Austria,2020-05-24,2020-05-31,0.0,7.0,0.0,0.0,False,False,False,False,both_available,False,4,7.0,True,True,False,True,True,True,False,True
2893,1294,Austria,2020-05-31,2020-06-07,0.0,7.0,0.0,0.0,False,False,False,False,both_available,False,5,7.0,True,True,False,True,True,True,False,True
2894,1294,Austria,2020-06-07,2020-06-13,0.0,6.0,0.0,0.0,False,False,False,False,both_available,False,6,6.0,True,True,False,True,True,True,False,True
2895,1294,Austria,2020-06-13,2020-06-21,0.0,8.0,0.0,0.0,False,False,False,False,both_available,False,7,8.0,True,True,False,True,True,True,False,True
2896,1294,Austria,2020-06-21,2020-06-28,0.0,7.0,0.0,0.0,False,False,False,False,both_available,False,8,7.0,True,True,False,True,True,True,False,True
2897,1294,Austria,2020-06-28,2020-07-05,0.0,7.0,0.0,0.0,False,False,False,False,both_available,False,9,7.0,True,True,False,True,True,True,False,True
2898,1294,Austria,2020-07-05,2020-07-12,0.0,7.0,0.0,0.0,False,False,False,False,both_available,False,10,7.0,True,True,False,True,True,True,False,True
2899,1294,Austria,2020-07-12,2020-07-19,0.0,7.0,0.0,0.0,False,False,False,False,both_available,False,11,7.0,True,True,False,True,True,True,False,True
2900,1294,Austria,2020-07-19,2020-07-26,0.0,7.0,0.0,0.0,False,False,False,False,both_available,False,12,7.0,True,True,False,True,True,True,False,True
2901,1294,Austria,2020-08-16,2020-08-23,0.0,7.0,0.0,0.0,False,False,False,False,both_available,False,13,28.0,True,False,False,True,True,False,False,True
2902,1294,Austria,2020-08-23,2020-08-30,0.0,7.0,0.0,0.0,False,False,False,False,both_available,False,14,7.0,True,True,False,True,True,False,False,True
2903,1294,Austria,2020-08-30,2020-09-06,0.0,7.0,0.0,0.0,False,False,False,False,both_available,False,15,7.0,True,True,False,True,True,True,False,True
2904,1294,Austria,2020-09-20,2020-09-27,0.0,7.0,,,True,True,True,True,both_missing,False,16,21.0,True,False,False,True,True,False,False,True
2905,1294,Austria,2020-09-27,2020-10-04,0.0,7.0,0.0,,False,True,True,False,p2_only_missing,False,17,7.0,True,True,False,True,True,False,False,True
2906,1294,Austria,2020-10-04,2020-10-11,0.0,7.0,0.0,0.0,False,False,False,False,both_available,False,18,7.0,True,True,False,True,True,True,False,True
2907,1294,Austria,2020-10-11,2020-10-17,0.0,6.0,0.0,0.0,False,False,False,False,both_available,False,19,6.0,True,True,False,True,True,True,False,True
2908,1294,Austria,2020-10-26,2020-11-01,0.0,6.0,0.0,,False,True,True,False,p2_only_missing,False,20,15.0,True,False,False,True,True,False,False,True
2909,1295,Austria,2020-05-03,2020-05-10,0.0,7.0,,,True,True,True,True,both_missing,False,1,,True,False,True,False,True,False,True,False
2910,1295,Austria,2020-05-10,2020-05-17,0.0,7.0,0.0,,False,True,True,False,p2_only_missing,False,2,7.0,True,True,False,True,True,False,True,True
2911,1295,Austria,2020-05-17,2020-05-24,0.0,7.0,0.0,0.0,False,False,False,False,both_available,False,3,7.0,True,True,False,True,True,True,False,True
2912,1295,Austria,2020-05-24,2020-05-31,0.0,7.0,0.0,0.0,False,False,False,False,both_available,False,4,7.0,True,True,False,True,True,True,False,True
2913,1295,Austria,2020-06-07,2020-06-13,0.0,6.0,,0.0,True,False,True,False,p1_only_missing,False,5,13.0,True,False,False,True,True,True,False,True
2914,1295,Austria,2020-06-13,2020-06-21,0.0,8.0,0.0,,False,True,True,False,p2_only_missing,False,6,8.0,True,True,False,True,True,False,False,True
2915,1295,Austria,2020-06-28,2020-07-05,0.0,7.0,,0.0,True,False,True,False,p1_only_missing,False,7,14.0,True,False,False,True,True,True,False,True
2916,1295,Austria,2020-07-05,2020-07-12,0.0,7.0,0.0,,False,True,True,False,p2_only_missing,False,8,7.0,True,True,False,True,True,False,False,True
2917,1295,Austria,2020-07-12,2020-07-19,0.0,7.0,0.0,0.0,False,False,False,False,both_available,False,9,7.0,True,True,False,True,True,True,False,True
2918,1295,Austria,2020-07-26,2020-08-02,0.0,7.0,,0.0,True,False,True,False,p1_only_missing,False,10,14.0,True,False,False,True,True,True,False,True
2919,1295,Austria,2020-09-13,2020-09-20,0.0,7.0,,,True,True,True,True,both_missing,False,11,49.0,True,False,False,True,True,False,False,True
2920,1295,Austria,2020-09-27,2020-10-04,0.0,7.0,,0.0,True,False,True,False,p1_only_missing,False,12,14.0,True,False,False,True,True,True,False,True
2921,1295,Austria,2020-10-04,2020-10-11,0.0,7.0,0.0,,False,True,True,False,p2_only_missing,False,13,7.0,True,True,False,True,True,False,False,True
2922,1295,Austria,2020-10-11,2020-10-17,0.0,6.0,0.0,0.0,False,False,False,False,both_available,False,14,6.0,True,True,False,True,True,True,False,True
2923,1295,Austria,2020-10-26,2020-11-01,0.0,6.0,0.0,,False,True,True,False,p2_only_missing,False,15,15.0,True,False,False,True,True,False,False,True
2924,1296,Austria,2020-05-17,2020-05-24,0.0,7.0,,,True,True,True,True,both_missing,False,1,,True,False,True,False,True,False,True,False
2925,1296,Austria,2020-05-24,2020-05-31,0.0,7.0,0.0,,False,True,True,False,p2_only_missing,False,2,7.0,True,True,False,True,True,False,True,True
2926,1296,Austria,2020-05-31,2020-06-07,0.0,7.0,0.0,0.0,False,False,False,False,both_available,False,3,7.0,True,True,False,True,True,True,False,True
2927,1296,Austria,2020-06-07,2020-06-13,0.0,6.0,0.0,0.0,False,False,False,False,both_available,False,4,6.0,True,True,False,True,True,True,False,True
2928,1296,Austria,2020-07-12,2020-07-19,0.0,7.0,,,True,True,True,True,both_missing,False,5,36.0,True,False,False,True,True,False,False,True
2929,1296,Austria,2020-07-19,2020-07-26,0.0,7.0,0.0,,False,True,True,False,p2_only_missing,False,6,7.0,True,True,False,True,True,False,False,True
2930,1296,Austria,2020-08-16,2020-08-23,0.0,7.0,,0.0,True,False,True,False,p1_only_missing,False,7,28.0,True,False,False,True,True,False,False,True
2931,1296,Austria,2020-08-30,2020-09-06,0.0,7.0,,0.0,True,False,True,False,p1_only_missing,False,8,14.0,True,False,False,True,True,True,False,True
2932,1296,Austria,2020-10-04,2020-10-11,0.0,7.0,,,True,True,True,True,both_missing,False,9,35.0,True,False,False,True,True,False,False,True
2933,1296,Austria,2020-10-11,2020-10-17,0.0,6.0,0.0,,False,True,True,False,p2_only_missing,False,10,6.0,True,True,False,True,True,False,False,True
2934,1296,Austria,2020-10-26,2020-11-01,0.0,6.0,,,True,True,True,True,both_missing,False,11,15.0,True,False,False,True,True,False,False,True
2935,1297,Austria,2020-05-03,2020-05-10,0.0,7.0,,,True,True,True,True,both_missing,False,1,,True,False,True,False,True,False,True,False
2936,1297,Austria,2020-05-10,2020-05-17,0.0,7.0,0.0,,False,True,True,False,p2_only_missing,False,2,7.0,True,True,False,True,True,False,True,True
2937,1297,Austria,2020-05-17,2020-05-24,0.0,7.0,0.0,0.0,False,False,False,False,both_available,False,3,7.0,True,True,False,True,True,True,False,True
2938,1297,Austria,2020-05-24,2020-05-31,0.0,7.0,0.0,0.0,False,False,False,False,both_available,False,4,7.0,True,True,False,True,True,True,False,True
2939,1297,Austria,2020-05-31,2020-06-07,0.0,7.0,0.0,0.0,False,False,False,False,both_available,False,5,7.0,True,True,False,True,True,True,False,True
2940,1297,Austria,2020-06-07,2020-06-13,0.0,6.0,0.0,0.0,False,False,False,False,both_available,False,6,6.0,True,True,False,True,True,True,False,True
2941,1297,Austria,2020-06-13,2020-06-21,0.0,8.0,0.0,0.0,False,False,False,False,both_available,False,7,8.0,True,True,False,True,True,True,False,True
2942,1297,Austria,2020-06-21,2020-06-28,0.0,7.0,0.0,0.0,False,False,False,False,both_available,False,8,7.0,True,True,False,True,True,True,False,True
2943,1297,Austria,2020-06-28,2020-07-05,0.0,7.0,0.0,0.0,False,False,False,False,both_available,False,9,7.0,True,True,False,True,True,True,False,True
2944,1297,Austria,2020-07-05,2020-07-12,0.0,7.0,0.0,0.0,False,False,False,False,both_available,False,10,7.0,True,True,False,True,True,True,False,True
2945,1297,Austria,2020-07-12,2020-07-19,0.0,7.0,0.0,0.0,False,False,False,False,both_available,False,11,7.0,True,True,False,True,True,True,False,True
2946,1297,Austria,2020-07-19,2020-07-26,0.0,7.0,0.0,0.0,False,False,False,False,both_available,False,12,7.0,True,True,False,True,True,True,False,True
2947,1297,Austria,2020-08-23,2020-08-30,0.0,7.0,,0.0,True,False,True,False,p1_only_missing,False,13,35.0,True,False,False,True,True,False,False,True
2948,1297,Austria,2020-09-13,2020-09-20,0.0,7.0,,,True,True,True,True,both_missing,False,14,21.0,True,False,False,True,True,False,False,True
2949,1297,Austria,2020-09-20,2020-09-27,0.0,7.0,0.0,,False,True,True,False,p2_only_missing,False,15,7.0,True,True,False,True,True,False,False,True
2950,1297,Austria,2020-09-27,2020-10-04,0.0,7.0,0.0,0.0,False,False,False,False,both_available,False,16,7.0,True,True,False,True,True,True,False,True
2951,1297,Austria,2020-10-04,2020-10-11,0.0,7.0,0.0,0.0,False,False,False,False,both_available,False,17,7.0,True,True,False,True,True,True,False,True
2952,1297,Austria,2020-10-11,2020-10-17,0.0,6.0,0.0,0.0,False,False,False,False,both_available,False,18,6.0,True,True,False,True,True,True,False,True
2953,1297,Austria,2020-10-26,2020-11-01,0.0,6.0,0.0,,False,True,True,False,p2_only_missing,False,19,15.0,True,False,False,True,True,False,False,True
2954,1298,Austria,2020-05-03,2020-05-10,0.0,7.0,,,True,True,True,True,both_missing,False,1,,True,False,True,False,True,False,True,False
2955,1298,Austria,2020-05-10,2020-05-17,0.0,7.0,0.0,,False,True,True,False,p2_only_missing,False,2,7.0,True,True,False,True,True,False,True,True
2956,1298,Austria,2020-05-17,2020-05-24,0.0,7.0,0.0,0.0,False,False,False,False,both_available,False,3,7.0,True,True,False,True,True,True,False,True
2957,1298,Austria,2020-05-24,2020-05-31,0.0,7.0,0.0,0.0,False,False,False,False,both_available,False,4,7.0,True,True,False,True,True,True,False,True
2958,1298,Austria,2020-05-31,2020-06-07,0.0,7.0,0.0,0.0,False,False,False,False,both_available,False,5,7.0,True,True,False,True,True,True,False,True
2959,1298,Austria,2020-06-07,2020-06-13,0.0,6.0,0.0,0.0,False,False,False,False,both_available,False,6,6.0,True,True,False,True,True,True,False,True
2960,1298,Austria,2020-06-13,2020-06-21,0.0,8.0,0.0,0.0,False,False,False,False,both_available,False,7,8.0,True,True,False,True,True,True,False,True
2961,1298,Austria,2020-06-21,2020-06-28,0.0,7.0,0.0,0.0,False,False,False,False,both_available,False,8,7.0,True,True,False,True,True,True,False,True
2962,1298,Austria,2020-06-28,2020-07-05,0.0,7.0,0.0,0.0,False,False,False,False,both_available,False,9,7.0,True,True,False,True,True,True,False,True
2963,1298,Austria,2020-07-05,2020-07-12,0.0,7.0,0.0,0.0,False,False,False,False,both_available,False,10,7.0,True,True,False,True,True,True,False,True
2964,1298,Austria,2020-07-12,2020-07-19,0.0,7.0,0.0,0.0,False,False,False,False,both_available,False,11,7.0,True,True,False,True,True,True,False,True
2965,1298,Austria,2020-07-19,2020-07-26,0.0,7.0,0.0,0.0,False,False,False,False,both_available,False,12,7.0,True,True,False,True,True,True,False,True
2966,1298,Austria,2020-07-26,2020-08-02,0.0,7.0,0.0,0.0,False,False,False,False,both_available,False,13,7.0,True,True,False,True,True,True,False,True
2967,1298,Austria,2020-08-16,2020-08-23,0.0,7.0,,0.0,True,False,True,False,p1_only_missing,False,14,21.0,True,False,False,True,True,False,False,True
2968,1298,Austria,2020-08-23,2020-08-30,0.0,7.0,0.0,,False,True,True,False,p2_only_missing,False,15,7.0,True,True,False,True,True,False,False,True
2969,1298,Austria,2020-08-30,2020-09-06,0.0,7.0,0.0,0.0,False,False,False,False,both_available,False,16,7.0,True,True,False,True,True,True,False,True
2970,1298,Austria,2020-09-06,2020-09-13,0.0,7.0,0.0,0.0,False,False,False,False,both_available,False,17,7.0,True,True,False,True,True,True,False,True
2971,1298,Austria,2020-09-13,2020-09-20,0.0,7.0,0.0,0.0,False,False,False,False,both_available,False,18,7.0,True,True,False,True,True,True,False,True
2972,1298,Austria,2020-09-20,2020-09-27,0.0,7.0,0.0,0.0,False,False,False,False,both_available,False,19,7.0,True,True,False,True,True,True,False,True
2973,1298,Austria,2020-09-27,2020-10-04,0.0,7.0,0.0,0.0,False,False,False,False,both_available,False,20,7.0,True,True,False,True,True,True,False,True
2974,1298,Austria,2020-10-04,2020-10-11,0.0,7.0,0.0,0.0,False,False,False,False,both_available,False,21,7.0,True,True,False,True,True,True,False,True
2975,1298,Austria,2020-10-11,2020-10-17,0.0,6.0,0.0,0.0,False,False,False,False,both_available,False,22,6.0,True,True,False,True,True,True,False,True
2976,1298,Austria,2020-10-26,2020-11-01,0.0,6.0,0.0,,False,True,True,False,p2_only_missing,False,23,15.0,True,False,False,True,True,False,False,True
2977,1299,Moldova,2020-10-05,2020-10-11,0.0,7.0,,0.0,True,False,True,False,p1_only_missing,False,1,,True,False,False,True,True,False,False,True
2978,1300,Moldova,2020-09-28,2020-10-05,0.0,8.0,,,True,True,True,True,both_missing,False,1,,True,False,True,False,True,False,True,False
2979,1300,Moldova,2020-10-05,2020-10-11,0.0,7.0,0.0,,False,True,True,False,p2_only_missing,False,2,6.0,True,True,False,True,True,False,True,True
2980,1301,Moldova,2020-07-05,2020-07-12,0.0,8.0,,,True,True,True,True,both_missing,False,1,,True,False,True,False,True,False,True,False
2981,1301,Moldova,2020-10-05,2020-10-11,0.0,7.0,,,True,True,True,True,both_missing,False,2,91.0,True,False,False,True,True,False,False,True
2982,1302,Moldova,2020-09-28,2020-10-05,0.0,8.0,,,True,True,True,True,both_missing,False,1,,True,False,True,False,True,False,True,False
2983,1302,Moldova,2020-10-05,2020-10-11,0.0,7.0,0.0,,False,True,True,False,p2_only_missing,False,2,6.0,True,True,False,True,True,False,True,True
2984,1303,Moldova,2020-07-05,2020-07-12,0.0,8.0,,,True,True,True,True,both_missing,False,1,,True,False,True,False,True,False,True,False
2985,1303,Moldova,2020-10-05,2020-10-11,0.0,7.0,,0.0,True,False,True,False,p1_only_missing,False,2,91.0,True,False,False,True,True,False,False,True
2986,1304,Moldova,2020-10-05,2020-10-11,0.0,7.0,,,True,True,True,True,both_missing,False,1,,True,False,False,True,True,False,False,True
2987,1306,Moldova,2020-09-28,2020-10-05,0.0,8.0,,,True,True,True,True,both_missing,False,1,,True,False,True,False,True,False,True,False
2988,1306,Moldova,2020-10-05,2020-10-11,0.0,7.0,0.0,,False,True,True,False,p2_only_missing,False,2,6.0,True,True,False,True,True,False,True,True
2989,1307,Moldova,2020-10-05,2020-10-11,0.0,7.0,,0.0,True,False,True,False,p1_only_missing,False,1,,True,False,False,True,True,False,False,True
2990,1318,Austria,2020-05-01,2020-05-08,0.0,7.0,,,True,True,True,True,both_missing,False,1,,True,False,True,False,True,False,True,False
2991,1318,Austria,2020-05-08,2020-05-15,0.0,7.0,0.0,,False,True,True,False,p2_only_missing,False,2,7.0,True,True,False,True,True,False,True,True
2992,1318,Austria,2020-05-15,2020-05-22,0.0,7.0,0.0,0.0,False,False,False,False,both_available,False,3,7.0,True,True,False,True,True,True,False,True
2993,1318,Austria,2020-05-22,2020-05-29,0.0,7.0,0.0,0.0,False,False,False,False,both_available,False,4,7.0,True,True,False,True,True,True,False,True
2994,1318,Austria,2020-06-07,2020-06-14,0.0,7.0,0.0,0.0,False,False,False,False,both_available,False,5,16.0,True,False,False,True,True,True,False,True
2995,1318,Austria,2020-06-14,2020-06-21,0.0,7.0,0.0,0.0,False,False,False,False,both_available,False,6,7.0,True,True,False,True,True,False,False,True
2996,1318,Austria,2020-06-21,2020-06-28,0.0,7.0,0.0,0.0,False,False,False,False,both_available,False,7,7.0,True,True,False,True,True,True,False,True
2997,1318,Austria,2020-06-28,2020-07-06,0.0,8.0,0.0,0.0,False,False,False,False,both_available,False,8,8.0,True,True,False,True,True,True,False,True
2998,1318,Austria,2020-07-06,2020-07-12,0.0,6.0,0.0,0.0,False,False,False,False,both_available,False,9,6.0,True,True,False,True,True,True,False,True
2999,1318,Austria,2020-07-12,2020-07-20,0.0,8.0,0.0,0.0,False,False,False,False,both_available,False,10,8.0,True,True,False,True,True,True,False,True
3000,1318,Austria,2020-07-20,2020-07-27,0.0,7.0,0.0,0.0,False,False,False,False,both_available,False,11,7.0,True,True,False,True,True,True,False,True
3001,1318,Austria,2020-08-15,2020-08-23,0.0,8.0,0.0,,False,True,True,False,p2_only_missing,False,12,27.0,True,False,False,True,True,False,False,True
3002,1318,Austria,2020-08-23,2020-08-30,0.0,7.0,0.0,0.0,False,False,False,False,both_available,False,13,7.0,True,True,False,True,True,False,False,True
3003,1318,Austria,2020-08-30,2020-09-06,0.0,7.0,0.0,0.0,False,False,False,False,both_available,False,14,7.0,True,True,False,True,True,True,False,True
3004,1318,Austria,2020-09-06,2020-09-13,0.0,7.0,0.0,0.0,False,False,False,False,both_available,False,15,7.0,True,True,False,True,True,True,False,True
3005,1318,Austria,2020-09-13,2020-09-20,0.0,7.0,0.0,0.0,False,False,False,False,both_available,False,16,7.0,True,True,False,True,True,True,False,True
3006,1318,Austria,2020-09-20,2020-09-27,0.0,7.0,0.0,0.0,False,False,False,False,both_available,False,17,7.0,True,True,False,True,True,True,False,True
3007,1318,Austria,2020-09-27,2020-10-04,0.0,7.0,0.0,0.0,False,False,False,False,both_available,False,18,7.0,True,True,False,True,True,True,False,True
3008,1318,Austria,2020-10-04,2020-10-11,0.0,7.0,0.0,0.0,False,False,False,False,both_available,False,19,7.0,True,True,False,True,True,True,False,True
3009,1318,Austria,2020-10-11,2020-10-18,0.0,7.0,0.0,0.0,False,False,False,False,both_available,False,20,7.0,True,True,False,True,True,True,False,True
3010,1319,Austria,2020-05-01,2020-05-08,0.0,7.0,,,True,True,True,True,both_missing,False,1,,True,False,True,False,True,False,True,False
3011,1319,Austria,2020-05-08,2020-05-15,0.0,7.0,0.0,,False,True,True,False,p2_only_missing,False,2,7.0,True,True,False,True,True,False,True,True
3012,1319,Austria,2020-05-23,2020-05-30,0.0,7.0,,0.0,True,False,True,False,p1_only_missing,False,3,15.0,True,False,False,True,True,True,False,True
3013,1319,Austria,2020-05-30,2020-06-07,0.0,8.0,0.0,,False,True,True,False,p2_only_missing,False,4,8.0,True,True,False,True,True,False,False,True
3014,1319,Austria,2020-06-15,2020-06-22,0.0,7.0,,0.0,True,False,True,False,p1_only_missing,False,5,15.0,True,False,False,True,True,True,False,True
3015,1319,Austria,2020-08-31,2020-09-07,0.0,7.0,,,True,True,True,True,both_missing,False,6,77.0,True,False,False,True,True,False,False,True
3016,1319,Austria,2020-09-21,2020-09-28,0.0,7.0,,,True,True,True,True,both_missing,False,7,21.0,True,False,False,True,True,False,False,True
3017,1319,Austria,2020-10-05,2020-10-12,0.0,7.0,,0.0,True,False,True,False,p1_only_missing,False,8,14.0,True,False,False,True,True,True,False,True
3018,1319,Austria,2020-10-12,2020-10-19,0.0,7.0,0.0,,False,True,True,False,p2_only_missing,False,9,7.0,True,True,False,True,True,False,False,True
3019,1319,Austria,2020-10-28,2020-11-03,0.0,6.0,0.0,,False,True,True,False,p2_only_missing,False,10,15.0,True,False,False,True,True,False,False,True
3020,1332,Austria,2020-05-04,2020-05-11,0.0,7.0,,,True,True,True,True,both_missing,False,1,,True,False,True,False,True,False,True,False
3021,1332,Austria,2020-05-11,2020-05-18,0.0,7.0,0.0,,False,True,True,False,p2_only_missing,False,2,7.0,True,True,False,True,True,False,True,True
3022,1332,Austria,2020-05-18,2020-05-25,0.0,7.0,0.0,0.0,False,False,False,False,both_available,False,3,7.0,True,True,False,True,True,True,False,True
3023,1332,Austria,2020-05-25,2020-06-01,0.0,7.0,0.0,0.0,False,False,False,False,both_available,False,4,7.0,True,True,False,True,True,True,False,True
3024,1332,Austria,2020-06-01,2020-06-09,0.0,8.0,0.0,0.0,False,False,False,False,both_available,False,5,8.0,True,True,False,True,True,True,False,True
3025,1332,Austria,2020-06-09,2020-06-16,0.0,7.0,0.0,0.0,False,False,False,False,both_available,False,6,7.0,True,True,False,True,True,True,False,True
3026,1332,Austria,2020-06-16,2020-06-23,0.0,7.0,0.0,0.0,False,False,False,False,both_available,False,7,7.0,True,True,False,True,True,True,False,True
3027,1332,Austria,2020-06-23,2020-06-30,0.0,7.0,0.0,0.0,False,False,False,False,both_available,False,8,7.0,True,True,False,True,True,True,False,True
3028,1332,Austria,2020-06-30,2020-07-08,0.0,8.0,0.0,0.0,False,False,False,False,both_available,False,9,8.0,True,True,False,True,True,True,False,True
3029,1332,Austria,2020-07-08,2020-07-15,0.0,7.0,0.0,0.0,False,False,False,False,both_available,False,10,7.0,True,True,False,True,True,True,False,True
3030,1332,Austria,2020-07-22,2020-07-29,0.0,7.0,,0.0,True,False,True,False,p1_only_missing,False,11,14.0,True,False,False,True,True,True,False,True
3031,1332,Austria,2020-08-19,2020-08-26,0.0,7.0,,,True,True,True,True,both_missing,False,12,28.0,True,False,False,True,True,False,False,True
3032,1332,Austria,2020-09-02,2020-09-09,0.0,7.0,,0.0,True,False,True,False,p1_only_missing,False,13,14.0,True,False,False,True,True,True,False,True
3033,1332,Austria,2020-09-09,2020-09-17,0.0,8.0,0.0,,False,True,True,False,p2_only_missing,False,14,8.0,True,True,False,True,True,False,False,True
3034,1332,Austria,2020-09-17,2020-09-24,0.0,7.0,0.0,0.0,False,False,False,False,both_available,False,15,7.0,True,True,False,True,True,True,False,True
3035,1332,Austria,2020-09-24,2020-10-01,0.0,7.0,0.0,0.0,False,False,False,False,both_available,False,16,7.0,True,True,False,True,True,True,False,True
3036,1332,Austria,2020-10-01,2020-10-08,0.0,7.0,0.0,0.0,False,False,False,False,both_available,False,17,7.0,True,True,False,True,True,True,False,True
3037,1332,Austria,2020-10-08,2020-10-15,0.0,7.0,0.0,0.0,False,False,False,False,both_available,False,18,7.0,True,True,False,True,True,True,False,True
3038,1332,Austria,2020-10-15,2020-10-22,0.0,7.0,0.0,0.0,False,False,False,False,both_available,False,19,7.0,True,True,False,True,True,True,False,True
3039,1332,Austria,2020-10-22,2020-10-29,0.0,7.0,0.0,0.0,False,False,False,False,both_available,False,20,7.0,True,True,False,True,True,True,False,True
3040,1333,Austria,2020-05-04,2020-05-11,0.0,7.0,,,True,True,True,True,both_missing,False,1,,True,False,True,False,True,False,True,False
3041,1333,Austria,2020-05-11,2020-05-18,0.0,7.0,0.0,,False,True,True,False,p2_only_missing,False,2,7.0,True,True,False,True,True,False,True,True
3042,1333,Austria,2020-05-18,2020-05-25,0.0,7.0,0.0,0.0,False,False,False,False,both_available,False,3,7.0,True,True,False,True,True,True,False,True
3043,1333,Austria,2020-05-25,2020-06-01,0.0,7.0,0.0,0.0,False,False,False,False,both_available,False,4,7.0,True,True,False,True,True,True,False,True
3044,1333,Austria,2020-06-01,2020-06-09,0.0,8.0,0.0,0.0,False,False,False,False,both_available,False,5,8.0,True,True,False,True,True,True,False,True
3045,1333,Austria,2020-06-09,2020-06-16,0.0,7.0,0.0,0.0,False,False,False,False,both_available,False,6,7.0,True,True,False,True,True,True,False,True
3046,1333,Austria,2020-06-16,2020-06-23,0.0,7.0,0.0,0.0,False,False,False,False,both_available,False,7,7.0,True,True,False,True,True,True,False,True
3047,1333,Austria,2020-06-23,2020-06-30,0.0,7.0,0.0,0.0,False,False,False,False,both_available,False,8,7.0,True,True,False,True,True,True,False,True
3048,1333,Austria,2020-06-30,2020-07-08,0.0,8.0,0.0,0.0,False,False,False,False,both_available,False,9,8.0,True,True,False,True,True,True,False,True
3049,1333,Austria,2020-07-08,2020-07-15,0.0,7.0,0.0,0.0,False,False,False,False,both_available,False,10,7.0,True,True,False,True,True,True,False,True
3050,1333,Austria,2020-07-22,2020-07-29,0.0,7.0,,0.0,True,False,True,False,p1_only_missing,False,11,14.0,True,False,False,True,True,True,False,True
3051,1333,Austria,2020-08-12,2020-08-19,0.0,7.0,,,True,True,True,True,both_missing,False,12,21.0,True,False,False,True,True,False,False,True
3052,1333,Austria,2020-08-19,2020-08-26,0.0,7.0,0.0,,False,True,True,False,p2_only_missing,False,13,7.0,True,True,False,True,True,False,False,True
3053,1333,Austria,2020-09-02,2020-09-09,0.0,7.0,,0.0,True,False,True,False,p1_only_missing,False,14,14.0,True,False,False,True,True,True,False,True
3054,1333,Austria,2020-09-09,2020-09-17,0.0,8.0,0.0,,False,True,True,False,p2_only_missing,False,15,8.0,True,True,False,True,True,False,False,True
3055,1333,Austria,2020-09-24,2020-10-01,0.0,7.0,,0.0,True,False,True,False,p1_only_missing,False,16,14.0,True,False,False,True,True,True,False,True
3056,1333,Austria,2020-10-01,2020-10-08,0.0,7.0,0.0,,False,True,True,False,p2_only_missing,False,17,7.0,True,True,False,True,True,False,False,True
3057,1333,Austria,2020-10-08,2020-10-15,0.0,7.0,0.0,0.0,False,False,False,False,both_available,False,18,7.0,True,True,False,True,True,True,False,True
3058,1333,Austria,2020-10-15,2020-10-22,0.0,7.0,0.0,0.0,False,False,False,False,both_available,False,19,7.0,True,True,False,True,True,True,False,True
3059,1333,Austria,2020-10-22,2020-10-29,0.0,7.0,0.0,0.0,False,False,False,False,both_available,False,20,7.0,True,True,False,True,True,True,False,True
3060,1334,Austria,2020-05-04,2020-05-11,0.0,7.0,,,True,True,True,True,both_missing,False,1,,True,False,True,False,True,False,True,False
3061,1334,Austria,2020-05-11,2020-05-18,0.0,7.0,0.0,,False,True,True,False,p2_only_missing,False,2,7.0,True,True,False,True,True,False,True,True
3062,1334,Austria,2020-05-18,2020-05-25,0.0,7.0,0.0,0.0,False,False,False,False,both_available,False,3,7.0,True,True,False,True,True,True,False,True
3063,1334,Austria,2020-06-01,2020-06-09,0.0,8.0,,0.0,True,False,True,False,p1_only_missing,False,4,15.0,True,False,False,True,True,True,False,True
3064,1334,Austria,2020-06-09,2020-06-16,0.0,7.0,0.0,,False,True,True,False,p2_only_missing,False,5,7.0,True,True,False,True,True,False,False,True
3065,1334,Austria,2020-06-16,2020-06-23,0.0,7.0,0.0,0.0,False,False,False,False,both_available,False,6,7.0,True,True,False,True,True,True,False,True
3066,1334,Austria,2020-06-23,2020-06-30,0.0,7.0,0.0,0.0,False,False,False,False,both_available,False,7,7.0,True,True,False,True,True,True,False,True
3067,1334,Austria,2020-06-30,2020-07-08,0.0,8.0,0.0,0.0,False,False,False,False,both_available,False,8,8.0,True,True,False,True,True,True,False,True
3068,1334,Austria,2020-07-08,2020-07-15,0.0,7.0,0.0,0.0,False,False,False,False,both_available,False,9,7.0,True,True,False,True,True,True,False,True
3069,1334,Austria,2020-08-12,2020-08-19,0.0,7.0,,,True,True,True,True,both_missing,False,10,35.0,True,False,False,True,True,False,False,True
3070,1334,Austria,2020-08-26,2020-09-02,0.0,7.0,,0.0,True,False,True,False,p1_only_missing,False,11,14.0,True,False,False,True,True,True,False,True
3071,1334,Austria,2020-09-17,2020-09-24,0.0,7.0,,,True,True,True,True,both_missing,False,12,22.0,True,False,False,True,True,False,False,True
3072,1334,Austria,2020-09-24,2020-10-01,0.0,7.0,0.0,,False,True,True,False,p2_only_missing,False,13,7.0,True,True,False,True,True,False,False,True
3073,1334,Austria,2020-10-01,2020-10-08,0.0,7.0,0.0,0.0,False,False,False,False,both_available,False,14,7.0,True,True,False,True,True,True,False,True
3074,1334,Austria,2020-10-08,2020-10-15,0.0,7.0,0.0,0.0,False,False,False,False,both_available,False,15,7.0,True,True,False,True,True,True,False,True
3075,1334,Austria,2020-10-15,2020-10-22,0.0,7.0,0.0,0.0,False,False,False,False,both_available,False,16,7.0,True,True,False,True,True,True,False,True
3076,1334,Austria,2020-10-22,2020-10-29,0.0,7.0,0.0,0.0,False,False,False,False,both_available,False,17,7.0,True,True,False,True,True,True,False,True
3077,1335,Austria,2020-05-04,2020-05-11,0.0,7.0,,,True,True,True,True,both_missing,False,1,,True,False,True,False,True,False,True,False
3078,1335,Austria,2020-05-11,2020-05-18,0.0,7.0,0.0,,False,True,True,False,p2_only_missing,False,2,7.0,True,True,False,True,True,False,True,True
3079,1335,Austria,2020-05-18,2020-05-25,0.0,7.0,0.0,0.0,False,False,False,False,both_available,False,3,7.0,True,True,False,True,True,True,False,True
3080,1335,Austria,2020-05-25,2020-06-01,0.0,7.0,0.0,0.0,False,False,False,False,both_available,False,4,7.0,True,True,False,True,True,True,False,True
3081,1335,Austria,2020-06-01,2020-06-09,0.0,8.0,0.0,0.0,False,False,False,False,both_available,False,5,8.0,True,True,False,True,True,True,False,True
3082,1335,Austria,2020-06-09,2020-06-16,0.0,7.0,0.0,0.0,False,False,False,False,both_available,False,6,7.0,True,True,False,True,True,True,False,True
3083,1335,Austria,2020-06-16,2020-06-23,0.0,7.0,0.0,0.0,False,False,False,False,both_available,False,7,7.0,True,True,False,True,True,True,False,True
3084,1335,Austria,2020-06-23,2020-06-30,0.0,7.0,0.0,0.0,False,False,False,False,both_available,False,8,7.0,True,True,False,True,True,True,False,True
3085,1335,Austria,2020-06-30,2020-07-08,0.0,8.0,0.0,0.0,False,False,False,False,both_available,False,9,8.0,True,True,False,True,True,True,False,True
3086,1335,Austria,2020-07-08,2020-07-15,0.0,7.0,0.0,0.0,False,False,False,False,both_available,False,10,7.0,True,True,False,True,True,True,False,True
3087,1335,Austria,2020-07-15,2020-07-22,0.0,7.0,0.0,0.0,False,False,False,False,both_available,False,11,7.0,True,True,False,True,True,True,False,True
3088,1335,Austria,2020-07-22,2020-07-29,0.0,7.0,0.0,0.0,False,False,False,False,both_available,False,12,7.0,True,True,False,True,True,True,False,True
3089,1335,Austria,2020-07-29,2020-08-05,0.0,7.0,0.0,0.0,False,False,False,False,both_available,False,13,7.0,True,True,False,True,True,True,False,True
3090,1335,Austria,2020-08-05,2020-08-12,0.0,7.0,0.0,0.0,False,False,False,False,both_available,False,14,7.0,True,True,False,True,True,True,False,True
3091,1335,Austria,2020-08-12,2020-08-19,0.0,7.0,0.0,0.0,False,False,False,False,both_available,False,15,7.0,True,True,False,True,True,True,False,True
3092,1335,Austria,2020-08-19,2020-08-26,0.0,7.0,0.0,0.0,False,False,False,False,both_available,False,16,7.0,True,True,False,True,True,True,False,True
3093,1335,Austria,2020-08-26,2020-09-02,0.0,7.0,0.0,0.0,False,False,False,False,both_available,False,17,7.0,True,True,False,True,True,True,False,True
3094,1335,Austria,2020-09-02,2020-09-09,0.0,7.0,0.0,0.0,False,False,False,False,both_available,False,18,7.0,True,True,False,True,True,True,False,True
3095,1335,Austria,2020-09-09,2020-09-17,0.0,8.0,0.0,0.0,False,False,False,False,both_available,False,19,8.0,True,True,False,True,True,True,False,True
3096,1335,Austria,2020-09-17,2020-09-24,0.0,7.0,0.0,0.0,False,False,False,False,both_available,False,20,7.0,True,True,False,True,True,True,False,True
3097,1335,Austria,2020-09-24,2020-10-01,0.0,7.0,0.0,0.0,False,False,False,False,both_available,False,21,7.0,True,True,False,True,True,True,False,True
3098,1335,Austria,2020-10-01,2020-10-08,0.0,7.0,0.0,0.0,False,False,False,False,both_available,False,22,7.0,True,True,False,True,True,True,False,True
3099,1335,Austria,2020-10-08,2020-10-15,0.0,7.0,0.0,0.0,False,False,False,False,both_available,False,23,7.0,True,True,False,True,True,True,False,True
3100,1335,Austria,2020-10-15,2020-10-22,0.0,7.0,0.0,0.0,False,False,False,False,both_available,False,24,7.0,True,True,False,True,True,True,False,True
3101,1335,Austria,2020-10-22,2020-10-29,0.0,7.0,0.0,0.0,False,False,False,False,both_available,False,25,7.0,True,True,False,True,True,True,False,True
3102,1336,Austria,2020-05-04,2020-05-11,0.0,7.0,,,True,True,True,True,both_missing,False,1,,True,False,True,False,True,False,True,False
3103,1336,Austria,2020-05-11,2020-05-18,0.0,7.0,0.0,,False,True,True,False,p2_only_missing,False,2,7.0,True,True,False,True,True,False,True,True
3104,1336,Austria,2020-05-18,2020-05-25,0.0,7.0,0.0,0.0,False,False,False,False,both_available,False,3,7.0,True,True,False,True,True,True,False,True
3105,1336,Austria,2020-05-25,2020-06-01,0.0,7.0,0.0,0.0,False,False,False,False,both_available,False,4,7.0,True,True,False,True,True,True,False,True
3106,1336,Austria,2020-06-01,2020-06-09,0.0,8.0,0.0,0.0,False,False,False,False,both_available,False,5,8.0,True,True,False,True,True,True,False,True
3107,1336,Austria,2020-06-09,2020-06-16,0.0,7.0,0.0,0.0,False,False,False,False,both_available,False,6,7.0,True,True,False,True,True,True,False,True
3108,1336,Austria,2020-06-16,2020-06-23,0.0,7.0,0.0,0.0,False,False,False,False,both_available,False,7,7.0,True,True,False,True,True,True,False,True
3109,1336,Austria,2020-06-23,2020-06-30,0.0,7.0,0.0,0.0,False,False,False,False,both_available,False,8,7.0,True,True,False,True,True,True,False,True
3110,1336,Austria,2020-06-30,2020-07-08,0.0,8.0,0.0,0.0,False,False,False,False,both_available,False,9,8.0,True,True,False,True,True,True,False,True
3111,1336,Austria,2020-07-08,2020-07-15,0.0,7.0,0.0,0.0,False,False,False,False,both_available,False,10,7.0,True,True,False,True,True,True,False,True
3112,1336,Austria,2020-07-15,2020-07-22,0.0,7.0,0.0,0.0,False,False,False,False,both_available,False,11,7.0,True,True,False,True,True,True,False,True
3113,1336,Austria,2020-07-29,2020-08-05,0.0,7.0,,0.0,True,False,True,False,p1_only_missing,False,12,14.0,True,False,False,True,True,True,False,True
3114,1336,Austria,2020-08-05,2020-08-12,0.0,7.0,0.0,,False,True,True,False,p2_only_missing,False,13,7.0,True,True,False,True,True,False,False,True
3115,1336,Austria,2020-08-19,2020-08-26,0.0,7.0,,0.0,True,False,True,False,p1_only_missing,False,14,14.0,True,False,False,True,True,True,False,True
3116,1336,Austria,2020-08-26,2020-09-02,0.0,7.0,0.0,,False,True,True,False,p2_only_missing,False,15,7.0,True,True,False,True,True,False,False,True
3117,1336,Austria,2020-09-09,2020-09-17,0.0,8.0,,0.0,True,False,True,False,p1_only_missing,False,16,15.0,True,False,False,True,True,True,False,True
3118,1336,Austria,2020-09-24,2020-10-01,0.0,7.0,,0.0,True,False,True,False,p1_only_missing,False,17,14.0,True,False,False,True,True,True,False,True
3119,1336,Austria,2020-10-01,2020-10-08,0.0,7.0,0.0,,False,True,True,False,p2_only_missing,False,18,7.0,True,True,False,True,True,False,False,True
3120,1336,Austria,2020-10-08,2020-10-15,0.0,7.0,0.0,0.0,False,False,False,False,both_available,False,19,7.0,True,True,False,True,True,True,False,True
3121,1336,Austria,2020-10-15,2020-10-22,0.0,7.0,0.0,0.0,False,False,False,False,both_available,False,20,7.0,True,True,False,True,True,True,False,True
3122,1336,Austria,2020-10-22,2020-10-29,0.0,7.0,0.0,0.0,False,False,False,False,both_available,False,21,7.0,True,True,False,True,True,True,False,True
3123,1337,Austria,2020-05-04,2020-05-12,0.0,8.0,,,True,True,True,True,both_missing,False,1,,True,False,True,False,True,False,True,False
3124,1337,Austria,2020-05-19,2020-05-25,0.0,6.0,,0.0,True,False,True,False,p1_only_missing,False,2,13.0,True,False,False,True,True,True,False,True
3125,1337,Austria,2020-05-25,2020-06-01,0.0,7.0,0.0,,False,True,True,False,p2_only_missing,False,3,7.0,True,True,False,True,True,False,False,True
3126,1337,Austria,2020-08-20,2020-08-27,0.0,7.0,,,True,True,True,True,both_missing,False,4,87.0,True,False,False,True,True,False,False,True
3127,1337,Austria,2020-09-24,2020-10-01,0.0,7.0,,,True,True,True,True,both_missing,False,5,35.0,True,False,False,True,True,False,False,True
3128,1337,Austria,2020-10-01,2020-10-09,0.0,8.0,0.0,,False,True,True,False,p2_only_missing,False,6,8.0,True,True,False,True,True,False,False,True
3129,1338,Austria,2020-05-04,2020-05-12,0.0,8.0,,,True,True,True,True,both_missing,False,1,,True,False,True,False,True,False,True,False
3130,1338,Austria,2020-05-12,2020-05-19,0.0,7.0,0.0,,False,True,True,False,p2_only_missing,False,2,7.0,True,True,False,True,True,False,True,True
3131,1338,Austria,2020-05-19,2020-05-25,0.0,6.0,0.0,0.0,False,False,False,False,both_available,False,3,6.0,True,True,False,True,True,True,False,True
3132,1338,Austria,2020-05-25,2020-06-01,0.0,7.0,0.0,0.0,False,False,False,False,both_available,False,4,7.0,True,True,False,True,True,True,False,True
3133,1338,Austria,2020-06-01,2020-06-08,0.0,7.0,0.0,0.0,False,False,False,False,both_available,False,5,7.0,True,True,False,True,True,True,False,True
3134,1338,Austria,2020-06-08,2020-06-15,0.0,7.0,0.0,0.0,False,False,False,False,both_available,False,6,7.0,True,True,False,True,True,True,False,True
3135,1338,Austria,2020-06-15,2020-06-22,0.0,7.0,0.0,0.0,False,False,False,False,both_available,False,7,7.0,True,True,False,True,True,True,False,True
3136,1338,Austria,2020-07-09,2020-07-16,0.0,7.0,,,True,True,True,True,both_missing,False,8,24.0,True,False,False,True,True,False,False,True
3137,1338,Austria,2020-08-27,2020-09-03,0.0,7.0,,,True,True,True,True,both_missing,False,9,49.0,True,False,False,True,True,False,False,True
3138,1338,Austria,2020-09-24,2020-10-01,0.0,7.0,,,True,True,True,True,both_missing,False,10,28.0,True,False,False,True,True,False,False,True
3139,1338,Austria,2020-10-01,2020-10-09,0.0,8.0,0.0,,False,True,True,False,p2_only_missing,False,11,8.0,True,True,False,True,True,False,False,True
3140,1339,Austria,2020-05-04,2020-05-12,0.0,8.0,,,True,True,True,True,both_missing,False,1,,True,False,True,False,True,False,True,False
3141,1339,Austria,2020-05-12,2020-05-19,0.0,7.0,0.0,,False,True,True,False,p2_only_missing,False,2,7.0,True,True,False,True,True,False,True,True
3142,1339,Austria,2020-05-19,2020-05-25,0.0,6.0,0.0,0.0,False,False,False,False,both_available,False,3,6.0,True,True,False,True,True,True,False,True
3143,1339,Austria,2020-05-25,2020-06-01,0.0,7.0,0.0,0.0,False,False,False,False,both_available,False,4,7.0,True,True,False,True,True,True,False,True
3144,1339,Austria,2020-06-01,2020-06-08,0.0,7.0,0.0,0.0,False,False,False,False,both_available,False,5,7.0,True,True,False,True,True,True,False,True
3145,1339,Austria,2020-06-08,2020-06-15,0.0,7.0,0.0,0.0,False,False,False,False,both_available,False,6,7.0,True,True,False,True,True,True,False,True
3146,1339,Austria,2020-07-16,2020-07-23,0.0,7.0,,0.0,True,False,True,False,p1_only_missing,False,7,38.0,True,False,False,True,True,False,False,True
3147,1339,Austria,2020-09-17,2020-09-24,0.0,7.0,,,True,True,True,True,both_missing,False,8,63.0,True,False,False,True,True,False,False,True
3148,1339,Austria,2020-09-24,2020-10-01,0.0,7.0,0.0,,False,True,True,False,p2_only_missing,False,9,7.0,True,True,False,True,True,False,False,True
3149,1339,Austria,2020-10-01,2020-10-09,0.0,8.0,0.0,0.0,False,False,False,False,both_available,False,10,8.0,True,True,False,True,True,True,False,True
3150,1340,Austria,2020-05-04,2020-05-12,0.0,8.0,,,True,True,True,True,both_missing,False,1,,True,False,True,False,True,False,True,False
3151,1340,Austria,2020-05-12,2020-05-19,0.0,7.0,0.0,,False,True,True,False,p2_only_missing,False,2,7.0,True,True,False,True,True,False,True,True
3152,1340,Austria,2020-05-19,2020-05-25,0.0,6.0,0.0,0.0,False,False,False,False,both_available,False,3,6.0,True,True,False,True,True,True,False,True
3153,1340,Austria,2020-06-08,2020-06-15,0.0,7.0,,,True,True,True,True,both_missing,False,4,21.0,True,False,False,True,True,False,False,True
3154,1340,Austria,2020-08-27,2020-09-03,0.0,7.0,,,True,True,True,True,both_missing,False,5,80.0,True,False,False,True,True,False,False,True
3155,1340,Austria,2020-09-10,2020-09-17,0.0,7.0,,0.0,True,False,True,False,p1_only_missing,False,6,14.0,True,False,False,True,True,True,False,True
3156,1340,Austria,2020-09-24,2020-10-01,0.0,7.0,,0.0,True,False,True,False,p1_only_missing,False,7,14.0,True,False,False,True,True,True,False,True
3157,1340,Austria,2020-10-01,2020-10-09,0.0,8.0,0.0,,False,True,True,False,p2_only_missing,False,8,8.0,True,True,False,True,True,False,False,True
3158,1341,Austria,2020-05-04,2020-05-12,0.0,8.0,,,True,True,True,True,both_missing,False,1,,True,False,True,False,True,False,True,False
3159,1341,Austria,2020-05-12,2020-05-19,0.0,7.0,0.0,,False,True,True,False,p2_only_missing,False,2,7.0,True,True,False,True,True,False,True,True
3160,1341,Austria,2020-05-19,2020-05-25,0.0,6.0,0.0,0.0,False,False,False,False,both_available,False,3,6.0,True,True,False,True,True,True,False,True
3161,1341,Austria,2020-05-25,2020-06-01,0.0,7.0,0.0,0.0,False,False,False,False,both_available,False,4,7.0,True,True,False,True,True,True,False,True
3162,1341,Austria,2020-06-01,2020-06-08,0.0,7.0,0.0,0.0,False,False,False,False,both_available,False,5,7.0,True,True,False,True,True,True,False,True
3163,1341,Austria,2020-06-08,2020-06-15,0.0,7.0,0.0,0.0,False,False,False,False,both_available,False,6,7.0,True,True,False,True,True,True,False,True
3164,1341,Austria,2020-07-16,2020-07-23,0.0,7.0,,,True,True,True,True,both_missing,False,7,38.0,True,False,False,True,True,False,False,True
3165,1341,Austria,2020-07-30,2020-08-06,0.0,7.0,,0.0,True,False,True,False,p1_only_missing,False,8,14.0,True,False,False,True,True,True,False,True
3166,1341,Austria,2020-08-27,2020-09-03,0.0,7.0,,,True,True,True,True,both_missing,False,9,28.0,True,False,False,True,True,False,False,True
3167,1341,Austria,2020-09-03,2020-09-10,0.0,7.0,0.0,,False,True,True,False,p2_only_missing,False,10,7.0,True,True,False,True,True,False,False,True
3168,1341,Austria,2020-09-24,2020-10-01,0.0,7.0,,,True,True,True,True,both_missing,False,11,21.0,True,False,False,True,True,False,False,True
3169,1341,Austria,2020-10-01,2020-10-09,0.0,8.0,0.0,,False,True,True,False,p2_only_missing,False,12,8.0,True,True,False,True,True,False,False,True
3170,1346,Austria,2020-05-14,2020-05-20,0.0,6.0,,,True,True,True,True,both_missing,False,1,,True,False,True,False,True,False,True,False
3171,1346,Austria,2020-05-23,2020-05-30,0.0,7.0,,,True,True,True,True,both_missing,False,2,10.0,True,False,False,True,True,False,True,True
3172,1346,Austria,2020-06-08,2020-06-15,0.0,7.0,,0.0,True,False,True,False,p1_only_missing,False,3,16.0,True,False,False,True,True,True,False,True
3173,1346,Austria,2020-06-22,2020-06-29,0.0,7.0,,0.0,True,False,True,False,p1_only_missing,False,4,14.0,True,False,False,True,True,True,False,True
3174,1346,Austria,2020-07-07,2020-07-13,0.0,6.0,,0.0,True,False,True,False,p1_only_missing,False,5,14.0,True,False,False,True,True,True,False,True
3175,1346,Austria,2020-07-20,2020-07-27,0.0,7.0,,0.0,True,False,True,False,p1_only_missing,False,6,14.0,True,False,False,True,True,True,False,True
3176,1346,Austria,2020-08-04,2020-08-11,0.0,7.0,,0.0,True,False,True,False,p1_only_missing,False,7,15.0,True,False,False,True,True,True,False,True
3177,1346,Austria,2020-08-18,2020-08-26,0.0,8.0,,0.0,True,False,True,False,p1_only_missing,False,8,15.0,True,False,False,True,True,True,False,True
3178,1348,Austria,2020-05-04,2020-05-12,0.0,8.0,,,True,True,True,True,both_missing,False,1,,True,False,True,False,True,False,True,False
3179,1348,Austria,2020-05-12,2020-05-19,0.0,7.0,0.0,,False,True,True,False,p2_only_missing,False,2,7.0,True,True,False,True,True,False,True,True
3180,1348,Austria,2020-05-19,2020-05-26,0.0,7.0,0.0,0.0,False,False,False,False,both_available,False,3,7.0,True,True,False,True,True,True,False,True
3181,1348,Austria,2020-05-26,2020-06-02,0.0,7.0,0.0,0.0,False,False,False,False,both_available,False,4,7.0,True,True,False,True,True,True,False,True
3182,1348,Austria,2020-06-30,2020-07-08,0.0,8.0,,,True,True,True,True,both_missing,False,5,36.0,True,False,False,True,True,False,False,True
3183,1348,Austria,2020-07-08,2020-07-16,0.0,8.0,0.0,,False,True,True,False,p2_only_missing,False,6,8.0,True,True,False,True,True,False,False,True
3184,1348,Austria,2020-08-13,2020-08-20,0.0,7.0,,0.0,True,False,True,False,p1_only_missing,False,7,35.0,True,False,False,True,True,False,False,True
3185,1348,Austria,2020-08-20,2020-08-27,0.0,7.0,0.0,,False,True,True,False,p2_only_missing,False,8,7.0,True,True,False,True,True,False,False,True
3186,1348,Austria,2020-08-27,2020-09-03,0.0,7.0,0.0,0.0,False,False,False,False,both_available,False,9,7.0,True,True,False,True,True,True,False,True
3187,1348,Austria,2020-09-10,2020-09-17,0.0,7.0,,0.0,True,False,True,False,p1_only_missing,False,10,14.0,True,False,False,True,True,True,False,True
3188,1348,Austria,2020-09-17,2020-09-24,0.0,7.0,0.0,,False,True,True,False,p2_only_missing,False,11,7.0,True,True,False,True,True,False,False,True
3189,1348,Austria,2020-09-24,2020-10-01,0.0,7.0,0.0,0.0,False,False,False,False,both_available,False,12,7.0,True,True,False,True,True,True,False,True
3190,1348,Austria,2020-10-01,2020-10-09,0.0,8.0,0.0,0.0,False,False,False,False,both_available,False,13,8.0,True,True,False,True,True,True,False,True
3191,1349,Austria,2020-05-04,2020-05-12,0.0,8.0,,,True,True,True,True,both_missing,False,1,,True,False,True,False,True,False,True,False
3192,1349,Austria,2020-05-12,2020-05-19,0.0,7.0,0.0,,False,True,True,False,p2_only_missing,False,2,7.0,True,True,False,True,True,False,True,True
3193,1349,Austria,2020-05-19,2020-05-26,0.0,7.0,0.0,0.0,False,False,False,False,both_available,False,3,7.0,True,True,False,True,True,True,False,True
3194,1349,Austria,2020-06-02,2020-06-09,0.0,7.0,,0.0,True,False,True,False,p1_only_missing,False,4,14.0,True,False,False,True,True,True,False,True
3195,1349,Austria,2020-06-16,2020-06-23,0.0,7.0,,0.0,True,False,True,False,p1_only_missing,False,5,14.0,True,False,False,True,True,True,False,True
3196,1349,Austria,2020-06-23,2020-06-30,0.0,7.0,0.0,,False,True,True,False,p2_only_missing,False,6,7.0,True,True,False,True,True,False,False,True
3197,1349,Austria,2020-06-30,2020-07-08,0.0,8.0,0.0,0.0,False,False,False,False,both_available,False,7,8.0,True,True,False,True,True,True,False,True
3198,1349,Austria,2020-07-08,2020-07-16,0.0,8.0,0.0,0.0,False,False,False,False,both_available,False,8,8.0,True,True,False,True,True,True,False,True
3199,1349,Austria,2020-08-13,2020-08-20,0.0,7.0,0.0,0.0,False,False,False,False,both_available,False,9,35.0,True,False,False,True,True,False,False,True
3200,1349,Austria,2020-08-20,2020-08-27,0.0,7.0,0.0,0.0,False,False,False,False,both_available,False,10,7.0,True,True,False,True,True,False,False,True
3201,1349,Austria,2020-08-27,2020-09-03,0.0,7.0,0.0,0.0,False,False,False,False,both_available,False,11,7.0,True,True,False,True,True,True,False,True
3202,1349,Austria,2020-09-03,2020-09-10,0.0,7.0,0.0,0.0,False,False,False,False,both_available,False,12,7.0,True,True,False,True,True,True,False,True
3203,1349,Austria,2020-09-10,2020-09-17,0.0,7.0,0.0,0.0,False,False,False,False,both_available,False,13,7.0,True,True,False,True,True,True,False,True
3204,1349,Austria,2020-09-17,2020-09-24,0.0,7.0,0.0,0.0,False,False,False,False,both_available,False,14,7.0,True,True,False,True,True,True,False,True
3205,1349,Austria,2020-09-24,2020-10-01,0.0,7.0,0.0,0.0,False,False,False,False,both_available,False,15,7.0,True,True,False,True,True,True,False,True
3206,1349,Austria,2020-10-01,2020-10-09,0.0,8.0,0.0,0.0,False,False,False,False,both_available,False,16,8.0,True,True,False,True,True,True,False,True
3207,1350,Austria,2020-05-04,2020-05-12,0.0,8.0,,,True,True,True,True,both_missing,False,1,,True,False,True,False,True,False,True,False
3208,1350,Austria,2020-05-12,2020-05-19,0.0,7.0,0.0,,False,True,True,False,p2_only_missing,False,2,7.0,True,True,False,True,True,False,True,True
3209,1350,Austria,2020-05-26,2020-06-02,0.0,7.0,,0.0,True,False,True,False,p1_only_missing,False,3,14.0,True,False,False,True,True,True,False,True
3210,1350,Austria,2020-06-02,2020-06-09,0.0,7.0,0.0,,False,True,True,False,p2_only_missing,False,4,7.0,True,True,False,True,True,False,False,True
3211,1350,Austria,2020-06-16,2020-06-23,0.0,7.0,,0.0,True,False,True,False,p1_only_missing,False,5,14.0,True,False,False,True,True,True,False,True
3212,1350,Austria,2020-06-23,2020-06-30,0.0,7.0,0.0,,False,True,True,False,p2_only_missing,False,6,7.0,True,True,False,True,True,False,False,True
3213,1350,Austria,2020-07-08,2020-07-16,0.0,8.0,,0.0,True,False,True,False,p1_only_missing,False,7,16.0,True,False,False,True,True,True,False,True
3214,1350,Austria,2020-08-20,2020-08-27,0.0,7.0,,0.0,True,False,True,False,p1_only_missing,False,8,42.0,True,False,False,True,True,False,False,True
3215,1350,Austria,2020-08-27,2020-09-03,0.0,7.0,0.0,,False,True,True,False,p2_only_missing,False,9,7.0,True,True,False,True,True,False,False,True
3216,1350,Austria,2020-09-03,2020-09-10,0.0,7.0,0.0,0.0,False,False,False,False,both_available,False,10,7.0,True,True,False,True,True,True,False,True
3217,1350,Austria,2020-09-17,2020-09-24,0.0,7.0,,0.0,True,False,True,False,p1_only_missing,False,11,14.0,True,False,False,True,True,True,False,True
3218,1350,Austria,2020-09-24,2020-10-01,0.0,7.0,0.0,,False,True,True,False,p2_only_missing,False,12,7.0,True,True,False,True,True,False,False,True
3219,1350,Austria,2020-10-01,2020-10-09,0.0,8.0,0.0,0.0,False,False,False,False,both_available,False,13,8.0,True,True,False,True,True,True,False,True
3220,1351,Austria,2020-05-04,2020-05-12,0.0,8.0,,,True,True,True,True,both_missing,False,1,,True,False,True,False,True,False,True,False
3221,1351,Austria,2020-05-12,2020-05-19,0.0,7.0,0.0,,False,True,True,False,p2_only_missing,False,2,7.0,True,True,False,True,True,False,True,True
3222,1351,Austria,2020-05-19,2020-05-26,0.0,7.0,0.0,0.0,False,False,False,False,both_available,False,3,7.0,True,True,False,True,True,True,False,True
3223,1351,Austria,2020-05-26,2020-06-02,0.0,7.0,0.0,0.0,False,False,False,False,both_available,False,4,7.0,True,True,False,True,True,True,False,True
3224,1351,Austria,2020-06-02,2020-06-09,0.0,7.0,0.0,0.0,False,False,False,False,both_available,False,5,7.0,True,True,False,True,True,True,False,True
3225,1351,Austria,2020-06-09,2020-06-16,0.0,7.0,0.0,0.0,False,False,False,False,both_available,False,6,7.0,True,True,False,True,True,True,False,True
3226,1351,Austria,2020-06-16,2020-06-23,0.0,7.0,0.0,0.0,False,False,False,False,both_available,False,7,7.0,True,True,False,True,True,True,False,True
3227,1351,Austria,2020-07-08,2020-07-16,0.0,8.0,,,True,True,True,True,both_missing,False,8,23.0,True,False,False,True,True,False,False,True
3228,1351,Austria,2020-08-13,2020-08-20,0.0,7.0,0.0,0.0,False,False,False,False,both_available,False,9,35.0,True,False,False,True,True,False,False,True
3229,1351,Austria,2020-08-20,2020-08-27,0.0,7.0,0.0,0.0,False,False,False,False,both_available,False,10,7.0,True,True,False,True,True,False,False,True
3230,1351,Austria,2020-08-27,2020-09-03,0.0,7.0,0.0,0.0,False,False,False,False,both_available,False,11,7.0,True,True,False,True,True,True,False,True
3231,1351,Austria,2020-09-03,2020-09-10,0.0,7.0,0.0,0.0,False,False,False,False,both_available,False,12,7.0,True,True,False,True,True,True,False,True
3232,1351,Austria,2020-09-10,2020-09-17,0.0,7.0,0.0,0.0,False,False,False,False,both_available,False,13,7.0,True,True,False,True,True,True,False,True
3233,1351,Austria,2020-09-17,2020-09-24,0.0,7.0,0.0,0.0,False,False,False,False,both_available,False,14,7.0,True,True,False,True,True,True,False,True
3234,1351,Austria,2020-09-24,2020-10-01,0.0,7.0,0.0,0.0,False,False,False,False,both_available,False,15,7.0,True,True,False,True,True,True,False,True
3235,1351,Austria,2020-10-01,2020-10-09,0.0,8.0,0.0,0.0,False,False,False,False,both_available,False,16,8.0,True,True,False,True,True,True,False,True
3236,1352,Austria,2020-05-04,2020-05-12,0.0,8.0,,,True,True,True,True,both_missing,False,1,,True,False,True,False,True,False,True,False
3237,1352,Austria,2020-05-12,2020-05-19,0.0,7.0,0.0,,False,True,True,False,p2_only_missing,False,2,7.0,True,True,False,True,True,False,True,True
3238,1352,Austria,2020-05-19,2020-05-26,0.0,7.0,0.0,0.0,False,False,False,False,both_available,False,3,7.0,True,True,False,True,True,True,False,True
3239,1352,Austria,2020-05-26,2020-06-02,0.0,7.0,0.0,0.0,False,False,False,False,both_available,False,4,7.0,True,True,False,True,True,True,False,True
3240,1352,Austria,2020-06-02,2020-06-09,0.0,7.0,0.0,0.0,False,False,False,False,both_available,False,5,7.0,True,True,False,True,True,True,False,True
3241,1352,Austria,2020-06-09,2020-06-16,0.0,7.0,0.0,0.0,False,False,False,False,both_available,False,6,7.0,True,True,False,True,True,True,False,True
3242,1352,Austria,2020-06-16,2020-06-23,0.0,7.0,0.0,0.0,False,False,False,False,both_available,False,7,7.0,True,True,False,True,True,True,False,True
3243,1352,Austria,2020-06-23,2020-06-30,0.0,7.0,0.0,0.0,False,False,False,False,both_available,False,8,7.0,True,True,False,True,True,True,False,True
3244,1352,Austria,2020-06-30,2020-07-08,20.125,8.0,0.0,0.0,False,False,False,False,both_available,True,9,8.0,True,True,False,True,True,True,False,True
3245,1352,Austria,2020-07-08,2020-07-16,0.0,8.0,20.125,0.0,False,False,False,False,both_available,False,10,8.0,True,True,False,True,True,True,False,True
3246,1352,Austria,2020-08-13,2020-08-20,0.0,7.0,0.0,0.0,False,False,False,False,both_available,False,11,35.0,True,False,False,True,True,False,False,True
3247,1352,Austria,2020-08-20,2020-08-27,0.0,7.0,0.0,0.0,False,False,False,False,both_available,False,12,7.0,True,True,False,True,True,False,False,True
3248,1352,Austria,2020-08-27,2020-09-03,0.0,7.0,0.0,0.0,False,False,False,False,both_available,False,13,7.0,True,True,False,True,True,True,False,True
3249,1352,Austria,2020-09-03,2020-09-10,0.0,7.0,0.0,0.0,False,False,False,False,both_available,False,14,7.0,True,True,False,True,True,True,False,True
3250,1352,Austria,2020-09-10,2020-09-17,0.0,7.0,0.0,0.0,False,False,False,False,both_available,False,15,7.0,True,True,False,True,True,True,False,True
3251,1352,Austria,2020-09-17,2020-09-24,0.0,7.0,0.0,0.0,False,False,False,False,both_available,False,16,7.0,True,True,False,True,True,True,False,True
3252,1352,Austria,2020-09-24,2020-10-01,0.0,7.0,0.0,0.0,False,False,False,False,both_available,False,17,7.0,True,True,False,True,True,True,False,True
3253,1352,Austria,2020-10-01,2020-10-09,0.0,8.0,0.0,0.0,False,False,False,False,both_available,False,18,8.0,True,True,False,True,True,True,False,True
3254,1353,Austria,2020-09-02,2020-09-09,0.0,7.0,0.0,,False,True,True,False,p2_only_missing,False,1,,True,False,False,True,True,False,True,True
3255,1353,Austria,2020-09-09,2020-09-16,0.0,7.0,0.0,0.0,False,False,False,False,both_available,False,2,7.0,True,True,False,True,True,False,False,True
3256,1353,Austria,2020-10-05,2020-10-13,0.0,8.0,0.0,,False,True,True,False,p2_only_missing,False,3,27.0,True,False,False,True,True,False,False,True
3257,1353,Austria,2020-10-27,2020-11-03,0.0,7.0,,,True,True,True,True,both_missing,False,4,21.0,True,False,False,True,True,False,False,True
3258,1354,Austria,2020-09-09,2020-09-16,0.0,7.0,,,True,True,True,True,both_missing,False,1,,True,False,True,False,True,False,True,False
3259,1354,Austria,2020-10-05,2020-10-13,0.0,8.0,,,True,True,True,True,both_missing,False,2,27.0,True,False,False,True,True,False,False,True
3260,1354,Austria,2020-10-27,2020-11-03,0.0,7.0,0.0,,False,True,True,False,p2_only_missing,False,3,21.0,True,False,False,True,True,False,False,True
3261,1355,Austria,2020-09-09,2020-09-16,0.0,7.0,,,True,True,True,True,both_missing,False,1,,True,False,True,False,True,False,True,False
3262,1355,Austria,2020-10-05,2020-10-13,0.0,8.0,,,True,True,True,True,both_missing,False,2,27.0,True,False,False,True,True,False,False,True
3263,1355,Austria,2020-10-27,2020-11-03,0.0,7.0,0.0,,False,True,True,False,p2_only_missing,False,3,21.0,True,False,False,True,True,False,False,True
3264,1356,Austria,2020-10-05,2020-10-13,0.0,8.0,,,True,True,True,True,both_missing,False,1,,True,False,False,True,True,False,False,True
3265,1356,Austria,2020-10-27,2020-11-03,0.0,7.0,0.0,,False,True,True,False,p2_only_missing,False,2,21.0,True,False,False,True,True,False,False,True
3266,1357,Austria,2020-10-05,2020-10-13,0.0,8.0,0.0,,False,True,True,False,p2_only_missing,False,1,,True,False,False,True,True,False,True,True
3267,1357,Austria,2020-10-27,2020-11-03,0.0,7.0,0.0,,False,True,True,False,p2_only_missing,False,2,21.0,True,False,False,True,True,False,False,True
3268,1384,Austria,2020-05-04,2020-05-11,0.0,7.0,,,True,True,True,True,both_missing,False,1,,True,False,True,False,True,False,True,False
3269,1384,Austria,2020-05-11,2020-05-18,0.0,7.0,0.0,,False,True,True,False,p2_only_missing,False,2,7.0,True,True,False,True,True,False,True,True
3270,1384,Austria,2020-05-18,2020-05-25,0.0,7.0,0.0,0.0,False,False,False,False,both_available,False,3,7.0,True,True,False,True,True,True,False,True
3271,1384,Austria,2020-05-25,2020-06-01,0.0,7.0,0.0,0.0,False,False,False,False,both_available,False,4,7.0,True,True,False,True,True,True,False,True
3272,1384,Austria,2020-06-01,2020-06-09,0.0,8.0,0.0,0.0,False,False,False,False,both_available,False,5,8.0,True,True,False,True,True,True,False,True
3273,1384,Austria,2020-06-09,2020-06-16,0.0,7.0,0.0,0.0,False,False,False,False,both_available,False,6,7.0,True,True,False,True,True,True,False,True
3274,1384,Austria,2020-06-16,2020-06-23,0.0,7.0,0.0,0.0,False,False,False,False,both_available,False,7,7.0,True,True,False,True,True,True,False,True
3275,1384,Austria,2020-06-23,2020-06-30,0.0,7.0,0.0,0.0,False,False,False,False,both_available,False,8,7.0,True,True,False,True,True,True,False,True
3276,1384,Austria,2020-06-30,2020-07-08,0.0,8.0,0.0,0.0,False,False,False,False,both_available,False,9,8.0,True,True,False,True,True,True,False,True
3277,1384,Austria,2020-07-08,2020-07-15,0.0,7.0,0.0,0.0,False,False,False,False,both_available,False,10,7.0,True,True,False,True,True,True,False,True
3278,1384,Austria,2020-07-15,2020-07-22,0.0,7.0,0.0,0.0,False,False,False,False,both_available,False,11,7.0,True,True,False,True,True,True,False,True
3279,1384,Austria,2020-07-22,2020-07-29,0.0,7.0,0.0,0.0,False,False,False,False,both_available,False,12,7.0,True,True,False,True,True,True,False,True
3280,1384,Austria,2020-07-29,2020-08-05,0.0,7.0,0.0,0.0,False,False,False,False,both_available,False,13,7.0,True,True,False,True,True,True,False,True
3281,1384,Austria,2020-08-05,2020-08-12,0.0,7.0,0.0,0.0,False,False,False,False,both_available,False,14,7.0,True,True,False,True,True,True,False,True
3282,1384,Austria,2020-08-12,2020-08-19,0.0,7.0,0.0,0.0,False,False,False,False,both_available,False,15,7.0,True,True,False,True,True,True,False,True
3283,1384,Austria,2020-08-19,2020-08-26,0.0,7.0,0.0,0.0,False,False,False,False,both_available,False,16,7.0,True,True,False,True,True,True,False,True
3284,1384,Austria,2020-08-26,2020-09-02,0.0,7.0,0.0,0.0,False,False,False,False,both_available,False,17,7.0,True,True,False,True,True,True,False,True
3285,1384,Austria,2020-09-02,2020-09-09,0.0,7.0,0.0,0.0,False,False,False,False,both_available,False,18,7.0,True,True,False,True,True,True,False,True
3286,1384,Austria,2020-09-09,2020-09-17,0.0,8.0,0.0,0.0,False,False,False,False,both_available,False,19,8.0,True,True,False,True,True,True,False,True
3287,1384,Austria,2020-09-17,2020-09-24,0.0,7.0,0.0,0.0,False,False,False,False,both_available,False,20,7.0,True,True,False,True,True,True,False,True
3288,1384,Austria,2020-09-24,2020-10-01,0.0,7.0,0.0,0.0,False,False,False,False,both_available,False,21,7.0,True,True,False,True,True,True,False,True
3289,1384,Austria,2020-10-01,2020-10-08,0.0,7.0,0.0,0.0,False,False,False,False,both_available,False,22,7.0,True,True,False,True,True,True,False,True
3290,1384,Austria,2020-10-08,2020-10-15,0.0,7.0,0.0,0.0,False,False,False,False,both_available,False,23,7.0,True,True,False,True,True,True,False,True
3291,1384,Austria,2020-10-15,2020-10-22,0.0,7.0,0.0,0.0,False,False,False,False,both_available,False,24,7.0,True,True,False,True,True,True,False,True
3292,1384,Austria,2020-10-22,2020-10-29,0.0,7.0,0.0,0.0,False,False,False,False,both_available,False,25,7.0,True,True,False,True,True,True,False,True
3293,1385,Austria,2020-05-04,2020-05-11,0.0,7.0,,,True,True,True,True,both_missing,False,1,,True,False,True,False,True,False,True,False
3294,1385,Austria,2020-05-11,2020-05-18,0.0,7.0,0.0,,False,True,True,False,p2_only_missing,False,2,7.0,True,True,False,True,True,False,True,True
3295,1385,Austria,2020-05-18,2020-05-25,0.0,7.0,0.0,0.0,False,False,False,False,both_available,False,3,7.0,True,True,False,True,True,True,False,True
3296,1385,Austria,2020-05-25,2020-06-01,0.0,7.0,0.0,0.0,False,False,False,False,both_available,False,4,7.0,True,True,False,True,True,True,False,True
3297,1385,Austria,2020-06-01,2020-06-09,0.0,8.0,0.0,0.0,False,False,False,False,both_available,False,5,8.0,True,True,False,True,True,True,False,True
3298,1385,Austria,2020-06-09,2020-06-16,0.0,7.0,0.0,0.0,False,False,False,False,both_available,False,6,7.0,True,True,False,True,True,True,False,True
3299,1385,Austria,2020-06-16,2020-06-23,0.0,7.0,0.0,0.0,False,False,False,False,both_available,False,7,7.0,True,True,False,True,True,True,False,True
3300,1385,Austria,2020-06-23,2020-06-30,0.0,7.0,0.0,0.0,False,False,False,False,both_available,False,8,7.0,True,True,False,True,True,True,False,True
3301,1385,Austria,2020-06-30,2020-07-08,0.0,8.0,0.0,0.0,False,False,False,False,both_available,False,9,8.0,True,True,False,True,True,True,False,True
3302,1385,Austria,2020-07-08,2020-07-15,0.0,7.0,0.0,0.0,False,False,False,False,both_available,False,10,7.0,True,True,False,True,True,True,False,True
3303,1385,Austria,2020-07-15,2020-07-22,0.0,7.0,0.0,0.0,False,False,False,False,both_available,False,11,7.0,True,True,False,True,True,True,False,True
3304,1385,Austria,2020-07-22,2020-07-29,0.0,7.0,0.0,0.0,False,False,False,False,both_available,False,12,7.0,True,True,False,True,True,True,False,True
3305,1385,Austria,2020-07-29,2020-08-05,0.0,7.0,0.0,0.0,False,False,False,False,both_available,False,13,7.0,True,True,False,True,True,True,False,True
3306,1385,Austria,2020-08-05,2020-08-12,0.0,7.0,0.0,0.0,False,False,False,False,both_available,False,14,7.0,True,True,False,True,True,True,False,True
3307,1385,Austria,2020-08-12,2020-08-19,0.0,7.0,0.0,0.0,False,False,False,False,both_available,False,15,7.0,True,True,False,True,True,True,False,True
3308,1385,Austria,2020-08-19,2020-08-26,0.0,7.0,0.0,0.0,False,False,False,False,both_available,False,16,7.0,True,True,False,True,True,True,False,True
3309,1385,Austria,2020-08-26,2020-09-02,0.0,7.0,0.0,0.0,False,False,False,False,both_available,False,17,7.0,True,True,False,True,True,True,False,True
3310,1385,Austria,2020-09-02,2020-09-09,0.0,7.0,0.0,0.0,False,False,False,False,both_available,False,18,7.0,True,True,False,True,True,True,False,True
3311,1385,Austria,2020-09-09,2020-09-17,0.0,8.0,0.0,0.0,False,False,False,False,both_available,False,19,8.0,True,True,False,True,True,True,False,True
3312,1385,Austria,2020-09-17,2020-09-24,0.0,7.0,0.0,0.0,False,False,False,False,both_available,False,20,7.0,True,True,False,True,True,True,False,True
3313,1385,Austria,2020-09-24,2020-10-01,0.0,7.0,0.0,0.0,False,False,False,False,both_available,False,21,7.0,True,True,False,True,True,True,False,True
3314,1385,Austria,2020-10-01,2020-10-08,0.0,7.0,0.0,0.0,False,False,False,False,both_available,False,22,7.0,True,True,False,True,True,True,False,True
3315,1385,Austria,2020-10-08,2020-10-15,0.0,7.0,0.0,0.0,False,False,False,False,both_available,False,23,7.0,True,True,False,True,True,True,False,True
3316,1385,Austria,2020-10-15,2020-10-22,0.0,7.0,0.0,0.0,False,False,False,False,both_available,False,24,7.0,True,True,False,True,True,True,False,True
3317,1385,Austria,2020-10-22,2020-10-29,0.0,7.0,0.0,0.0,False,False,False,False,both_available,False,25,7.0,True,True,False,True,True,True,False,True
3318,1386,Austria,2020-05-04,2020-05-11,0.0,7.0,,,True,True,True,True,both_missing,False,1,,True,False,True,False,True,False,True,False
3319,1386,Austria,2020-05-11,2020-05-18,0.0,7.0,0.0,,False,True,True,False,p2_only_missing,False,2,7.0,True,True,False,True,True,False,True,True
3320,1386,Austria,2020-05-18,2020-05-25,0.0,7.0,0.0,0.0,False,False,False,False,both_available,False,3,7.0,True,True,False,True,True,True,False,True
3321,1386,Austria,2020-05-25,2020-06-01,0.0,7.0,0.0,0.0,False,False,False,False,both_available,False,4,7.0,True,True,False,True,True,True,False,True
3322,1386,Austria,2020-06-01,2020-06-09,0.0,8.0,0.0,0.0,False,False,False,False,both_available,False,5,8.0,True,True,False,True,True,True,False,True
3323,1386,Austria,2020-06-09,2020-06-16,0.0,7.0,0.0,0.0,False,False,False,False,both_available,False,6,7.0,True,True,False,True,True,True,False,True
3324,1386,Austria,2020-06-16,2020-06-23,0.0,7.0,0.0,0.0,False,False,False,False,both_available,False,7,7.0,True,True,False,True,True,True,False,True
3325,1386,Austria,2020-06-30,2020-07-08,0.0,8.0,,0.0,True,False,True,False,p1_only_missing,False,8,15.0,True,False,False,True,True,True,False,True
3326,1386,Austria,2020-07-08,2020-07-15,0.0,7.0,0.0,,False,True,True,False,p2_only_missing,False,9,7.0,True,True,False,True,True,False,False,True
3327,1386,Austria,2020-07-15,2020-07-22,0.0,7.0,0.0,0.0,False,False,False,False,both_available,False,10,7.0,True,True,False,True,True,True,False,True
3328,1386,Austria,2020-07-22,2020-07-29,0.0,7.0,0.0,0.0,False,False,False,False,both_available,False,11,7.0,True,True,False,True,True,True,False,True
3329,1386,Austria,2020-07-29,2020-08-05,0.0,7.0,0.0,0.0,False,False,False,False,both_available,False,12,7.0,True,True,False,True,True,True,False,True
3330,1386,Austria,2020-08-05,2020-08-12,0.0,7.0,0.0,0.0,False,False,False,False,both_available,False,13,7.0,True,True,False,True,True,True,False,True
3331,1386,Austria,2020-08-12,2020-08-19,0.0,7.0,0.0,0.0,False,False,False,False,both_available,False,14,7.0,True,True,False,True,True,True,False,True
3332,1386,Austria,2020-08-19,2020-08-26,0.0,7.0,0.0,0.0,False,False,False,False,both_available,False,15,7.0,True,True,False,True,True,True,False,True
3333,1386,Austria,2020-08-26,2020-09-02,0.0,7.0,0.0,0.0,False,False,False,False,both_available,False,16,7.0,True,True,False,True,True,True,False,True
3334,1386,Austria,2020-09-02,2020-09-09,0.0,7.0,0.0,0.0,False,False,False,False,both_available,False,17,7.0,True,True,False,True,True,True,False,True
3335,1386,Austria,2020-09-09,2020-09-17,0.0,8.0,0.0,0.0,False,False,False,False,both_available,False,18,8.0,True,True,False,True,True,True,False,True
3336,1386,Austria,2020-09-17,2020-09-24,0.0,7.0,0.0,0.0,False,False,False,False,both_available,False,19,7.0,True,True,False,True,True,True,False,True
3337,1386,Austria,2020-09-24,2020-10-01,0.0,7.0,0.0,0.0,False,False,False,False,both_available,False,20,7.0,True,True,False,True,True,True,False,True
3338,1386,Austria,2020-10-01,2020-10-08,0.0,7.0,0.0,0.0,False,False,False,False,both_available,False,21,7.0,True,True,False,True,True,True,False,True
3339,1386,Austria,2020-10-08,2020-10-15,0.0,7.0,0.0,0.0,False,False,False,False,both_available,False,22,7.0,True,True,False,True,True,True,False,True
3340,1386,Austria,2020-10-15,2020-10-22,0.0,7.0,0.0,0.0,False,False,False,False,both_available,False,23,7.0,True,True,False,True,True,True,False,True
3341,1386,Austria,2020-10-22,2020-10-29,0.0,7.0,0.0,0.0,False,False,False,False,both_available,False,24,7.0,True,True,False,True,True,True,False,True
3342,1387,Austria,2020-05-04,2020-05-11,0.0,7.0,,,True,True,True,True,both_missing,False,1,,True,False,True,False,True,False,True,False
3343,1387,Austria,2020-05-11,2020-05-18,0.0,7.0,0.0,,False,True,True,False,p2_only_missing,False,2,7.0,True,True,False,True,True,False,True,True
3344,1387,Austria,2020-05-18,2020-05-25,0.0,7.0,0.0,0.0,False,False,False,False,both_available,False,3,7.0,True,True,False,True,True,True,False,True
3345,1387,Austria,2020-05-25,2020-06-01,0.0,7.0,0.0,0.0,False,False,False,False,both_available,False,4,7.0,True,True,False,True,True,True,False,True
3346,1387,Austria,2020-06-01,2020-06-09,0.0,8.0,0.0,0.0,False,False,False,False,both_available,False,5,8.0,True,True,False,True,True,True,False,True
3347,1387,Austria,2020-06-09,2020-06-16,0.0,7.0,0.0,0.0,False,False,False,False,both_available,False,6,7.0,True,True,False,True,True,True,False,True
3348,1387,Austria,2020-06-16,2020-06-23,0.0,7.0,0.0,0.0,False,False,False,False,both_available,False,7,7.0,True,True,False,True,True,True,False,True
3349,1387,Austria,2020-06-23,2020-06-30,0.0,7.0,0.0,0.0,False,False,False,False,both_available,False,8,7.0,True,True,False,True,True,True,False,True
3350,1387,Austria,2020-06-30,2020-07-08,0.0,8.0,0.0,0.0,False,False,False,False,both_available,False,9,8.0,True,True,False,True,True,True,False,True
3351,1387,Austria,2020-07-08,2020-07-15,0.0,7.0,0.0,0.0,False,False,False,False,both_available,False,10,7.0,True,True,False,True,True,True,False,True
3352,1387,Austria,2020-07-15,2020-07-22,0.0,7.0,0.0,0.0,False,False,False,False,both_available,False,11,7.0,True,True,False,True,True,True,False,True
3353,1387,Austria,2020-07-22,2020-07-29,0.0,7.0,0.0,0.0,False,False,False,False,both_available,False,12,7.0,True,True,False,True,True,True,False,True
3354,1387,Austria,2020-07-29,2020-08-05,0.0,7.0,0.0,0.0,False,False,False,False,both_available,False,13,7.0,True,True,False,True,True,True,False,True
3355,1387,Austria,2020-08-05,2020-08-12,0.0,7.0,0.0,0.0,False,False,False,False,both_available,False,14,7.0,True,True,False,True,True,True,False,True
3356,1387,Austria,2020-08-12,2020-08-19,0.0,7.0,0.0,0.0,False,False,False,False,both_available,False,15,7.0,True,True,False,True,True,True,False,True
3357,1387,Austria,2020-08-19,2020-08-26,0.0,7.0,0.0,0.0,False,False,False,False,both_available,False,16,7.0,True,True,False,True,True,True,False,True
3358,1387,Austria,2020-08-26,2020-09-02,0.0,7.0,0.0,0.0,False,False,False,False,both_available,False,17,7.0,True,True,False,True,True,True,False,True
3359,1387,Austria,2020-09-02,2020-09-09,0.0,7.0,0.0,0.0,False,False,False,False,both_available,False,18,7.0,True,True,False,True,True,True,False,True
3360,1387,Austria,2020-09-09,2020-09-17,0.0,8.0,0.0,0.0,False,False,False,False,both_available,False,19,8.0,True,True,False,True,True,True,False,True
3361,1387,Austria,2020-09-17,2020-09-24,0.0,7.0,0.0,0.0,False,False,False,False,both_available,False,20,7.0,True,True,False,True,True,True,False,True
3362,1387,Austria,2020-09-24,2020-10-01,0.0,7.0,0.0,0.0,False,False,False,False,both_available,False,21,7.0,True,True,False,True,True,True,False,True
3363,1387,Austria,2020-10-01,2020-10-08,0.0,7.0,0.0,0.0,False,False,False,False,both_available,False,22,7.0,True,True,False,True,True,True,False,True
3364,1387,Austria,2020-10-08,2020-10-15,0.0,7.0,0.0,0.0,False,False,False,False,both_available,False,23,7.0,True,True,False,True,True,True,False,True
3365,1387,Austria,2020-10-15,2020-10-22,0.0,7.0,0.0,0.0,False,False,False,False,both_available,False,24,7.0,True,True,False,True,True,True,False,True
3366,1387,Austria,2020-10-22,2020-10-29,0.0,7.0,0.0,0.0,False,False,False,False,both_available,False,25,7.0,True,True,False,True,True,True,False,True
3367,1388,Austria,2020-05-04,2020-05-11,0.0,7.0,,,True,True,True,True,both_missing,False,1,,True,False,True,False,True,False,True,False
3368,1388,Austria,2020-05-11,2020-05-18,0.0,7.0,0.0,,False,True,True,False,p2_only_missing,False,2,7.0,True,True,False,True,True,False,True,True
3369,1388,Austria,2020-05-18,2020-05-25,0.0,7.0,0.0,0.0,False,False,False,False,both_available,False,3,7.0,True,True,False,True,True,True,False,True
3370,1388,Austria,2020-05-25,2020-06-01,0.0,7.0,0.0,0.0,False,False,False,False,both_available,False,4,7.0,True,True,False,True,True,True,False,True
3371,1388,Austria,2020-06-01,2020-06-09,0.0,8.0,0.0,0.0,False,False,False,False,both_available,False,5,8.0,True,True,False,True,True,True,False,True
3372,1388,Austria,2020-06-09,2020-06-16,0.0,7.0,0.0,0.0,False,False,False,False,both_available,False,6,7.0,True,True,False,True,True,True,False,True
3373,1388,Austria,2020-06-16,2020-06-23,0.0,7.0,0.0,0.0,False,False,False,False,both_available,False,7,7.0,True,True,False,True,True,True,False,True
3374,1388,Austria,2020-06-23,2020-06-30,0.0,7.0,0.0,0.0,False,False,False,False,both_available,False,8,7.0,True,True,False,True,True,True,False,True
3375,1388,Austria,2020-06-30,2020-07-08,0.0,8.0,0.0,0.0,False,False,False,False,both_available,False,9,8.0,True,True,False,True,True,True,False,True
3376,1388,Austria,2020-07-08,2020-07-15,0.0,7.0,0.0,0.0,False,False,False,False,both_available,False,10,7.0,True,True,False,True,True,True,False,True
3377,1388,Austria,2020-07-15,2020-07-22,0.0,7.0,0.0,0.0,False,False,False,False,both_available,False,11,7.0,True,True,False,True,True,True,False,True
3378,1388,Austria,2020-07-22,2020-07-29,0.0,7.0,0.0,0.0,False,False,False,False,both_available,False,12,7.0,True,True,False,True,True,True,False,True
3379,1388,Austria,2020-07-29,2020-08-05,0.0,7.0,0.0,0.0,False,False,False,False,both_available,False,13,7.0,True,True,False,True,True,True,False,True
3380,1388,Austria,2020-08-05,2020-08-12,0.0,7.0,0.0,0.0,False,False,False,False,both_available,False,14,7.0,True,True,False,True,True,True,False,True
3381,1388,Austria,2020-08-12,2020-08-19,0.0,7.0,0.0,0.0,False,False,False,False,both_available,False,15,7.0,True,True,False,True,True,True,False,True
3382,1388,Austria,2020-08-19,2020-08-26,0.0,7.0,0.0,0.0,False,False,False,False,both_available,False,16,7.0,True,True,False,True,True,True,False,True
3383,1388,Austria,2020-08-26,2020-09-02,0.0,7.0,0.0,0.0,False,False,False,False,both_available,False,17,7.0,True,True,False,True,True,True,False,True
3384,1388,Austria,2020-09-02,2020-09-09,0.0,7.0,0.0,0.0,False,False,False,False,both_available,False,18,7.0,True,True,False,True,True,True,False,True
3385,1388,Austria,2020-09-09,2020-09-17,0.0,8.0,0.0,0.0,False,False,False,False,both_available,False,19,8.0,True,True,False,True,True,True,False,True
3386,1388,Austria,2020-09-24,2020-10-01,0.0,7.0,,0.0,True,False,True,False,p1_only_missing,False,20,14.0,True,False,False,True,True,True,False,True
3387,1388,Austria,2020-10-01,2020-10-08,0.0,7.0,0.0,,False,True,True,False,p2_only_missing,False,21,7.0,True,True,False,True,True,False,False,True
3388,1388,Austria,2020-10-08,2020-10-15,0.0,7.0,0.0,0.0,False,False,False,False,both_available,False,22,7.0,True,True,False,True,True,True,False,True
3389,1388,Austria,2020-10-15,2020-10-22,0.0,7.0,0.0,0.0,False,False,False,False,both_available,False,23,7.0,True,True,False,True,True,True,False,True
3390,1388,Austria,2020-10-22,2020-10-29,0.0,7.0,0.0,0.0,False,False,False,False,both_available,False,24,7.0,True,True,False,True,True,True,False,True
3391,1411,Hungary,2020-09-09,2020-09-16,28.0,7.0,,,True,True,True,True,both_missing,True,1,,True,False,True,False,True,False,True,False
3392,1411,Hungary,2020-09-16,2020-09-23,24.0,7.0,28.0,,False,True,True,False,p2_only_missing,True,2,7.0,True,True,False,True,True,False,True,True
3393,1415,Hungary,2020-09-09,2020-09-16,97.0,7.0,,,True,True,True,True,both_missing,True,1,,True,False,True,False,True,False,True,False
3394,1415,Hungary,2020-09-30,2020-10-07,41.0,7.0,,,True,True,True,True,both_missing,True,2,21.0,True,False,False,True,True,False,False,True
3395,1431,Austria,2020-05-12,2020-05-19,0.0,7.0,,,True,True,True,True,both_missing,False,1,,True,False,True,False,True,False,True,False
3396,1431,Austria,2020-05-19,2020-05-26,0.0,7.0,0.0,,False,True,True,False,p2_only_missing,False,2,7.0,True,True,False,True,True,False,True,True
3397,1431,Austria,2020-05-26,2020-06-02,0.0,7.0,0.0,0.0,False,False,False,False,both_available,False,3,7.0,True,True,False,True,True,True,False,True
3398,1431,Austria,2020-06-02,2020-06-09,0.0,7.0,0.0,0.0,False,False,False,False,both_available,False,4,7.0,True,True,False,True,True,True,False,True
3399,1431,Austria,2020-06-09,2020-06-16,0.0,7.0,0.0,0.0,False,False,False,False,both_available,False,5,7.0,True,True,False,True,True,True,False,True
3400,1431,Austria,2020-06-16,2020-06-23,0.0,7.0,0.0,0.0,False,False,False,False,both_available,False,6,7.0,True,True,False,True,True,True,False,True
3401,1431,Austria,2020-06-23,2020-06-30,0.0,7.0,0.0,0.0,False,False,False,False,both_available,False,7,7.0,True,True,False,True,True,True,False,True
3402,1431,Austria,2020-06-30,2020-07-07,0.0,7.0,0.0,0.0,False,False,False,False,both_available,False,8,7.0,True,True,False,True,True,True,False,True
3403,1431,Austria,2020-07-07,2020-07-14,0.0,7.0,0.0,0.0,False,False,False,False,both_available,False,9,7.0,True,True,False,True,True,True,False,True
3404,1431,Austria,2020-07-14,2020-07-21,0.0,7.0,0.0,0.0,False,False,False,False,both_available,False,10,7.0,True,True,False,True,True,True,False,True
3405,1431,Austria,2020-07-21,2020-07-29,0.0,8.0,0.0,0.0,False,False,False,False,both_available,False,11,8.0,True,True,False,True,True,True,False,True
3406,1431,Austria,2020-07-29,2020-08-04,0.0,6.0,0.0,0.0,False,False,False,False,both_available,False,12,6.0,True,True,False,True,True,True,False,True
3407,1431,Austria,2020-08-04,2020-08-11,0.0,7.0,0.0,0.0,False,False,False,False,both_available,False,13,7.0,True,True,False,True,True,True,False,True
3408,1431,Austria,2020-08-11,2020-08-19,0.0,8.0,0.0,0.0,False,False,False,False,both_available,False,14,8.0,True,True,False,True,True,True,False,True
3409,1431,Austria,2020-08-19,2020-08-25,0.0,6.0,0.0,0.0,False,False,False,False,both_available,False,15,6.0,True,True,False,True,True,True,False,True
3410,1431,Austria,2020-08-25,2020-09-01,0.0,7.0,0.0,0.0,False,False,False,False,both_available,False,16,7.0,True,True,False,True,True,True,False,True
3411,1431,Austria,2020-09-01,2020-09-08,0.0,7.0,0.0,0.0,False,False,False,False,both_available,False,17,7.0,True,True,False,True,True,True,False,True
3412,1431,Austria,2020-09-08,2020-09-15,0.0,7.0,0.0,0.0,False,False,False,False,both_available,False,18,7.0,True,True,False,True,True,True,False,True
3413,1431,Austria,2020-09-15,2020-09-22,0.0,7.0,0.0,0.0,False,False,False,False,both_available,False,19,7.0,True,True,False,True,True,True,False,True
3414,1431,Austria,2020-09-22,2020-09-29,0.0,7.0,0.0,0.0,False,False,False,False,both_available,False,20,7.0,True,True,False,True,True,True,False,True
3415,1431,Austria,2020-09-29,2020-10-07,0.0,8.0,0.0,0.0,False,False,False,False,both_available,False,21,8.0,True,True,False,True,True,True,False,True
3416,1431,Austria,2020-10-07,2020-10-14,0.0,7.0,0.0,0.0,False,False,False,False,both_available,False,22,7.0,True,True,False,True,True,True,False,True
3417,1431,Austria,2020-10-14,2020-10-20,0.0,6.0,0.0,0.0,False,False,False,False,both_available,False,23,6.0,True,True,False,True,True,True,False,True
3418,1431,Austria,2020-10-20,2020-10-27,0.0,7.0,0.0,0.0,False,False,False,False,both_available,False,24,7.0,True,True,False,True,True,True,False,True
3419,1432,Austria,2020-05-12,2020-05-19,0.0,7.0,,,True,True,True,True,both_missing,False,1,,True,False,True,False,True,False,True,False
3420,1432,Austria,2020-05-19,2020-05-26,0.0,7.0,0.0,,False,True,True,False,p2_only_missing,False,2,7.0,True,True,False,True,True,False,True,True
3421,1432,Austria,2020-05-26,2020-06-02,0.0,7.0,0.0,0.0,False,False,False,False,both_available,False,3,7.0,True,True,False,True,True,True,False,True
3422,1432,Austria,2020-06-02,2020-06-09,0.0,7.0,0.0,0.0,False,False,False,False,both_available,False,4,7.0,True,True,False,True,True,True,False,True
3423,1432,Austria,2020-06-09,2020-06-16,0.0,7.0,0.0,0.0,False,False,False,False,both_available,False,5,7.0,True,True,False,True,True,True,False,True
3424,1432,Austria,2020-06-16,2020-06-23,0.0,7.0,0.0,0.0,False,False,False,False,both_available,False,6,7.0,True,True,False,True,True,True,False,True
3425,1432,Austria,2020-06-23,2020-06-30,0.0,7.0,0.0,0.0,False,False,False,False,both_available,False,7,7.0,True,True,False,True,True,True,False,True
3426,1432,Austria,2020-06-30,2020-07-07,0.0,7.0,0.0,0.0,False,False,False,False,both_available,False,8,7.0,True,True,False,True,True,True,False,True
3427,1432,Austria,2020-07-07,2020-07-14,0.0,7.0,0.0,0.0,False,False,False,False,both_available,False,9,7.0,True,True,False,True,True,True,False,True
3428,1432,Austria,2020-07-14,2020-07-21,0.0,7.0,0.0,0.0,False,False,False,False,both_available,False,10,7.0,True,True,False,True,True,True,False,True
3429,1432,Austria,2020-07-21,2020-07-29,0.0,8.0,0.0,0.0,False,False,False,False,both_available,False,11,8.0,True,True,False,True,True,True,False,True
3430,1432,Austria,2020-07-29,2020-08-04,0.0,6.0,0.0,0.0,False,False,False,False,both_available,False,12,6.0,True,True,False,True,True,True,False,True
3431,1432,Austria,2020-08-04,2020-08-11,0.0,7.0,0.0,0.0,False,False,False,False,both_available,False,13,7.0,True,True,False,True,True,True,False,True
3432,1432,Austria,2020-08-11,2020-08-19,0.0,8.0,0.0,0.0,False,False,False,False,both_available,False,14,8.0,True,True,False,True,True,True,False,True
3433,1432,Austria,2020-08-19,2020-08-25,0.0,6.0,0.0,0.0,False,False,False,False,both_available,False,15,6.0,True,True,False,True,True,True,False,True
3434,1432,Austria,2020-08-25,2020-09-01,0.0,7.0,0.0,0.0,False,False,False,False,both_available,False,16,7.0,True,True,False,True,True,True,False,True
3435,1432,Austria,2020-09-01,2020-09-08,0.0,7.0,0.0,0.0,False,False,False,False,both_available,False,17,7.0,True,True,False,True,True,True,False,True
3436,1432,Austria,2020-09-08,2020-09-15,0.0,7.0,0.0,0.0,False,False,False,False,both_available,False,18,7.0,True,True,False,True,True,True,False,True
3437,1432,Austria,2020-09-15,2020-09-22,0.0,7.0,0.0,0.0,False,False,False,False,both_available,False,19,7.0,True,True,False,True,True,True,False,True
3438,1432,Austria,2020-09-22,2020-09-29,0.0,7.0,0.0,0.0,False,False,False,False,both_available,False,20,7.0,True,True,False,True,True,True,False,True
3439,1432,Austria,2020-09-29,2020-10-07,0.0,8.0,0.0,0.0,False,False,False,False,both_available,False,21,8.0,True,True,False,True,True,True,False,True
3440,1432,Austria,2020-10-07,2020-10-14,0.0,7.0,0.0,0.0,False,False,False,False,both_available,False,22,7.0,True,True,False,True,True,True,False,True
3441,1432,Austria,2020-10-14,2020-10-20,0.0,6.0,0.0,0.0,False,False,False,False,both_available,False,23,6.0,True,True,False,True,True,True,False,True
3442,1432,Austria,2020-10-20,2020-10-27,0.0,7.0,0.0,0.0,False,False,False,False,both_available,False,24,7.0,True,True,False,True,True,True,False,True
3443,1433,Austria,2020-05-12,2020-05-19,0.0,7.0,,,True,True,True,True,both_missing,False,1,,True,False,True,False,True,False,True,False
3444,1433,Austria,2020-05-19,2020-05-26,0.0,7.0,0.0,,False,True,True,False,p2_only_missing,False,2,7.0,True,True,False,True,True,False,True,True
3445,1433,Austria,2020-05-26,2020-06-02,0.0,7.0,0.0,0.0,False,False,False,False,both_available,False,3,7.0,True,True,False,True,True,True,False,True
3446,1433,Austria,2020-06-02,2020-06-09,0.0,7.0,0.0,0.0,False,False,False,False,both_available,False,4,7.0,True,True,False,True,True,True,False,True
3447,1433,Austria,2020-06-09,2020-06-16,0.0,7.0,0.0,0.0,False,False,False,False,both_available,False,5,7.0,True,True,False,True,True,True,False,True
3448,1433,Austria,2020-06-16,2020-06-23,0.0,7.0,0.0,0.0,False,False,False,False,both_available,False,6,7.0,True,True,False,True,True,True,False,True
3449,1433,Austria,2020-06-23,2020-06-30,0.0,7.0,0.0,0.0,False,False,False,False,both_available,False,7,7.0,True,True,False,True,True,True,False,True
3450,1433,Austria,2020-06-30,2020-07-07,0.0,7.0,0.0,0.0,False,False,False,False,both_available,False,8,7.0,True,True,False,True,True,True,False,True
3451,1433,Austria,2020-07-07,2020-07-14,0.0,7.0,0.0,0.0,False,False,False,False,both_available,False,9,7.0,True,True,False,True,True,True,False,True
3452,1433,Austria,2020-07-14,2020-07-21,0.0,7.0,0.0,0.0,False,False,False,False,both_available,False,10,7.0,True,True,False,True,True,True,False,True
3453,1433,Austria,2020-07-21,2020-07-29,0.0,8.0,0.0,0.0,False,False,False,False,both_available,False,11,8.0,True,True,False,True,True,True,False,True
3454,1433,Austria,2020-07-29,2020-08-04,0.0,6.0,0.0,0.0,False,False,False,False,both_available,False,12,6.0,True,True,False,True,True,True,False,True
3455,1433,Austria,2020-08-04,2020-08-11,0.0,7.0,0.0,0.0,False,False,False,False,both_available,False,13,7.0,True,True,False,True,True,True,False,True
3456,1433,Austria,2020-08-11,2020-08-19,0.0,8.0,0.0,0.0,False,False,False,False,both_available,False,14,8.0,True,True,False,True,True,True,False,True
3457,1433,Austria,2020-08-19,2020-08-25,0.0,6.0,0.0,0.0,False,False,False,False,both_available,False,15,6.0,True,True,False,True,True,True,False,True
3458,1433,Austria,2020-08-25,2020-09-01,0.0,7.0,0.0,0.0,False,False,False,False,both_available,False,16,7.0,True,True,False,True,True,True,False,True
3459,1433,Austria,2020-09-01,2020-09-08,0.0,7.0,0.0,0.0,False,False,False,False,both_available,False,17,7.0,True,True,False,True,True,True,False,True
3460,1433,Austria,2020-09-08,2020-09-15,0.0,7.0,0.0,0.0,False,False,False,False,both_available,False,18,7.0,True,True,False,True,True,True,False,True
3461,1433,Austria,2020-09-15,2020-09-22,0.0,7.0,0.0,0.0,False,False,False,False,both_available,False,19,7.0,True,True,False,True,True,True,False,True
3462,1433,Austria,2020-09-22,2020-09-29,0.0,7.0,0.0,0.0,False,False,False,False,both_available,False,20,7.0,True,True,False,True,True,True,False,True
3463,1433,Austria,2020-09-29,2020-10-07,0.0,8.0,0.0,0.0,False,False,False,False,both_available,False,21,8.0,True,True,False,True,True,True,False,True
3464,1433,Austria,2020-10-07,2020-10-14,0.0,7.0,0.0,0.0,False,False,False,False,both_available,False,22,7.0,True,True,False,True,True,True,False,True
3465,1433,Austria,2020-10-14,2020-10-20,0.0,6.0,0.0,0.0,False,False,False,False,both_available,False,23,6.0,True,True,False,True,True,True,False,True
3466,1433,Austria,2020-10-20,2020-10-27,0.0,7.0,0.0,0.0,False,False,False,False,both_available,False,24,7.0,True,True,False,True,True,True,False,True
3467,1434,Austria,2020-05-12,2020-05-19,0.0,7.0,,,True,True,True,True,both_missing,False,1,,True,False,True,False,True,False,True,False
3468,1434,Austria,2020-05-19,2020-05-26,0.0,7.0,0.0,,False,True,True,False,p2_only_missing,False,2,7.0,True,True,False,True,True,False,True,True
3469,1434,Austria,2020-05-26,2020-06-02,0.0,7.0,0.0,0.0,False,False,False,False,both_available,False,3,7.0,True,True,False,True,True,True,False,True
3470,1434,Austria,2020-06-02,2020-06-09,0.0,7.0,0.0,0.0,False,False,False,False,both_available,False,4,7.0,True,True,False,True,True,True,False,True
3471,1434,Austria,2020-06-09,2020-06-16,0.0,7.0,0.0,0.0,False,False,False,False,both_available,False,5,7.0,True,True,False,True,True,True,False,True
3472,1434,Austria,2020-06-16,2020-06-23,0.0,7.0,0.0,0.0,False,False,False,False,both_available,False,6,7.0,True,True,False,True,True,True,False,True
3473,1434,Austria,2020-06-23,2020-06-30,0.0,7.0,0.0,0.0,False,False,False,False,both_available,False,7,7.0,True,True,False,True,True,True,False,True
3474,1434,Austria,2020-06-30,2020-07-07,0.0,7.0,0.0,0.0,False,False,False,False,both_available,False,8,7.0,True,True,False,True,True,True,False,True
3475,1434,Austria,2020-07-07,2020-07-14,0.0,7.0,0.0,0.0,False,False,False,False,both_available,False,9,7.0,True,True,False,True,True,True,False,True
3476,1434,Austria,2020-07-14,2020-07-21,0.0,7.0,0.0,0.0,False,False,False,False,both_available,False,10,7.0,True,True,False,True,True,True,False,True
3477,1434,Austria,2020-07-21,2020-07-29,0.0,8.0,0.0,0.0,False,False,False,False,both_available,False,11,8.0,True,True,False,True,True,True,False,True
3478,1434,Austria,2020-07-29,2020-08-04,0.0,6.0,0.0,0.0,False,False,False,False,both_available,False,12,6.0,True,True,False,True,True,True,False,True
3479,1434,Austria,2020-08-04,2020-08-11,0.0,7.0,0.0,0.0,False,False,False,False,both_available,False,13,7.0,True,True,False,True,True,True,False,True
3480,1434,Austria,2020-08-11,2020-08-19,0.0,8.0,0.0,0.0,False,False,False,False,both_available,False,14,8.0,True,True,False,True,True,True,False,True
3481,1434,Austria,2020-08-19,2020-08-25,0.0,6.0,0.0,0.0,False,False,False,False,both_available,False,15,6.0,True,True,False,True,True,True,False,True
3482,1434,Austria,2020-08-25,2020-09-01,0.0,7.0,0.0,0.0,False,False,False,False,both_available,False,16,7.0,True,True,False,True,True,True,False,True
3483,1434,Austria,2020-09-01,2020-09-08,0.0,7.0,0.0,0.0,False,False,False,False,both_available,False,17,7.0,True,True,False,True,True,True,False,True
3484,1434,Austria,2020-09-08,2020-09-15,0.0,7.0,0.0,0.0,False,False,False,False,both_available,False,18,7.0,True,True,False,True,True,True,False,True
3485,1434,Austria,2020-09-15,2020-09-22,0.0,7.0,0.0,0.0,False,False,False,False,both_available,False,19,7.0,True,True,False,True,True,True,False,True
3486,1434,Austria,2020-09-22,2020-09-29,0.0,7.0,0.0,0.0,False,False,False,False,both_available,False,20,7.0,True,True,False,True,True,True,False,True
3487,1434,Austria,2020-09-29,2020-10-07,0.0,8.0,0.0,0.0,False,False,False,False,both_available,False,21,8.0,True,True,False,True,True,True,False,True
3488,1434,Austria,2020-10-07,2020-10-14,0.0,7.0,0.0,0.0,False,False,False,False,both_available,False,22,7.0,True,True,False,True,True,True,False,True
3489,1434,Austria,2020-10-14,2020-10-20,0.0,6.0,0.0,0.0,False,False,False,False,both_available,False,23,6.0,True,True,False,True,True,True,False,True
3490,1434,Austria,2020-10-20,2020-10-27,0.0,7.0,0.0,0.0,False,False,False,False,both_available,False,24,7.0,True,True,False,True,True,True,False,True
3491,1435,Austria,2020-05-12,2020-05-19,0.0,7.0,,,True,True,True,True,both_missing,False,1,,True,False,True,False,True,False,True,False
3492,1435,Austria,2020-05-19,2020-05-26,0.0,7.0,0.0,,False,True,True,False,p2_only_missing,False,2,7.0,True,True,False,True,True,False,True,True
3493,1435,Austria,2020-05-26,2020-06-02,0.0,7.0,0.0,0.0,False,False,False,False,both_available,False,3,7.0,True,True,False,True,True,True,False,True
3494,1435,Austria,2020-06-02,2020-06-09,0.0,7.0,0.0,0.0,False,False,False,False,both_available,False,4,7.0,True,True,False,True,True,True,False,True
3495,1435,Austria,2020-06-09,2020-06-16,0.0,7.0,0.0,0.0,False,False,False,False,both_available,False,5,7.0,True,True,False,True,True,True,False,True
3496,1435,Austria,2020-06-16,2020-06-23,0.0,7.0,0.0,0.0,False,False,False,False,both_available,False,6,7.0,True,True,False,True,True,True,False,True
3497,1435,Austria,2020-06-23,2020-06-30,0.0,7.0,0.0,0.0,False,False,False,False,both_available,False,7,7.0,True,True,False,True,True,True,False,True
3498,1435,Austria,2020-06-30,2020-07-07,0.0,7.0,0.0,0.0,False,False,False,False,both_available,False,8,7.0,True,True,False,True,True,True,False,True
3499,1435,Austria,2020-07-07,2020-07-14,0.0,7.0,0.0,0.0,False,False,False,False,both_available,False,9,7.0,True,True,False,True,True,True,False,True
3500,1435,Austria,2020-07-14,2020-07-21,0.0,7.0,0.0,0.0,False,False,False,False,both_available,False,10,7.0,True,True,False,True,True,True,False,True
3501,1435,Austria,2020-07-21,2020-07-29,0.0,8.0,0.0,0.0,False,False,False,False,both_available,False,11,8.0,True,True,False,True,True,True,False,True
3502,1435,Austria,2020-07-29,2020-08-04,0.0,6.0,0.0,0.0,False,False,False,False,both_available,False,12,6.0,True,True,False,True,True,True,False,True
3503,1435,Austria,2020-08-04,2020-08-11,0.0,7.0,0.0,0.0,False,False,False,False,both_available,False,13,7.0,True,True,False,True,True,True,False,True
3504,1435,Austria,2020-08-11,2020-08-19,0.0,8.0,0.0,0.0,False,False,False,False,both_available,False,14,8.0,True,True,False,True,True,True,False,True
3505,1435,Austria,2020-08-19,2020-08-25,0.0,6.0,0.0,0.0,False,False,False,False,both_available,False,15,6.0,True,True,False,True,True,True,False,True
3506,1435,Austria,2020-08-25,2020-09-01,0.0,7.0,0.0,0.0,False,False,False,False,both_available,False,16,7.0,True,True,False,True,True,True,False,True
3507,1435,Austria,2020-09-01,2020-09-08,0.0,7.0,0.0,0.0,False,False,False,False,both_available,False,17,7.0,True,True,False,True,True,True,False,True
3508,1435,Austria,2020-09-08,2020-09-15,0.0,7.0,0.0,0.0,False,False,False,False,both_available,False,18,7.0,True,True,False,True,True,True,False,True
3509,1435,Austria,2020-09-15,2020-09-22,0.0,7.0,0.0,0.0,False,False,False,False,both_available,False,19,7.0,True,True,False,True,True,True,False,True
3510,1435,Austria,2020-09-22,2020-09-29,0.0,7.0,0.0,0.0,False,False,False,False,both_available,False,20,7.0,True,True,False,True,True,True,False,True
3511,1435,Austria,2020-09-29,2020-10-07,0.0,8.0,0.0,0.0,False,False,False,False,both_available,False,21,8.0,True,True,False,True,True,True,False,True
3512,1435,Austria,2020-10-07,2020-10-14,0.0,7.0,0.0,0.0,False,False,False,False,both_available,False,22,7.0,True,True,False,True,True,True,False,True
3513,1435,Austria,2020-10-14,2020-10-20,0.0,6.0,0.0,0.0,False,False,False,False,both_available,False,23,6.0,True,True,False,True,True,True,False,True
3514,1435,Austria,2020-10-20,2020-10-27,0.0,7.0,0.0,0.0,False,False,False,False,both_available,False,24,7.0,True,True,False,True,True,True,False,True
3515,1436,Austria,2020-05-05,2020-05-12,0.0,7.0,,,True,True,True,True,both_missing,False,1,,True,False,True,False,True,False,True,False
3516,1436,Austria,2020-05-12,2020-05-19,0.0,7.0,0.0,,False,True,True,False,p2_only_missing,False,2,7.0,True,True,False,True,True,False,True,True
3517,1436,Austria,2020-05-19,2020-05-26,0.0,7.0,0.0,0.0,False,False,False,False,both_available,False,3,7.0,True,True,False,True,True,True,False,True
3518,1436,Austria,2020-05-26,2020-06-02,0.0,7.0,0.0,0.0,False,False,False,False,both_available,False,4,7.0,True,True,False,True,True,True,False,True
3519,1436,Austria,2020-06-02,2020-06-09,0.0,7.0,0.0,0.0,False,False,False,False,both_available,False,5,7.0,True,True,False,True,True,True,False,True
3520,1436,Austria,2020-06-09,2020-06-16,0.0,7.0,0.0,0.0,False,False,False,False,both_available,False,6,7.0,True,True,False,True,True,True,False,True
3521,1436,Austria,2020-06-16,2020-06-23,0.0,7.0,0.0,0.0,False,False,False,False,both_available,False,7,7.0,True,True,False,True,True,True,False,True
3522,1436,Austria,2020-06-23,2020-06-30,0.0,7.0,0.0,0.0,False,False,False,False,both_available,False,8,7.0,True,True,False,True,True,True,False,True
3523,1436,Austria,2020-06-30,2020-07-07,0.0,7.0,0.0,0.0,False,False,False,False,both_available,False,9,7.0,True,True,False,True,True,True,False,True
3524,1436,Austria,2020-07-14,2020-07-21,0.0,7.0,,0.0,True,False,True,False,p1_only_missing,False,10,14.0,True,False,False,True,True,True,False,True
3525,1436,Austria,2020-07-21,2020-07-28,0.0,7.0,0.0,,False,True,True,False,p2_only_missing,False,11,7.0,True,True,False,True,True,False,False,True
3526,1436,Austria,2020-07-28,2020-08-04,0.0,7.0,0.0,0.0,False,False,False,False,both_available,False,12,7.0,True,True,False,True,True,True,False,True
3527,1436,Austria,2020-08-04,2020-08-11,0.0,7.0,0.0,0.0,False,False,False,False,both_available,False,13,7.0,True,True,False,True,True,True,False,True
3528,1436,Austria,2020-08-11,2020-08-18,0.0,7.0,0.0,0.0,False,False,False,False,both_available,False,14,7.0,True,True,False,True,True,True,False,True
3529,1436,Austria,2020-08-18,2020-08-25,0.0,7.0,0.0,0.0,False,False,False,False,both_available,False,15,7.0,True,True,False,True,True,True,False,True
3530,1436,Austria,2020-08-25,2020-09-01,0.0,7.0,0.0,0.0,False,False,False,False,both_available,False,16,7.0,True,True,False,True,True,True,False,True
3531,1436,Austria,2020-09-01,2020-09-08,0.0,7.0,0.0,0.0,False,False,False,False,both_available,False,17,7.0,True,True,False,True,True,True,False,True
3532,1436,Austria,2020-09-08,2020-09-15,0.0,7.0,0.0,0.0,False,False,False,False,both_available,False,18,7.0,True,True,False,True,True,True,False,True
3533,1436,Austria,2020-09-15,2020-09-22,0.0,7.0,0.0,0.0,False,False,False,False,both_available,False,19,7.0,True,True,False,True,True,True,False,True
3534,1436,Austria,2020-09-22,2020-09-29,0.0,7.0,0.0,0.0,False,False,False,False,both_available,False,20,7.0,True,True,False,True,True,True,False,True
3535,1436,Austria,2020-09-29,2020-10-06,0.0,7.0,0.0,0.0,False,False,False,False,both_available,False,21,7.0,True,True,False,True,True,True,False,True
3536,1436,Austria,2020-10-06,2020-10-13,0.0,7.0,0.0,0.0,False,False,False,False,both_available,False,22,7.0,True,True,False,True,True,True,False,True
3537,1436,Austria,2020-10-13,2020-10-20,0.0,7.0,0.0,0.0,False,False,False,False,both_available,False,23,7.0,True,True,False,True,True,True,False,True
3538,1436,Austria,2020-10-20,2020-10-27,0.0,7.0,0.0,0.0,False,False,False,False,both_available,False,24,7.0,True,True,False,True,True,True,False,True
3539,1437,Austria,2020-05-05,2020-05-12,0.0,7.0,,,True,True,True,True,both_missing,False,1,,True,False,True,False,True,False,True,False
3540,1437,Austria,2020-05-12,2020-05-19,0.0,7.0,0.0,,False,True,True,False,p2_only_missing,False,2,7.0,True,True,False,True,True,False,True,True
3541,1437,Austria,2020-05-19,2020-05-26,0.0,7.0,0.0,0.0,False,False,False,False,both_available,False,3,7.0,True,True,False,True,True,True,False,True
3542,1437,Austria,2020-05-26,2020-06-02,0.0,7.0,0.0,0.0,False,False,False,False,both_available,False,4,7.0,True,True,False,True,True,True,False,True
3543,1437,Austria,2020-06-02,2020-06-09,0.0,7.0,0.0,0.0,False,False,False,False,both_available,False,5,7.0,True,True,False,True,True,True,False,True
3544,1437,Austria,2020-06-09,2020-06-16,0.0,7.0,0.0,0.0,False,False,False,False,both_available,False,6,7.0,True,True,False,True,True,True,False,True
3545,1437,Austria,2020-06-16,2020-06-23,0.0,7.0,0.0,0.0,False,False,False,False,both_available,False,7,7.0,True,True,False,True,True,True,False,True
3546,1437,Austria,2020-06-23,2020-06-30,0.0,7.0,0.0,0.0,False,False,False,False,both_available,False,8,7.0,True,True,False,True,True,True,False,True
3547,1437,Austria,2020-06-30,2020-07-07,0.0,7.0,0.0,0.0,False,False,False,False,both_available,False,9,7.0,True,True,False,True,True,True,False,True
3548,1437,Austria,2020-07-07,2020-07-14,0.0,7.0,0.0,0.0,False,False,False,False,both_available,False,10,7.0,True,True,False,True,True,True,False,True
3549,1437,Austria,2020-07-14,2020-07-21,0.0,7.0,0.0,0.0,False,False,False,False,both_available,False,11,7.0,True,True,False,True,True,True,False,True
3550,1437,Austria,2020-07-21,2020-07-28,0.0,7.0,0.0,0.0,False,False,False,False,both_available,False,12,7.0,True,True,False,True,True,True,False,True
3551,1437,Austria,2020-07-28,2020-08-04,0.0,7.0,0.0,0.0,False,False,False,False,both_available,False,13,7.0,True,True,False,True,True,True,False,True
3552,1437,Austria,2020-08-04,2020-08-11,0.0,7.0,0.0,0.0,False,False,False,False,both_available,False,14,7.0,True,True,False,True,True,True,False,True
3553,1437,Austria,2020-08-11,2020-08-18,0.0,7.0,0.0,0.0,False,False,False,False,both_available,False,15,7.0,True,True,False,True,True,True,False,True
3554,1437,Austria,2020-08-18,2020-08-25,0.0,7.0,0.0,0.0,False,False,False,False,both_available,False,16,7.0,True,True,False,True,True,True,False,True
3555,1437,Austria,2020-08-25,2020-09-01,0.0,7.0,0.0,0.0,False,False,False,False,both_available,False,17,7.0,True,True,False,True,True,True,False,True
3556,1437,Austria,2020-09-01,2020-09-08,0.0,7.0,0.0,0.0,False,False,False,False,both_available,False,18,7.0,True,True,False,True,True,True,False,True
3557,1437,Austria,2020-09-08,2020-09-15,0.0,7.0,0.0,0.0,False,False,False,False,both_available,False,19,7.0,True,True,False,True,True,True,False,True
3558,1437,Austria,2020-09-15,2020-09-22,0.0,7.0,0.0,0.0,False,False,False,False,both_available,False,20,7.0,True,True,False,True,True,True,False,True
3559,1437,Austria,2020-09-22,2020-09-29,0.0,7.0,0.0,0.0,False,False,False,False,both_available,False,21,7.0,True,True,False,True,True,True,False,True
3560,1437,Austria,2020-09-29,2020-10-06,0.0,7.0,0.0,0.0,False,False,False,False,both_available,False,22,7.0,True,True,False,True,True,True,False,True
3561,1437,Austria,2020-10-06,2020-10-13,0.0,7.0,0.0,0.0,False,False,False,False,both_available,False,23,7.0,True,True,False,True,True,True,False,True
3562,1437,Austria,2020-10-13,2020-10-20,0.0,7.0,0.0,0.0,False,False,False,False,both_available,False,24,7.0,True,True,False,True,True,True,False,True
3563,1437,Austria,2020-10-20,2020-10-27,0.0,7.0,0.0,0.0,False,False,False,False,both_available,False,25,7.0,True,True,False,True,True,True,False,True
3564,1438,Austria,2020-05-05,2020-05-12,0.0,7.0,,,True,True,True,True,both_missing,False,1,,True,False,True,False,True,False,True,False
3565,1438,Austria,2020-05-12,2020-05-19,0.0,7.0,0.0,,False,True,True,False,p2_only_missing,False,2,7.0,True,True,False,True,True,False,True,True
3566,1438,Austria,2020-05-19,2020-05-26,0.0,7.0,0.0,0.0,False,False,False,False,both_available,False,3,7.0,True,True,False,True,True,True,False,True
3567,1438,Austria,2020-05-26,2020-06-02,0.0,7.0,0.0,0.0,False,False,False,False,both_available,False,4,7.0,True,True,False,True,True,True,False,True
3568,1438,Austria,2020-06-02,2020-06-09,0.0,7.0,0.0,0.0,False,False,False,False,both_available,False,5,7.0,True,True,False,True,True,True,False,True
3569,1438,Austria,2020-06-09,2020-06-16,0.0,7.0,0.0,0.0,False,False,False,False,both_available,False,6,7.0,True,True,False,True,True,True,False,True
3570,1438,Austria,2020-06-16,2020-06-23,0.0,7.0,0.0,0.0,False,False,False,False,both_available,False,7,7.0,True,True,False,True,True,True,False,True
3571,1438,Austria,2020-06-23,2020-06-30,0.0,7.0,0.0,0.0,False,False,False,False,both_available,False,8,7.0,True,True,False,True,True,True,False,True
3572,1438,Austria,2020-06-30,2020-07-07,0.0,7.0,0.0,0.0,False,False,False,False,both_available,False,9,7.0,True,True,False,True,True,True,False,True
3573,1438,Austria,2020-07-07,2020-07-14,0.0,7.0,0.0,0.0,False,False,False,False,both_available,False,10,7.0,True,True,False,True,True,True,False,True
3574,1438,Austria,2020-07-14,2020-07-21,0.0,7.0,0.0,0.0,False,False,False,False,both_available,False,11,7.0,True,True,False,True,True,True,False,True
3575,1438,Austria,2020-07-21,2020-07-28,0.0,7.0,0.0,0.0,False,False,False,False,both_available,False,12,7.0,True,True,False,True,True,True,False,True
3576,1438,Austria,2020-07-28,2020-08-04,0.0,7.0,0.0,0.0,False,False,False,False,both_available,False,13,7.0,True,True,False,True,True,True,False,True
3577,1438,Austria,2020-08-04,2020-08-11,0.0,7.0,0.0,0.0,False,False,False,False,both_available,False,14,7.0,True,True,False,True,True,True,False,True
3578,1438,Austria,2020-08-11,2020-08-18,0.0,7.0,0.0,0.0,False,False,False,False,both_available,False,15,7.0,True,True,False,True,True,True,False,True
3579,1438,Austria,2020-08-18,2020-08-25,0.0,7.0,0.0,0.0,False,False,False,False,both_available,False,16,7.0,True,True,False,True,True,True,False,True
3580,1438,Austria,2020-08-25,2020-09-01,0.0,7.0,0.0,0.0,False,False,False,False,both_available,False,17,7.0,True,True,False,True,True,True,False,True
3581,1438,Austria,2020-09-01,2020-09-08,0.0,7.0,0.0,0.0,False,False,False,False,both_available,False,18,7.0,True,True,False,True,True,True,False,True
3582,1438,Austria,2020-09-08,2020-09-15,0.0,7.0,0.0,0.0,False,False,False,False,both_available,False,19,7.0,True,True,False,True,True,True,False,True
3583,1438,Austria,2020-09-15,2020-09-22,0.0,7.0,0.0,0.0,False,False,False,False,both_available,False,20,7.0,True,True,False,True,True,True,False,True
3584,1438,Austria,2020-09-22,2020-09-29,0.0,7.0,0.0,0.0,False,False,False,False,both_available,False,21,7.0,True,True,False,True,True,True,False,True
3585,1438,Austria,2020-09-29,2020-10-06,0.0,7.0,0.0,0.0,False,False,False,False,both_available,False,22,7.0,True,True,False,True,True,True,False,True
3586,1438,Austria,2020-10-06,2020-10-13,0.0,7.0,0.0,0.0,False,False,False,False,both_available,False,23,7.0,True,True,False,True,True,True,False,True
3587,1438,Austria,2020-10-13,2020-10-20,0.0,7.0,0.0,0.0,False,False,False,False,both_available,False,24,7.0,True,True,False,True,True,True,False,True
3588,1438,Austria,2020-10-20,2020-10-27,0.0,7.0,0.0,0.0,False,False,False,False,both_available,False,25,7.0,True,True,False,True,True,True,False,True
3589,1439,Austria,2020-05-05,2020-05-12,0.0,7.0,,,True,True,True,True,both_missing,False,1,,True,False,True,False,True,False,True,False
3590,1439,Austria,2020-05-12,2020-05-19,0.0,7.0,0.0,,False,True,True,False,p2_only_missing,False,2,7.0,True,True,False,True,True,False,True,True
3591,1439,Austria,2020-05-19,2020-05-26,0.0,7.0,0.0,0.0,False,False,False,False,both_available,False,3,7.0,True,True,False,True,True,True,False,True
3592,1439,Austria,2020-05-26,2020-06-02,0.0,7.0,0.0,0.0,False,False,False,False,both_available,False,4,7.0,True,True,False,True,True,True,False,True
3593,1439,Austria,2020-06-02,2020-06-09,0.0,7.0,0.0,0.0,False,False,False,False,both_available,False,5,7.0,True,True,False,True,True,True,False,True
3594,1439,Austria,2020-06-09,2020-06-16,0.0,7.0,0.0,0.0,False,False,False,False,both_available,False,6,7.0,True,True,False,True,True,True,False,True
3595,1439,Austria,2020-06-16,2020-06-23,0.0,7.0,0.0,0.0,False,False,False,False,both_available,False,7,7.0,True,True,False,True,True,True,False,True
3596,1439,Austria,2020-06-30,2020-07-07,0.0,7.0,,0.0,True,False,True,False,p1_only_missing,False,8,14.0,True,False,False,True,True,True,False,True
3597,1439,Austria,2020-07-07,2020-07-14,0.0,7.0,0.0,,False,True,True,False,p2_only_missing,False,9,7.0,True,True,False,True,True,False,False,True
3598,1439,Austria,2020-07-14,2020-07-21,0.0,7.0,0.0,0.0,False,False,False,False,both_available,False,10,7.0,True,True,False,True,True,True,False,True
3599,1439,Austria,2020-07-21,2020-07-28,0.0,7.0,0.0,0.0,False,False,False,False,both_available,False,11,7.0,True,True,False,True,True,True,False,True
3600,1439,Austria,2020-07-28,2020-08-04,0.0,7.0,0.0,0.0,False,False,False,False,both_available,False,12,7.0,True,True,False,True,True,True,False,True
3601,1439,Austria,2020-08-04,2020-08-11,0.0,7.0,0.0,0.0,False,False,False,False,both_available,False,13,7.0,True,True,False,True,True,True,False,True
3602,1439,Austria,2020-08-18,2020-08-25,0.0,7.0,,0.0,True,False,True,False,p1_only_missing,False,14,14.0,True,False,False,True,True,True,False,True
3603,1439,Austria,2020-08-25,2020-09-01,0.0,7.0,0.0,,False,True,True,False,p2_only_missing,False,15,7.0,True,True,False,True,True,False,False,True
3604,1439,Austria,2020-09-01,2020-09-08,0.0,7.0,0.0,0.0,False,False,False,False,both_available,False,16,7.0,True,True,False,True,True,True,False,True
3605,1439,Austria,2020-09-08,2020-09-15,0.0,7.0,0.0,0.0,False,False,False,False,both_available,False,17,7.0,True,True,False,True,True,True,False,True
3606,1439,Austria,2020-09-15,2020-09-22,0.0,7.0,0.0,0.0,False,False,False,False,both_available,False,18,7.0,True,True,False,True,True,True,False,True
3607,1439,Austria,2020-09-22,2020-09-29,0.0,7.0,0.0,0.0,False,False,False,False,both_available,False,19,7.0,True,True,False,True,True,True,False,True
3608,1439,Austria,2020-09-29,2020-10-06,0.0,7.0,0.0,0.0,False,False,False,False,both_available,False,20,7.0,True,True,False,True,True,True,False,True
3609,1439,Austria,2020-10-06,2020-10-13,0.0,7.0,0.0,0.0,False,False,False,False,both_available,False,21,7.0,True,True,False,True,True,True,False,True
3610,1439,Austria,2020-10-13,2020-10-20,0.0,7.0,0.0,0.0,False,False,False,False,both_available,False,22,7.0,True,True,False,True,True,True,False,True
3611,1439,Austria,2020-10-20,2020-10-27,0.0,7.0,0.0,0.0,False,False,False,False,both_available,False,23,7.0,True,True,False,True,True,True,False,True
3612,1440,Austria,2020-05-05,2020-05-12,0.0,7.0,,,True,True,True,True,both_missing,False,1,,True,False,True,False,True,False,True,False
3613,1440,Austria,2020-05-12,2020-05-19,0.0,7.0,0.0,,False,True,True,False,p2_only_missing,False,2,7.0,True,True,False,True,True,False,True,True
3614,1440,Austria,2020-05-19,2020-05-26,0.0,7.0,0.0,0.0,False,False,False,False,both_available,False,3,7.0,True,True,False,True,True,True,False,True
3615,1440,Austria,2020-05-26,2020-06-02,0.0,7.0,0.0,0.0,False,False,False,False,both_available,False,4,7.0,True,True,False,True,True,True,False,True
3616,1440,Austria,2020-06-02,2020-06-09,0.0,7.0,0.0,0.0,False,False,False,False,both_available,False,5,7.0,True,True,False,True,True,True,False,True
3617,1440,Austria,2020-06-09,2020-06-16,0.0,7.0,0.0,0.0,False,False,False,False,both_available,False,6,7.0,True,True,False,True,True,True,False,True
3618,1440,Austria,2020-06-16,2020-06-23,0.0,7.0,0.0,0.0,False,False,False,False,both_available,False,7,7.0,True,True,False,True,True,True,False,True
3619,1440,Austria,2020-06-23,2020-06-30,0.0,7.0,0.0,0.0,False,False,False,False,both_available,False,8,7.0,True,True,False,True,True,True,False,True
3620,1440,Austria,2020-06-30,2020-07-07,0.0,7.0,0.0,0.0,False,False,False,False,both_available,False,9,7.0,True,True,False,True,True,True,False,True
3621,1440,Austria,2020-07-07,2020-07-14,0.0,7.0,0.0,0.0,False,False,False,False,both_available,False,10,7.0,True,True,False,True,True,True,False,True
3622,1440,Austria,2020-07-14,2020-07-21,0.0,7.0,0.0,0.0,False,False,False,False,both_available,False,11,7.0,True,True,False,True,True,True,False,True
3623,1440,Austria,2020-07-21,2020-07-28,0.0,7.0,0.0,0.0,False,False,False,False,both_available,False,12,7.0,True,True,False,True,True,True,False,True
3624,1440,Austria,2020-07-28,2020-08-04,0.0,7.0,0.0,0.0,False,False,False,False,both_available,False,13,7.0,True,True,False,True,True,True,False,True
3625,1440,Austria,2020-08-04,2020-08-11,0.0,7.0,0.0,0.0,False,False,False,False,both_available,False,14,7.0,True,True,False,True,True,True,False,True
3626,1440,Austria,2020-08-18,2020-08-25,0.0,7.0,,0.0,True,False,True,False,p1_only_missing,False,15,14.0,True,False,False,True,True,True,False,True
3627,1440,Austria,2020-08-25,2020-09-01,0.0,7.0,0.0,,False,True,True,False,p2_only_missing,False,16,7.0,True,True,False,True,True,False,False,True
3628,1440,Austria,2020-09-01,2020-09-08,0.0,7.0,0.0,0.0,False,False,False,False,both_available,False,17,7.0,True,True,False,True,True,True,False,True
3629,1440,Austria,2020-09-08,2020-09-15,0.0,7.0,0.0,0.0,False,False,False,False,both_available,False,18,7.0,True,True,False,True,True,True,False,True
3630,1440,Austria,2020-09-15,2020-09-22,0.0,7.0,0.0,0.0,False,False,False,False,both_available,False,19,7.0,True,True,False,True,True,True,False,True
3631,1440,Austria,2020-09-22,2020-09-29,0.0,7.0,0.0,0.0,False,False,False,False,both_available,False,20,7.0,True,True,False,True,True,True,False,True
3632,1440,Austria,2020-09-29,2020-10-06,0.0,7.0,0.0,0.0,False,False,False,False,both_available,False,21,7.0,True,True,False,True,True,True,False,True
3633,1440,Austria,2020-10-06,2020-10-13,0.0,7.0,0.0,0.0,False,False,False,False,both_available,False,22,7.0,True,True,False,True,True,True,False,True
3634,1440,Austria,2020-10-13,2020-10-20,0.0,7.0,0.0,0.0,False,False,False,False,both_available,False,23,7.0,True,True,False,True,True,True,False,True
3635,1440,Austria,2020-10-20,2020-10-27,0.0,7.0,0.0,0.0,False,False,False,False,both_available,False,24,7.0,True,True,False,True,True,True,False,True
3636,1442,Austria,2020-06-09,2020-06-16,0.0,7.0,,,True,True,True,True,both_missing,False,1,,True,False,True,False,True,False,True,False
3637,1442,Austria,2020-06-16,2020-06-23,0.0,7.0,0.0,,False,True,True,False,p2_only_missing,False,2,7.0,True,True,False,True,True,False,True,True
3638,1442,Austria,2020-06-23,2020-06-30,0.0,7.0,0.0,0.0,False,False,False,False,both_available,False,3,7.0,True,True,False,True,True,True,False,True
3639,1442,Austria,2020-07-07,2020-07-14,0.0,7.0,,0.0,True,False,True,False,p1_only_missing,False,4,14.0,True,False,False,True,True,True,False,True
3640,1442,Austria,2020-07-14,2020-07-21,0.0,7.0,0.0,,False,True,True,False,p2_only_missing,False,5,7.0,True,True,False,True,True,False,False,True
3641,1442,Austria,2020-07-28,2020-08-05,0.0,8.0,,0.0,True,False,True,False,p1_only_missing,False,6,15.0,True,False,False,True,True,True,False,True
3642,1442,Austria,2020-08-12,2020-08-18,0.0,6.0,,0.0,True,False,True,False,p1_only_missing,False,7,13.0,True,False,False,True,True,True,False,True
3643,1442,Austria,2020-08-18,2020-08-25,0.0,7.0,0.0,,False,True,True,False,p2_only_missing,False,8,7.0,True,True,False,True,True,False,False,True
3644,1442,Austria,2020-08-25,2020-09-01,0.0,7.0,0.0,0.0,False,False,False,False,both_available,False,9,7.0,True,True,False,True,True,True,False,True
3645,1442,Austria,2020-09-01,2020-09-08,0.0,7.0,0.0,0.0,False,False,False,False,both_available,False,10,7.0,True,True,False,True,True,True,False,True
3646,1442,Austria,2020-09-08,2020-09-15,0.0,7.0,0.0,0.0,False,False,False,False,both_available,False,11,7.0,True,True,False,True,True,True,False,True
3647,1442,Austria,2020-09-15,2020-09-22,0.0,7.0,0.0,0.0,False,False,False,False,both_available,False,12,7.0,True,True,False,True,True,True,False,True
3648,1442,Austria,2020-09-22,2020-09-29,0.0,7.0,0.0,0.0,False,False,False,False,both_available,False,13,7.0,True,True,False,True,True,True,False,True
3649,1442,Austria,2020-09-29,2020-10-06,0.0,7.0,0.0,0.0,False,False,False,False,both_available,False,14,7.0,True,True,False,True,True,True,False,True
3650,1442,Austria,2020-10-06,2020-10-13,0.0,7.0,0.0,0.0,False,False,False,False,both_available,False,15,7.0,True,True,False,True,True,True,False,True
3651,1442,Austria,2020-10-13,2020-10-20,0.0,7.0,0.0,0.0,False,False,False,False,both_available,False,16,7.0,True,True,False,True,True,True,False,True
3652,1442,Austria,2020-10-20,2020-10-27,0.0,7.0,0.0,0.0,False,False,False,False,both_available,False,17,7.0,True,True,False,True,True,True,False,True
3653,1445,Austria,2020-05-05,2020-05-12,0.0,7.0,,,True,True,True,True,both_missing,False,1,,True,False,True,False,True,False,True,False
3654,1445,Austria,2020-05-12,2020-05-19,0.0,7.0,0.0,,False,True,True,False,p2_only_missing,False,2,7.0,True,True,False,True,True,False,True,True
3655,1445,Austria,2020-05-19,2020-05-26,0.0,7.0,0.0,0.0,False,False,False,False,both_available,False,3,7.0,True,True,False,True,True,True,False,True
3656,1445,Austria,2020-05-26,2020-06-02,0.0,7.0,0.0,0.0,False,False,False,False,both_available,False,4,7.0,True,True,False,True,True,True,False,True
3657,1445,Austria,2020-06-02,2020-06-09,0.0,7.0,0.0,0.0,False,False,False,False,both_available,False,5,7.0,True,True,False,True,True,True,False,True
3658,1445,Austria,2020-06-09,2020-06-16,0.0,7.0,0.0,0.0,False,False,False,False,both_available,False,6,7.0,True,True,False,True,True,True,False,True
3659,1445,Austria,2020-07-07,2020-07-14,0.0,7.0,,,True,True,True,True,both_missing,False,7,28.0,True,False,False,True,True,False,False,True
3660,1445,Austria,2020-08-12,2020-08-18,0.0,6.0,,,True,True,True,True,both_missing,False,8,35.0,True,False,False,True,True,False,False,True
3661,1445,Austria,2020-09-01,2020-09-08,0.0,7.0,,,True,True,True,True,both_missing,False,9,21.0,True,False,False,True,True,False,False,True
3662,1445,Austria,2020-09-08,2020-09-15,0.0,7.0,0.0,,False,True,True,False,p2_only_missing,False,10,7.0,True,True,False,True,True,False,False,True
3663,1445,Austria,2020-09-15,2020-09-22,0.0,7.0,0.0,0.0,False,False,False,False,both_available,False,11,7.0,True,True,False,True,True,True,False,True
3664,1445,Austria,2020-09-29,2020-10-06,0.0,7.0,,0.0,True,False,True,False,p1_only_missing,False,12,14.0,True,False,False,True,True,True,False,True
3665,1445,Austria,2020-10-06,2020-10-13,0.0,7.0,0.0,,False,True,True,False,p2_only_missing,False,13,7.0,True,True,False,True,True,False,False,True
3666,1445,Austria,2020-10-13,2020-10-20,0.0,7.0,0.0,0.0,False,False,False,False,both_available,False,14,7.0,True,True,False,True,True,True,False,True
3667,1445,Austria,2020-10-20,2020-10-27,0.0,7.0,0.0,0.0,False,False,False,False,both_available,False,15,7.0,True,True,False,True,True,True,False,True
3668,1447,Austria,2020-05-05,2020-05-12,0.0,7.0,,,True,True,True,True,both_missing,False,1,,True,False,True,False,True,False,True,False
3669,1447,Austria,2020-05-12,2020-05-19,0.0,7.0,0.0,,False,True,True,False,p2_only_missing,False,2,7.0,True,True,False,True,True,False,True,True
3670,1447,Austria,2020-05-26,2020-06-02,0.0,7.0,,0.0,True,False,True,False,p1_only_missing,False,3,14.0,True,False,False,True,True,True,False,True
3671,1447,Austria,2020-06-02,2020-06-09,0.0,7.0,0.0,,False,True,True,False,p2_only_missing,False,4,7.0,True,True,False,True,True,False,False,True
3672,1447,Austria,2020-06-16,2020-06-23,0.0,7.0,,0.0,True,False,True,False,p1_only_missing,False,5,14.0,True,False,False,True,True,True,False,True
3673,1447,Austria,2020-06-23,2020-06-30,0.0,7.0,0.0,,False,True,True,False,p2_only_missing,False,6,7.0,True,True,False,True,True,False,False,True
3674,1447,Austria,2020-07-14,2020-07-21,0.0,7.0,,,True,True,True,True,both_missing,False,7,21.0,True,False,False,True,True,False,False,True
3675,1447,Austria,2020-08-25,2020-09-01,0.0,7.0,,,True,True,True,True,both_missing,False,8,42.0,True,False,False,True,True,False,False,True
3676,1447,Austria,2020-09-22,2020-09-29,0.0,7.0,,,True,True,True,True,both_missing,False,9,28.0,True,False,False,True,True,False,False,True
3677,1447,Austria,2020-10-06,2020-10-13,0.0,7.0,,0.0,True,False,True,False,p1_only_missing,False,10,14.0,True,False,False,True,True,True,False,True
3678,1447,Austria,2020-10-13,2020-10-20,0.0,7.0,0.0,,False,True,True,False,p2_only_missing,False,11,7.0,True,True,False,True,True,False,False,True
3679,1447,Austria,2020-10-20,2020-10-27,0.0,7.0,0.0,0.0,False,False,False,False,both_available,False,12,7.0,True,True,False,True,True,True,False,True
3680,1448,Austria,2020-06-09,2020-06-16,0.0,7.0,,,True,True,True,True,both_missing,False,1,,True,False,True,False,True,False,True,False
3681,1448,Austria,2020-06-16,2020-06-23,0.0,7.0,0.0,,False,True,True,False,p2_only_missing,False,2,7.0,True,True,False,True,True,False,True,True
3682,1448,Austria,2020-06-23,2020-06-30,0.0,7.0,0.0,0.0,False,False,False,False,both_available,False,3,7.0,True,True,False,True,True,True,False,True
3683,1448,Austria,2020-06-30,2020-07-07,0.0,7.0,0.0,0.0,False,False,False,False,both_available,False,4,7.0,True,True,False,True,True,True,False,True
3684,1448,Austria,2020-07-07,2020-07-14,0.0,7.0,0.0,0.0,False,False,False,False,both_available,False,5,7.0,True,True,False,True,True,True,False,True
3685,1448,Austria,2020-07-14,2020-07-21,0.0,7.0,0.0,0.0,False,False,False,False,both_available,False,6,7.0,True,True,False,True,True,True,False,True
3686,1448,Austria,2020-07-21,2020-07-28,0.0,7.0,0.0,0.0,False,False,False,False,both_available,False,7,7.0,True,True,False,True,True,True,False,True
3687,1448,Austria,2020-07-28,2020-08-05,0.0,8.0,0.0,0.0,False,False,False,False,both_available,False,8,8.0,True,True,False,True,True,True,False,True
3688,1448,Austria,2020-08-05,2020-08-12,0.0,7.0,0.0,0.0,False,False,False,False,both_available,False,9,7.0,True,True,False,True,True,True,False,True
3689,1448,Austria,2020-08-12,2020-08-18,0.0,6.0,0.0,0.0,False,False,False,False,both_available,False,10,6.0,True,True,False,True,True,True,False,True
3690,1448,Austria,2020-08-18,2020-08-25,0.0,7.0,0.0,0.0,False,False,False,False,both_available,False,11,7.0,True,True,False,True,True,True,False,True
3691,1448,Austria,2020-08-25,2020-09-01,0.0,7.0,0.0,0.0,False,False,False,False,both_available,False,12,7.0,True,True,False,True,True,True,False,True
3692,1448,Austria,2020-09-01,2020-09-08,0.0,7.0,0.0,0.0,False,False,False,False,both_available,False,13,7.0,True,True,False,True,True,True,False,True
3693,1448,Austria,2020-09-08,2020-09-15,0.0,7.0,0.0,0.0,False,False,False,False,both_available,False,14,7.0,True,True,False,True,True,True,False,True
3694,1448,Austria,2020-09-15,2020-09-22,0.0,7.0,0.0,0.0,False,False,False,False,both_available,False,15,7.0,True,True,False,True,True,True,False,True
3695,1448,Austria,2020-09-22,2020-09-29,0.0,7.0,0.0,0.0,False,False,False,False,both_available,False,16,7.0,True,True,False,True,True,True,False,True
3696,1448,Austria,2020-09-29,2020-10-06,0.0,7.0,0.0,0.0,False,False,False,False,both_available,False,17,7.0,True,True,False,True,True,True,False,True
3697,1448,Austria,2020-10-06,2020-10-13,0.0,7.0,0.0,0.0,False,False,False,False,both_available,False,18,7.0,True,True,False,True,True,True,False,True
3698,1448,Austria,2020-10-13,2020-10-20,0.0,7.0,0.0,0.0,False,False,False,False,both_available,False,19,7.0,True,True,False,True,True,True,False,True
3699,1448,Austria,2020-10-20,2020-10-27,0.0,7.0,0.0,0.0,False,False,False,False,both_available,False,20,7.0,True,True,False,True,True,True,False,True
3700,1449,Austria,2020-06-09,2020-06-16,0.0,7.0,,,True,True,True,True,both_missing,False,1,,True,False,True,False,True,False,True,False
3701,1449,Austria,2020-06-30,2020-07-07,0.0,7.0,,,True,True,True,True,both_missing,False,2,21.0,True,False,False,True,True,False,False,True
3702,1449,Austria,2020-07-07,2020-07-14,0.0,7.0,0.0,,False,True,True,False,p2_only_missing,False,3,7.0,True,True,False,True,True,False,False,True
3703,1449,Austria,2020-07-14,2020-07-21,0.0,7.0,0.0,0.0,False,False,False,False,both_available,False,4,7.0,True,True,False,True,True,True,False,True
3704,1449,Austria,2020-07-21,2020-07-28,0.0,7.0,0.0,0.0,False,False,False,False,both_available,False,5,7.0,True,True,False,True,True,True,False,True
3705,1449,Austria,2020-07-28,2020-08-05,0.0,8.0,0.0,0.0,False,False,False,False,both_available,False,6,8.0,True,True,False,True,True,True,False,True
3706,1449,Austria,2020-08-05,2020-08-12,0.0,7.0,0.0,0.0,False,False,False,False,both_available,False,7,7.0,True,True,False,True,True,True,False,True
3707,1449,Austria,2020-08-12,2020-08-18,0.0,6.0,0.0,0.0,False,False,False,False,both_available,False,8,6.0,True,True,False,True,True,True,False,True
3708,1449,Austria,2020-08-18,2020-08-25,0.0,7.0,0.0,0.0,False,False,False,False,both_available,False,9,7.0,True,True,False,True,True,True,False,True
3709,1449,Austria,2020-08-25,2020-09-01,0.0,7.0,0.0,0.0,False,False,False,False,both_available,False,10,7.0,True,True,False,True,True,True,False,True
3710,1449,Austria,2020-09-01,2020-09-08,0.0,7.0,0.0,0.0,False,False,False,False,both_available,False,11,7.0,True,True,False,True,True,True,False,True
3711,1449,Austria,2020-09-08,2020-09-15,0.0,7.0,0.0,0.0,False,False,False,False,both_available,False,12,7.0,True,True,False,True,True,True,False,True
3712,1449,Austria,2020-09-15,2020-09-22,0.0,7.0,0.0,0.0,False,False,False,False,both_available,False,13,7.0,True,True,False,True,True,True,False,True
3713,1449,Austria,2020-09-22,2020-09-29,0.0,7.0,0.0,0.0,False,False,False,False,both_available,False,14,7.0,True,True,False,True,True,True,False,True
3714,1449,Austria,2020-09-29,2020-10-06,0.0,7.0,0.0,0.0,False,False,False,False,both_available,False,15,7.0,True,True,False,True,True,True,False,True
3715,1449,Austria,2020-10-06,2020-10-13,0.0,7.0,0.0,0.0,False,False,False,False,both_available,False,16,7.0,True,True,False,True,True,True,False,True
3716,1449,Austria,2020-10-13,2020-10-20,0.0,7.0,0.0,0.0,False,False,False,False,both_available,False,17,7.0,True,True,False,True,True,True,False,True
3717,1449,Austria,2020-10-20,2020-10-27,0.0,7.0,0.0,0.0,False,False,False,False,both_available,False,18,7.0,True,True,False,True,True,True,False,True
3718,1450,Austria,2020-05-05,2020-05-12,0.0,7.0,,,True,True,True,True,both_missing,False,1,,True,False,True,False,True,False,True,False
3719,1450,Austria,2020-05-12,2020-05-19,0.0,7.0,0.0,,False,True,True,False,p2_only_missing,False,2,7.0,True,True,False,True,True,False,True,True
3720,1450,Austria,2020-05-26,2020-06-02,0.0,7.0,,0.0,True,False,True,False,p1_only_missing,False,3,14.0,True,False,False,True,True,True,False,True
3721,1450,Austria,2020-06-02,2020-06-09,0.0,7.0,0.0,,False,True,True,False,p2_only_missing,False,4,7.0,True,True,False,True,True,False,False,True
3722,1450,Austria,2020-06-09,2020-06-16,0.0,7.0,0.0,0.0,False,False,False,False,both_available,False,5,7.0,True,True,False,True,True,True,False,True
3723,1450,Austria,2020-06-16,2020-06-23,0.0,7.0,0.0,0.0,False,False,False,False,both_available,False,6,7.0,True,True,False,True,True,True,False,True
3724,1450,Austria,2020-06-23,2020-06-30,0.0,7.0,0.0,0.0,False,False,False,False,both_available,False,7,7.0,True,True,False,True,True,True,False,True
3725,1450,Austria,2020-07-21,2020-07-28,0.0,7.0,,,True,True,True,True,both_missing,False,8,28.0,True,False,False,True,True,False,False,True
3726,1450,Austria,2020-07-28,2020-08-05,0.0,8.0,0.0,,False,True,True,False,p2_only_missing,False,9,8.0,True,True,False,True,True,False,False,True
3727,1450,Austria,2020-08-05,2020-08-12,0.0,7.0,0.0,0.0,False,False,False,False,both_available,False,10,7.0,True,True,False,True,True,True,False,True
3728,1450,Austria,2020-08-25,2020-09-01,0.0,7.0,,,True,True,True,True,both_missing,False,11,20.0,True,False,False,True,True,False,False,True
3729,1450,Austria,2020-09-01,2020-09-08,0.0,7.0,0.0,,False,True,True,False,p2_only_missing,False,12,7.0,True,True,False,True,True,False,False,True
3730,1450,Austria,2020-09-22,2020-09-29,0.0,7.0,,,True,True,True,True,both_missing,False,13,21.0,True,False,False,True,True,False,False,True
3731,1450,Austria,2020-09-29,2020-10-06,0.0,7.0,0.0,,False,True,True,False,p2_only_missing,False,14,7.0,True,True,False,True,True,False,False,True
3732,1450,Austria,2020-10-06,2020-10-13,0.0,7.0,0.0,0.0,False,False,False,False,both_available,False,15,7.0,True,True,False,True,True,True,False,True
3733,1450,Austria,2020-10-13,2020-10-20,0.0,7.0,0.0,0.0,False,False,False,False,both_available,False,16,7.0,True,True,False,True,True,True,False,True
3734,1450,Austria,2020-10-20,2020-10-27,0.0,7.0,0.0,0.0,False,False,False,False,both_available,False,17,7.0,True,True,False,True,True,True,False,True
3735,1452,Austria,2020-05-05,2020-05-12,0.0,7.0,,,True,True,True,True,both_missing,False,1,,True,False,True,False,True,False,True,False
3736,1452,Austria,2020-05-12,2020-05-19,0.0,7.0,0.0,,False,True,True,False,p2_only_missing,False,2,7.0,True,True,False,True,True,False,True,True
3737,1452,Austria,2020-08-12,2020-08-18,0.0,6.0,,,True,True,True,True,both_missing,False,3,91.0,True,False,False,True,True,False,False,True
3738,1452,Austria,2020-08-18,2020-08-25,0.0,7.0,0.0,,False,True,True,False,p2_only_missing,False,4,7.0,True,True,False,True,True,False,False,True
3739,1452,Austria,2020-08-25,2020-09-01,0.0,7.0,0.0,0.0,False,False,False,False,both_available,False,5,7.0,True,True,False,True,True,True,False,True
3740,1452,Austria,2020-09-08,2020-09-15,0.0,7.0,,0.0,True,False,True,False,p1_only_missing,False,6,14.0,True,False,False,True,True,True,False,True
3741,1452,Austria,2020-09-29,2020-10-06,0.0,7.0,,,True,True,True,True,both_missing,False,7,21.0,True,False,False,True,True,False,False,True
3742,1452,Austria,2020-10-06,2020-10-13,0.0,7.0,0.0,,False,True,True,False,p2_only_missing,False,8,7.0,True,True,False,True,True,False,False,True
3743,1452,Austria,2020-10-13,2020-10-20,0.0,7.0,0.0,0.0,False,False,False,False,both_available,False,9,7.0,True,True,False,True,True,True,False,True
3744,1452,Austria,2020-10-20,2020-10-27,0.0,7.0,0.0,0.0,False,False,False,False,both_available,False,10,7.0,True,True,False,True,True,True,False,True
3745,1453,Austria,2020-05-05,2020-05-12,0.0,7.0,,,True,True,True,True,both_missing,False,1,,True,False,True,False,True,False,True,False
3746,1453,Austria,2020-05-19,2020-05-26,0.0,7.0,,0.0,True,False,True,False,p1_only_missing,False,2,14.0,True,False,False,True,True,True,False,True
3747,1453,Austria,2020-05-26,2020-06-02,0.0,7.0,0.0,,False,True,True,False,p2_only_missing,False,3,7.0,True,True,False,True,True,False,False,True
3748,1453,Austria,2020-06-02,2020-06-09,0.0,7.0,0.0,0.0,False,False,False,False,both_available,False,4,7.0,True,True,False,True,True,True,False,True
3749,1453,Austria,2020-06-09,2020-06-16,0.0,7.0,0.0,0.0,False,False,False,False,both_available,False,5,7.0,True,True,False,True,True,True,False,True
3750,1453,Austria,2020-06-16,2020-06-23,0.0,7.0,0.0,0.0,False,False,False,False,both_available,False,6,7.0,True,True,False,True,True,True,False,True
3751,1453,Austria,2020-06-23,2020-06-30,0.0,7.0,0.0,0.0,False,False,False,False,both_available,False,7,7.0,True,True,False,True,True,True,False,True
3752,1453,Austria,2020-07-07,2020-07-14,0.0,7.0,,0.0,True,False,True,False,p1_only_missing,False,8,14.0,True,False,False,True,True,True,False,True
3753,1453,Austria,2020-07-14,2020-07-21,0.0,7.0,0.0,,False,True,True,False,p2_only_missing,False,9,7.0,True,True,False,True,True,False,False,True
3754,1453,Austria,2020-07-28,2020-08-05,0.0,8.0,,0.0,True,False,True,False,p1_only_missing,False,10,15.0,True,False,False,True,True,True,False,True
3755,1453,Austria,2020-08-12,2020-08-18,0.0,6.0,,0.0,True,False,True,False,p1_only_missing,False,11,13.0,True,False,False,True,True,True,False,True
3756,1453,Austria,2020-08-25,2020-09-01,0.0,7.0,,0.0,True,False,True,False,p1_only_missing,False,12,14.0,True,False,False,True,True,True,False,True
3757,1453,Austria,2020-09-01,2020-09-08,0.0,7.0,0.0,,False,True,True,False,p2_only_missing,False,13,7.0,True,True,False,True,True,False,False,True
3758,1453,Austria,2020-09-08,2020-09-15,0.0,7.0,0.0,0.0,False,False,False,False,both_available,False,14,7.0,True,True,False,True,True,True,False,True
3759,1453,Austria,2020-09-15,2020-09-22,0.0,7.0,0.0,0.0,False,False,False,False,both_available,False,15,7.0,True,True,False,True,True,True,False,True
3760,1453,Austria,2020-09-22,2020-09-29,0.0,7.0,0.0,0.0,False,False,False,False,both_available,False,16,7.0,True,True,False,True,True,True,False,True
3761,1453,Austria,2020-09-29,2020-10-06,0.0,7.0,0.0,0.0,False,False,False,False,both_available,False,17,7.0,True,True,False,True,True,True,False,True
3762,1453,Austria,2020-10-06,2020-10-13,0.0,7.0,0.0,0.0,False,False,False,False,both_available,False,18,7.0,True,True,False,True,True,True,False,True
3763,1453,Austria,2020-10-13,2020-10-20,0.0,7.0,0.0,0.0,False,False,False,False,both_available,False,19,7.0,True,True,False,True,True,True,False,True
3764,1453,Austria,2020-10-20,2020-10-27,0.0,7.0,0.0,0.0,False,False,False,False,both_available,False,20,7.0,True,True,False,True,True,True,False,True
3765,1454,Austria,2020-06-09,2020-06-16,0.0,7.0,,,True,True,True,True,both_missing,False,1,,True,False,True,False,True,False,True,False
3766,1454,Austria,2020-06-16,2020-06-23,0.0,7.0,0.0,,False,True,True,False,p2_only_missing,False,2,7.0,True,True,False,True,True,False,True,True
3767,1454,Austria,2020-06-23,2020-06-30,0.0,7.0,0.0,0.0,False,False,False,False,both_available,False,3,7.0,True,True,False,True,True,True,False,True
3768,1454,Austria,2020-06-30,2020-07-07,0.0,7.0,0.0,0.0,False,False,False,False,both_available,False,4,7.0,True,True,False,True,True,True,False,True
3769,1454,Austria,2020-07-07,2020-07-14,0.0,7.0,0.0,0.0,False,False,False,False,both_available,False,5,7.0,True,True,False,True,True,True,False,True
3770,1454,Austria,2020-07-14,2020-07-21,0.0,7.0,0.0,0.0,False,False,False,False,both_available,False,6,7.0,True,True,False,True,True,True,False,True
3771,1454,Austria,2020-07-21,2020-07-28,0.0,7.0,0.0,0.0,False,False,False,False,both_available,False,7,7.0,True,True,False,True,True,True,False,True
3772,1454,Austria,2020-07-28,2020-08-05,0.0,8.0,0.0,0.0,False,False,False,False,both_available,False,8,8.0,True,True,False,True,True,True,False,True
3773,1454,Austria,2020-08-12,2020-08-18,0.0,6.0,,0.0,True,False,True,False,p1_only_missing,False,9,13.0,True,False,False,True,True,True,False,True
3774,1454,Austria,2020-08-18,2020-08-25,0.0,7.0,0.0,,False,True,True,False,p2_only_missing,False,10,7.0,True,True,False,True,True,False,False,True
3775,1454,Austria,2020-09-01,2020-09-08,0.0,7.0,,0.0,True,False,True,False,p1_only_missing,False,11,14.0,True,False,False,True,True,True,False,True
3776,1454,Austria,2020-09-08,2020-09-15,0.0,7.0,0.0,,False,True,True,False,p2_only_missing,False,12,7.0,True,True,False,True,True,False,False,True
3777,1454,Austria,2020-09-22,2020-09-29,0.0,7.0,,0.0,True,False,True,False,p1_only_missing,False,13,14.0,True,False,False,True,True,True,False,True
3778,1454,Austria,2020-09-29,2020-10-06,0.0,7.0,0.0,,False,True,True,False,p2_only_missing,False,14,7.0,True,True,False,True,True,False,False,True
3779,1454,Austria,2020-10-06,2020-10-13,0.0,7.0,0.0,0.0,False,False,False,False,both_available,False,15,7.0,True,True,False,True,True,True,False,True
3780,1454,Austria,2020-10-13,2020-10-20,0.0,7.0,0.0,0.0,False,False,False,False,both_available,False,16,7.0,True,True,False,True,True,True,False,True
3781,1454,Austria,2020-10-20,2020-10-27,0.0,7.0,0.0,0.0,False,False,False,False,both_available,False,17,7.0,True,True,False,True,True,True,False,True
3782,1455,Austria,2020-06-16,2020-06-23,0.0,7.0,,,True,True,True,True,both_missing,False,1,,True,False,True,False,True,False,True,False
3783,1455,Austria,2020-06-23,2020-06-30,0.0,7.0,0.0,,False,True,True,False,p2_only_missing,False,2,7.0,True,True,False,True,True,False,True,True
3784,1455,Austria,2020-06-30,2020-07-07,0.0,7.0,0.0,0.0,False,False,False,False,both_available,False,3,7.0,True,True,False,True,True,True,False,True
3785,1455,Austria,2020-07-07,2020-07-14,0.0,7.0,0.0,0.0,False,False,False,False,both_available,False,4,7.0,True,True,False,True,True,True,False,True
3786,1455,Austria,2020-07-21,2020-07-28,0.0,7.0,,0.0,True,False,True,False,p1_only_missing,False,5,14.0,True,False,False,True,True,True,False,True
3787,1455,Austria,2020-07-28,2020-08-05,0.0,8.0,0.0,,False,True,True,False,p2_only_missing,False,6,8.0,True,True,False,True,True,False,False,True
3788,1455,Austria,2020-08-05,2020-08-12,0.0,7.0,0.0,0.0,False,False,False,False,both_available,False,7,7.0,True,True,False,True,True,True,False,True
3789,1455,Austria,2020-08-12,2020-08-18,0.0,6.0,0.0,0.0,False,False,False,False,both_available,False,8,6.0,True,True,False,True,True,True,False,True
3790,1455,Austria,2020-08-18,2020-08-25,0.0,7.0,0.0,0.0,False,False,False,False,both_available,False,9,7.0,True,True,False,True,True,True,False,True
3791,1455,Austria,2020-08-25,2020-09-01,0.0,7.0,0.0,0.0,False,False,False,False,both_available,False,10,7.0,True,True,False,True,True,True,False,True
3792,1455,Austria,2020-09-01,2020-09-08,0.0,7.0,0.0,0.0,False,False,False,False,both_available,False,11,7.0,True,True,False,True,True,True,False,True
3793,1455,Austria,2020-09-08,2020-09-15,0.0,7.0,0.0,0.0,False,False,False,False,both_available,False,12,7.0,True,True,False,True,True,True,False,True
3794,1455,Austria,2020-09-15,2020-09-22,0.0,7.0,0.0,0.0,False,False,False,False,both_available,False,13,7.0,True,True,False,True,True,True,False,True
3795,1455,Austria,2020-10-06,2020-10-13,0.0,7.0,,,True,True,True,True,both_missing,False,14,21.0,True,False,False,True,True,False,False,True
3796,1455,Austria,2020-10-13,2020-10-20,0.0,7.0,0.0,,False,True,True,False,p2_only_missing,False,15,7.0,True,True,False,True,True,False,False,True
3797,1455,Austria,2020-10-20,2020-10-27,0.0,7.0,0.0,0.0,False,False,False,False,both_available,False,16,7.0,True,True,False,True,True,True,False,True
3798,1456,Austria,2020-05-05,2020-05-12,0.0,7.0,,,True,True,True,True,both_missing,False,1,,True,False,True,False,True,False,True,False
3799,1456,Austria,2020-05-12,2020-05-19,0.0,7.0,0.0,,False,True,True,False,p2_only_missing,False,2,7.0,True,True,False,True,True,False,True,True
3800,1456,Austria,2020-05-19,2020-05-26,0.0,7.0,0.0,0.0,False,False,False,False,both_available,False,3,7.0,True,True,False,True,True,True,False,True
3801,1456,Austria,2020-05-26,2020-06-02,0.0,7.0,0.0,0.0,False,False,False,False,both_available,False,4,7.0,True,True,False,True,True,True,False,True
3802,1456,Austria,2020-06-02,2020-06-09,0.0,7.0,0.0,0.0,False,False,False,False,both_available,False,5,7.0,True,True,False,True,True,True,False,True
3803,1456,Austria,2020-06-09,2020-06-16,0.0,7.0,0.0,0.0,False,False,False,False,both_available,False,6,7.0,True,True,False,True,True,True,False,True
3804,1456,Austria,2020-06-23,2020-06-30,0.0,7.0,,0.0,True,False,True,False,p1_only_missing,False,7,14.0,True,False,False,True,True,True,False,True
3805,1456,Austria,2020-08-12,2020-08-18,0.0,6.0,,,True,True,True,True,both_missing,False,8,49.0,True,False,False,True,True,False,False,True
3806,1456,Austria,2020-08-18,2020-08-25,0.0,7.0,0.0,,False,True,True,False,p2_only_missing,False,9,7.0,True,True,False,True,True,False,False,True
3807,1456,Austria,2020-08-25,2020-09-01,0.0,7.0,0.0,0.0,False,False,False,False,both_available,False,10,7.0,True,True,False,True,True,True,False,True
3808,1456,Austria,2020-09-01,2020-09-08,0.0,7.0,0.0,0.0,False,False,False,False,both_available,False,11,7.0,True,True,False,True,True,True,False,True
3809,1456,Austria,2020-09-08,2020-09-15,0.0,7.0,0.0,0.0,False,False,False,False,both_available,False,12,7.0,True,True,False,True,True,True,False,True
3810,1456,Austria,2020-09-29,2020-10-06,0.0,7.0,,,True,True,True,True,both_missing,False,13,21.0,True,False,False,True,True,False,False,True
3811,1456,Austria,2020-10-06,2020-10-13,0.0,7.0,0.0,,False,True,True,False,p2_only_missing,False,14,7.0,True,True,False,True,True,False,False,True
3812,1456,Austria,2020-10-13,2020-10-20,0.0,7.0,0.0,0.0,False,False,False,False,both_available,False,15,7.0,True,True,False,True,True,True,False,True
3813,1456,Austria,2020-10-20,2020-10-27,0.0,7.0,0.0,0.0,False,False,False,False,both_available,False,16,7.0,True,True,False,True,True,True,False,True
3814,1457,Austria,2020-05-05,2020-05-12,0.0,7.0,,,True,True,True,True,both_missing,False,1,,True,False,True,False,True,False,True,False
3815,1457,Austria,2020-05-12,2020-05-19,0.0,7.0,0.0,,False,True,True,False,p2_only_missing,False,2,7.0,True,True,False,True,True,False,True,True
3816,1457,Austria,2020-05-19,2020-05-26,0.0,7.0,0.0,0.0,False,False,False,False,both_available,False,3,7.0,True,True,False,True,True,True,False,True
3817,1457,Austria,2020-05-26,2020-06-02,0.0,7.0,0.0,0.0,False,False,False,False,both_available,False,4,7.0,True,True,False,True,True,True,False,True
3818,1457,Austria,2020-06-02,2020-06-09,0.0,7.0,0.0,0.0,False,False,False,False,both_available,False,5,7.0,True,True,False,True,True,True,False,True
3819,1457,Austria,2020-06-09,2020-06-16,0.0,7.0,0.0,0.0,False,False,False,False,both_available,False,6,7.0,True,True,False,True,True,True,False,True
3820,1457,Austria,2020-06-16,2020-06-23,0.0,7.0,0.0,0.0,False,False,False,False,both_available,False,7,7.0,True,True,False,True,True,True,False,True
3821,1457,Austria,2020-06-23,2020-06-30,0.0,7.0,0.0,0.0,False,False,False,False,both_available,False,8,7.0,True,True,False,True,True,True,False,True
3822,1457,Austria,2020-06-30,2020-07-07,0.0,7.0,0.0,0.0,False,False,False,False,both_available,False,9,7.0,True,True,False,True,True,True,False,True
3823,1457,Austria,2020-07-07,2020-07-14,0.0,7.0,0.0,0.0,False,False,False,False,both_available,False,10,7.0,True,True,False,True,True,True,False,True
3824,1457,Austria,2020-07-14,2020-07-21,0.0,7.0,0.0,0.0,False,False,False,False,both_available,False,11,7.0,True,True,False,True,True,True,False,True
3825,1457,Austria,2020-07-21,2020-07-28,0.0,7.0,0.0,0.0,False,False,False,False,both_available,False,12,7.0,True,True,False,True,True,True,False,True
3826,1457,Austria,2020-07-28,2020-08-05,0.0,8.0,0.0,0.0,False,False,False,False,both_available,False,13,8.0,True,True,False,True,True,True,False,True
3827,1457,Austria,2020-08-05,2020-08-12,0.0,7.0,0.0,0.0,False,False,False,False,both_available,False,14,7.0,True,True,False,True,True,True,False,True
3828,1457,Austria,2020-08-12,2020-08-18,0.0,6.0,0.0,0.0,False,False,False,False,both_available,False,15,6.0,True,True,False,True,True,True,False,True
3829,1457,Austria,2020-08-18,2020-08-25,0.0,7.0,0.0,0.0,False,False,False,False,both_available,False,16,7.0,True,True,False,True,True,True,False,True
3830,1457,Austria,2020-08-25,2020-09-01,0.0,7.0,0.0,0.0,False,False,False,False,both_available,False,17,7.0,True,True,False,True,True,True,False,True
3831,1457,Austria,2020-09-01,2020-09-08,0.0,7.0,0.0,0.0,False,False,False,False,both_available,False,18,7.0,True,True,False,True,True,True,False,True
3832,1457,Austria,2020-09-08,2020-09-15,0.0,7.0,0.0,0.0,False,False,False,False,both_available,False,19,7.0,True,True,False,True,True,True,False,True
3833,1457,Austria,2020-09-15,2020-09-22,0.0,7.0,0.0,0.0,False,False,False,False,both_available,False,20,7.0,True,True,False,True,True,True,False,True
3834,1457,Austria,2020-09-22,2020-09-29,0.0,7.0,0.0,0.0,False,False,False,False,both_available,False,21,7.0,True,True,False,True,True,True,False,True
3835,1457,Austria,2020-09-29,2020-10-06,0.0,7.0,0.0,0.0,False,False,False,False,both_available,False,22,7.0,True,True,False,True,True,True,False,True
3836,1457,Austria,2020-10-06,2020-10-13,0.0,7.0,0.0,0.0,False,False,False,False,both_available,False,23,7.0,True,True,False,True,True,True,False,True
3837,1457,Austria,2020-10-13,2020-10-20,0.0,7.0,0.0,0.0,False,False,False,False,both_available,False,24,7.0,True,True,False,True,True,True,False,True
3838,1457,Austria,2020-10-20,2020-10-27,0.0,7.0,0.0,0.0,False,False,False,False,both_available,False,25,7.0,True,True,False,True,True,True,False,True
3839,1458,Austria,2020-05-05,2020-05-12,0.0,7.0,,,True,True,True,True,both_missing,False,1,,True,False,True,False,True,False,True,False
3840,1458,Austria,2020-05-12,2020-05-19,0.0,7.0,0.0,,False,True,True,False,p2_only_missing,False,2,7.0,True,True,False,True,True,False,True,True
3841,1458,Austria,2020-05-19,2020-05-26,0.0,7.0,0.0,0.0,False,False,False,False,both_available,False,3,7.0,True,True,False,True,True,True,False,True
3842,1458,Austria,2020-05-26,2020-06-02,0.0,7.0,0.0,0.0,False,False,False,False,both_available,False,4,7.0,True,True,False,True,True,True,False,True
3843,1458,Austria,2020-06-02,2020-06-09,0.0,7.0,0.0,0.0,False,False,False,False,both_available,False,5,7.0,True,True,False,True,True,True,False,True
3844,1458,Austria,2020-06-09,2020-06-16,0.0,7.0,0.0,0.0,False,False,False,False,both_available,False,6,7.0,True,True,False,True,True,True,False,True
3845,1458,Austria,2020-06-16,2020-06-23,0.0,7.0,0.0,0.0,False,False,False,False,both_available,False,7,7.0,True,True,False,True,True,True,False,True
3846,1458,Austria,2020-06-23,2020-06-30,0.0,7.0,0.0,0.0,False,False,False,False,both_available,False,8,7.0,True,True,False,True,True,True,False,True
3847,1458,Austria,2020-06-30,2020-07-07,0.0,7.0,0.0,0.0,False,False,False,False,both_available,False,9,7.0,True,True,False,True,True,True,False,True
3848,1458,Austria,2020-07-07,2020-07-14,0.0,7.0,0.0,0.0,False,False,False,False,both_available,False,10,7.0,True,True,False,True,True,True,False,True
3849,1458,Austria,2020-07-14,2020-07-21,0.0,7.0,0.0,0.0,False,False,False,False,both_available,False,11,7.0,True,True,False,True,True,True,False,True
3850,1458,Austria,2020-08-12,2020-08-18,0.0,6.0,,,True,True,True,True,both_missing,False,12,28.0,True,False,False,True,True,False,False,True
3851,1458,Austria,2020-08-18,2020-08-25,0.0,7.0,0.0,,False,True,True,False,p2_only_missing,False,13,7.0,True,True,False,True,True,False,False,True
3852,1458,Austria,2020-08-25,2020-09-01,0.0,7.0,0.0,0.0,False,False,False,False,both_available,False,14,7.0,True,True,False,True,True,True,False,True
3853,1458,Austria,2020-09-01,2020-09-08,0.0,7.0,0.0,0.0,False,False,False,False,both_available,False,15,7.0,True,True,False,True,True,True,False,True
3854,1458,Austria,2020-09-08,2020-09-15,0.0,7.0,0.0,0.0,False,False,False,False,both_available,False,16,7.0,True,True,False,True,True,True,False,True
3855,1458,Austria,2020-09-15,2020-09-22,0.0,7.0,0.0,0.0,False,False,False,False,both_available,False,17,7.0,True,True,False,True,True,True,False,True
3856,1458,Austria,2020-09-22,2020-09-29,0.0,7.0,0.0,0.0,False,False,False,False,both_available,False,18,7.0,True,True,False,True,True,True,False,True
3857,1458,Austria,2020-09-29,2020-10-06,0.0,7.0,0.0,0.0,False,False,False,False,both_available,False,19,7.0,True,True,False,True,True,True,False,True
3858,1458,Austria,2020-10-06,2020-10-13,0.0,7.0,0.0,0.0,False,False,False,False,both_available,False,20,7.0,True,True,False,True,True,True,False,True
3859,1458,Austria,2020-10-13,2020-10-20,0.0,7.0,0.0,0.0,False,False,False,False,both_available,False,21,7.0,True,True,False,True,True,True,False,True
3860,1458,Austria,2020-10-20,2020-10-27,0.0,7.0,0.0,0.0,False,False,False,False,both_available,False,22,7.0,True,True,False,True,True,True,False,True
3861,1464,Austria,2020-05-04,2020-05-11,0.0,7.0,,,True,True,True,True,both_missing,False,1,,True,False,True,False,True,False,True,False
3862,1464,Austria,2020-08-02,2020-08-08,0.0,6.0,0.0,,False,True,True,False,p2_only_missing,False,2,89.0,True,False,False,True,True,False,False,True
3863,1464,Austria,2020-08-08,2020-08-16,0.0,8.0,0.0,0.0,False,False,False,False,both_available,False,3,8.0,True,True,False,True,True,False,False,True
3864,1465,Austria,2020-05-04,2020-05-11,0.0,7.0,,,True,True,True,True,both_missing,False,1,,True,False,True,False,True,False,True,False
3865,1465,Austria,2020-08-02,2020-08-08,0.0,6.0,,,True,True,True,True,both_missing,False,2,89.0,True,False,False,True,True,False,False,True
3866,1466,Austria,2020-05-04,2020-05-11,0.0,7.0,,,True,True,True,True,both_missing,False,1,,True,False,True,False,True,False,True,False
3867,1466,Austria,2020-08-02,2020-08-08,0.0,6.0,0.0,,False,True,True,False,p2_only_missing,False,2,89.0,True,False,False,True,True,False,False,True
3868,1467,Austria,2020-05-04,2020-05-11,0.0,7.0,,,True,True,True,True,both_missing,False,1,,True,False,True,False,True,False,True,False
3869,1467,Austria,2020-08-02,2020-08-08,0.0,6.0,0.0,,False,True,True,False,p2_only_missing,False,2,89.0,True,False,False,True,True,False,False,True
3870,1467,Austria,2020-08-08,2020-08-16,0.0,8.0,0.0,0.0,False,False,False,False,both_available,False,3,8.0,True,True,False,True,True,False,False,True
3871,1468,Austria,2020-05-04,2020-05-11,0.0,7.0,,,True,True,True,True,both_missing,False,1,,True,False,True,False,True,False,True,False
3872,1468,Austria,2020-08-02,2020-08-08,0.0,6.0,0.0,,False,True,True,False,p2_only_missing,False,2,89.0,True,False,False,True,True,False,False,True
3873,1468,Austria,2020-08-08,2020-08-16,0.0,8.0,0.0,0.0,False,False,False,False,both_available,False,3,8.0,True,True,False,True,True,False,False,True
3874,1474,Austria,2020-04-30,2020-05-07,0.0,7.0,,,True,True,True,True,both_missing,False,1,,True,False,True,False,True,False,True,False
3875,1474,Austria,2020-05-07,2020-05-14,0.0,7.0,0.0,,False,True,True,False,p2_only_missing,False,2,7.0,True,True,False,True,True,False,True,True
3876,1474,Austria,2020-05-14,2020-05-22,0.0,8.0,0.0,0.0,False,False,False,False,both_available,False,3,8.0,True,True,False,True,True,True,False,True
3877,1474,Austria,2020-05-22,2020-05-28,0.0,6.0,0.0,0.0,False,False,False,False,both_available,False,4,6.0,True,True,False,True,True,True,False,True
3878,1474,Austria,2020-05-28,2020-06-04,0.0,7.0,0.0,0.0,False,False,False,False,both_available,False,5,7.0,True,True,False,True,True,True,False,True
3879,1474,Austria,2020-06-04,2020-06-12,0.0,8.0,0.0,0.0,False,False,False,False,both_available,False,6,8.0,True,True,False,True,True,True,False,True
3880,1474,Austria,2020-06-12,2020-06-18,0.0,6.0,0.0,0.0,False,False,False,False,both_available,False,7,6.0,True,True,False,True,True,True,False,True
3881,1474,Austria,2020-06-18,2020-06-25,0.0,7.0,0.0,0.0,False,False,False,False,both_available,False,8,7.0,True,True,False,True,True,True,False,True
3882,1474,Austria,2020-06-25,2020-07-02,0.0,7.0,0.0,0.0,False,False,False,False,both_available,False,9,7.0,True,True,False,True,True,True,False,True
3883,1474,Austria,2020-07-02,2020-07-09,0.0,7.0,0.0,0.0,False,False,False,False,both_available,False,10,7.0,True,True,False,True,True,True,False,True
3884,1474,Austria,2020-07-09,2020-07-16,0.0,7.0,0.0,0.0,False,False,False,False,both_available,False,11,7.0,True,True,False,True,True,True,False,True
3885,1474,Austria,2020-07-16,2020-07-23,0.0,7.0,0.0,0.0,False,False,False,False,both_available,False,12,7.0,True,True,False,True,True,True,False,True
3886,1474,Austria,2020-07-23,2020-07-30,0.0,7.0,0.0,0.0,False,False,False,False,both_available,False,13,7.0,True,True,False,True,True,True,False,True
3887,1474,Austria,2020-07-30,2020-08-06,0.0,7.0,0.0,0.0,False,False,False,False,both_available,False,14,7.0,True,True,False,True,True,True,False,True
3888,1474,Austria,2020-08-06,2020-08-13,0.0,7.0,0.0,0.0,False,False,False,False,both_available,False,15,7.0,True,True,False,True,True,True,False,True
3889,1474,Austria,2020-08-13,2020-08-20,0.0,7.0,0.0,0.0,False,False,False,False,both_available,False,16,7.0,True,True,False,True,True,True,False,True
3890,1474,Austria,2020-08-20,2020-08-27,0.0,7.0,0.0,0.0,False,False,False,False,both_available,False,17,7.0,True,True,False,True,True,True,False,True
3891,1474,Austria,2020-08-27,2020-09-03,0.0,7.0,0.0,0.0,False,False,False,False,both_available,False,18,7.0,True,True,False,True,True,True,False,True
3892,1474,Austria,2020-09-03,2020-09-10,0.0,7.0,0.0,0.0,False,False,False,False,both_available,False,19,7.0,True,True,False,True,True,True,False,True
3893,1474,Austria,2020-09-10,2020-09-17,0.0,7.0,0.0,0.0,False,False,False,False,both_available,False,20,7.0,True,True,False,True,True,True,False,True
3894,1474,Austria,2020-09-17,2020-09-24,0.0,7.0,0.0,0.0,False,False,False,False,both_available,False,21,7.0,True,True,False,True,True,True,False,True
3895,1474,Austria,2020-09-24,2020-10-01,0.0,7.0,0.0,0.0,False,False,False,False,both_available,False,22,7.0,True,True,False,True,True,True,False,True
3896,1474,Austria,2020-10-01,2020-10-08,0.0,7.0,0.0,0.0,False,False,False,False,both_available,False,23,7.0,True,True,False,True,True,True,False,True
3897,1474,Austria,2020-10-08,2020-10-15,0.0,7.0,0.0,0.0,False,False,False,False,both_available,False,24,7.0,True,True,False,True,True,True,False,True
3898,1474,Austria,2020-10-15,2020-10-22,0.0,7.0,0.0,0.0,False,False,False,False,both_available,False,25,7.0,True,True,False,True,True,True,False,True
3899,1475,Austria,2020-04-30,2020-05-07,0.0,7.0,,,True,True,True,True,both_missing,False,1,,True,False,True,False,True,False,True,False
3900,1475,Austria,2020-05-07,2020-05-14,0.0,7.0,0.0,,False,True,True,False,p2_only_missing,False,2,7.0,True,True,False,True,True,False,True,True
3901,1475,Austria,2020-05-14,2020-05-22,0.0,8.0,0.0,0.0,False,False,False,False,both_available,False,3,8.0,True,True,False,True,True,True,False,True
3902,1475,Austria,2020-05-22,2020-05-28,0.0,6.0,0.0,0.0,False,False,False,False,both_available,False,4,6.0,True,True,False,True,True,True,False,True
3903,1475,Austria,2020-05-28,2020-06-04,0.0,7.0,0.0,0.0,False,False,False,False,both_available,False,5,7.0,True,True,False,True,True,True,False,True
3904,1475,Austria,2020-06-04,2020-06-12,0.0,8.0,0.0,0.0,False,False,False,False,both_available,False,6,8.0,True,True,False,True,True,True,False,True
3905,1475,Austria,2020-06-12,2020-06-18,0.0,6.0,0.0,0.0,False,False,False,False,both_available,False,7,6.0,True,True,False,True,True,True,False,True
3906,1475,Austria,2020-06-18,2020-06-25,0.0,7.0,0.0,0.0,False,False,False,False,both_available,False,8,7.0,True,True,False,True,True,True,False,True
3907,1475,Austria,2020-06-25,2020-07-02,0.0,7.0,0.0,0.0,False,False,False,False,both_available,False,9,7.0,True,True,False,True,True,True,False,True
3908,1475,Austria,2020-07-02,2020-07-09,0.0,7.0,0.0,0.0,False,False,False,False,both_available,False,10,7.0,True,True,False,True,True,True,False,True
3909,1475,Austria,2020-07-09,2020-07-16,0.0,7.0,0.0,0.0,False,False,False,False,both_available,False,11,7.0,True,True,False,True,True,True,False,True
3910,1475,Austria,2020-07-16,2020-07-23,0.0,7.0,0.0,0.0,False,False,False,False,both_available,False,12,7.0,True,True,False,True,True,True,False,True
3911,1475,Austria,2020-07-23,2020-07-30,0.0,7.0,0.0,0.0,False,False,False,False,both_available,False,13,7.0,True,True,False,True,True,True,False,True
3912,1475,Austria,2020-07-30,2020-08-06,0.0,7.0,0.0,0.0,False,False,False,False,both_available,False,14,7.0,True,True,False,True,True,True,False,True
3913,1475,Austria,2020-08-13,2020-08-20,0.0,7.0,,0.0,True,False,True,False,p1_only_missing,False,15,14.0,True,False,False,True,True,True,False,True
3914,1475,Austria,2020-08-20,2020-08-27,0.0,7.0,0.0,,False,True,True,False,p2_only_missing,False,16,7.0,True,True,False,True,True,False,False,True
3915,1475,Austria,2020-08-27,2020-09-03,0.0,7.0,0.0,0.0,False,False,False,False,both_available,False,17,7.0,True,True,False,True,True,True,False,True
3916,1475,Austria,2020-09-03,2020-09-10,0.0,7.0,0.0,0.0,False,False,False,False,both_available,False,18,7.0,True,True,False,True,True,True,False,True
3917,1475,Austria,2020-09-10,2020-09-17,0.0,7.0,0.0,0.0,False,False,False,False,both_available,False,19,7.0,True,True,False,True,True,True,False,True
3918,1475,Austria,2020-09-17,2020-09-24,0.0,7.0,0.0,0.0,False,False,False,False,both_available,False,20,7.0,True,True,False,True,True,True,False,True
3919,1475,Austria,2020-09-24,2020-10-01,0.0,7.0,0.0,0.0,False,False,False,False,both_available,False,21,7.0,True,True,False,True,True,True,False,True
3920,1475,Austria,2020-10-01,2020-10-08,0.0,7.0,0.0,0.0,False,False,False,False,both_available,False,22,7.0,True,True,False,True,True,True,False,True
3921,1475,Austria,2020-10-08,2020-10-15,0.0,7.0,0.0,0.0,False,False,False,False,both_available,False,23,7.0,True,True,False,True,True,True,False,True
3922,1475,Austria,2020-10-15,2020-10-22,0.0,7.0,0.0,0.0,False,False,False,False,both_available,False,24,7.0,True,True,False,True,True,True,False,True
3923,1476,Austria,2020-04-30,2020-05-07,0.0,7.0,,,True,True,True,True,both_missing,False,1,,True,False,True,False,True,False,True,False
3924,1476,Austria,2020-05-07,2020-05-14,0.0,7.0,0.0,,False,True,True,False,p2_only_missing,False,2,7.0,True,True,False,True,True,False,True,True
3925,1476,Austria,2020-05-14,2020-05-22,0.0,8.0,0.0,0.0,False,False,False,False,both_available,False,3,8.0,True,True,False,True,True,True,False,True
3926,1476,Austria,2020-05-22,2020-05-28,0.0,6.0,0.0,0.0,False,False,False,False,both_available,False,4,6.0,True,True,False,True,True,True,False,True
3927,1476,Austria,2020-05-28,2020-06-04,0.0,7.0,0.0,0.0,False,False,False,False,both_available,False,5,7.0,True,True,False,True,True,True,False,True
3928,1476,Austria,2020-06-04,2020-06-12,0.0,8.0,0.0,0.0,False,False,False,False,both_available,False,6,8.0,True,True,False,True,True,True,False,True
3929,1476,Austria,2020-06-12,2020-06-18,0.0,6.0,0.0,0.0,False,False,False,False,both_available,False,7,6.0,True,True,False,True,True,True,False,True
3930,1476,Austria,2020-06-18,2020-06-25,0.0,7.0,0.0,0.0,False,False,False,False,both_available,False,8,7.0,True,True,False,True,True,True,False,True
3931,1476,Austria,2020-06-25,2020-07-02,0.0,7.0,0.0,0.0,False,False,False,False,both_available,False,9,7.0,True,True,False,True,True,True,False,True
3932,1476,Austria,2020-07-09,2020-07-16,0.0,7.0,,0.0,True,False,True,False,p1_only_missing,False,10,14.0,True,False,False,True,True,True,False,True
3933,1476,Austria,2020-07-16,2020-07-23,0.0,7.0,0.0,,False,True,True,False,p2_only_missing,False,11,7.0,True,True,False,True,True,False,False,True
3934,1476,Austria,2020-07-30,2020-08-06,0.0,7.0,,0.0,True,False,True,False,p1_only_missing,False,12,14.0,True,False,False,True,True,True,False,True
3935,1476,Austria,2020-08-06,2020-08-13,0.0,7.0,0.0,,False,True,True,False,p2_only_missing,False,13,7.0,True,True,False,True,True,False,False,True
3936,1476,Austria,2020-08-13,2020-08-20,0.0,7.0,0.0,0.0,False,False,False,False,both_available,False,14,7.0,True,True,False,True,True,True,False,True
3937,1476,Austria,2020-08-20,2020-08-27,0.0,7.0,0.0,0.0,False,False,False,False,both_available,False,15,7.0,True,True,False,True,True,True,False,True
3938,1476,Austria,2020-08-27,2020-09-03,0.0,7.0,0.0,0.0,False,False,False,False,both_available,False,16,7.0,True,True,False,True,True,True,False,True
3939,1476,Austria,2020-09-03,2020-09-10,0.0,7.0,0.0,0.0,False,False,False,False,both_available,False,17,7.0,True,True,False,True,True,True,False,True
3940,1476,Austria,2020-09-10,2020-09-17,0.0,7.0,0.0,0.0,False,False,False,False,both_available,False,18,7.0,True,True,False,True,True,True,False,True
3941,1476,Austria,2020-09-17,2020-09-24,0.0,7.0,0.0,0.0,False,False,False,False,both_available,False,19,7.0,True,True,False,True,True,True,False,True
3942,1476,Austria,2020-09-24,2020-10-01,0.0,7.0,0.0,0.0,False,False,False,False,both_available,False,20,7.0,True,True,False,True,True,True,False,True
3943,1476,Austria,2020-10-01,2020-10-08,0.0,7.0,0.0,0.0,False,False,False,False,both_available,False,21,7.0,True,True,False,True,True,True,False,True
3944,1476,Austria,2020-10-08,2020-10-15,0.0,7.0,0.0,0.0,False,False,False,False,both_available,False,22,7.0,True,True,False,True,True,True,False,True
3945,1476,Austria,2020-10-15,2020-10-22,0.0,7.0,0.0,0.0,False,False,False,False,both_available,False,23,7.0,True,True,False,True,True,True,False,True
3946,1477,Austria,2020-04-30,2020-05-07,0.0,7.0,,,True,True,True,True,both_missing,False,1,,True,False,True,False,True,False,True,False
3947,1477,Austria,2020-05-07,2020-05-14,0.0,7.0,0.0,,False,True,True,False,p2_only_missing,False,2,7.0,True,True,False,True,True,False,True,True
3948,1477,Austria,2020-05-14,2020-05-22,0.0,8.0,0.0,0.0,False,False,False,False,both_available,False,3,8.0,True,True,False,True,True,True,False,True
3949,1477,Austria,2020-05-22,2020-05-28,0.0,6.0,0.0,0.0,False,False,False,False,both_available,False,4,6.0,True,True,False,True,True,True,False,True
3950,1477,Austria,2020-05-28,2020-06-04,0.0,7.0,0.0,0.0,False,False,False,False,both_available,False,5,7.0,True,True,False,True,True,True,False,True
3951,1477,Austria,2020-06-04,2020-06-12,0.0,8.0,0.0,0.0,False,False,False,False,both_available,False,6,8.0,True,True,False,True,True,True,False,True
3952,1477,Austria,2020-06-12,2020-06-18,0.0,6.0,0.0,0.0,False,False,False,False,both_available,False,7,6.0,True,True,False,True,True,True,False,True
3953,1477,Austria,2020-06-18,2020-06-25,0.0,7.0,0.0,0.0,False,False,False,False,both_available,False,8,7.0,True,True,False,True,True,True,False,True
3954,1477,Austria,2020-06-25,2020-07-02,0.0,7.0,0.0,0.0,False,False,False,False,both_available,False,9,7.0,True,True,False,True,True,True,False,True
3955,1477,Austria,2020-07-02,2020-07-09,0.0,7.0,0.0,0.0,False,False,False,False,both_available,False,10,7.0,True,True,False,True,True,True,False,True
3956,1477,Austria,2020-07-09,2020-07-16,0.0,7.0,0.0,0.0,False,False,False,False,both_available,False,11,7.0,True,True,False,True,True,True,False,True
3957,1477,Austria,2020-07-16,2020-07-23,0.0,7.0,0.0,0.0,False,False,False,False,both_available,False,12,7.0,True,True,False,True,True,True,False,True
3958,1477,Austria,2020-07-23,2020-07-30,0.0,7.0,0.0,0.0,False,False,False,False,both_available,False,13,7.0,True,True,False,True,True,True,False,True
3959,1477,Austria,2020-07-30,2020-08-06,0.0,7.0,0.0,0.0,False,False,False,False,both_available,False,14,7.0,True,True,False,True,True,True,False,True
3960,1477,Austria,2020-08-06,2020-08-13,0.0,7.0,0.0,0.0,False,False,False,False,both_available,False,15,7.0,True,True,False,True,True,True,False,True
3961,1477,Austria,2020-08-13,2020-08-20,0.0,7.0,0.0,0.0,False,False,False,False,both_available,False,16,7.0,True,True,False,True,True,True,False,True
3962,1477,Austria,2020-08-20,2020-08-27,0.0,7.0,0.0,0.0,False,False,False,False,both_available,False,17,7.0,True,True,False,True,True,True,False,True
3963,1477,Austria,2020-08-27,2020-09-03,0.0,7.0,0.0,0.0,False,False,False,False,both_available,False,18,7.0,True,True,False,True,True,True,False,True
3964,1477,Austria,2020-09-03,2020-09-10,0.0,7.0,0.0,0.0,False,False,False,False,both_available,False,19,7.0,True,True,False,True,True,True,False,True
3965,1477,Austria,2020-09-10,2020-09-17,0.0,7.0,0.0,0.0,False,False,False,False,both_available,False,20,7.0,True,True,False,True,True,True,False,True
3966,1477,Austria,2020-09-24,2020-10-01,0.0,7.0,,0.0,True,False,True,False,p1_only_missing,False,21,14.0,True,False,False,True,True,True,False,True
3967,1477,Austria,2020-10-01,2020-10-08,0.0,7.0,0.0,,False,True,True,False,p2_only_missing,False,22,7.0,True,True,False,True,True,False,False,True
3968,1477,Austria,2020-10-08,2020-10-15,0.0,7.0,0.0,0.0,False,False,False,False,both_available,False,23,7.0,True,True,False,True,True,True,False,True
3969,1477,Austria,2020-10-15,2020-10-22,0.0,7.0,0.0,0.0,False,False,False,False,both_available,False,24,7.0,True,True,False,True,True,True,False,True
3970,1478,Austria,2020-04-30,2020-05-07,0.0,7.0,,,True,True,True,True,both_missing,False,1,,True,False,True,False,True,False,True,False
3971,1478,Austria,2020-05-07,2020-05-14,0.0,7.0,0.0,,False,True,True,False,p2_only_missing,False,2,7.0,True,True,False,True,True,False,True,True
3972,1478,Austria,2020-05-14,2020-05-22,0.0,8.0,0.0,0.0,False,False,False,False,both_available,False,3,8.0,True,True,False,True,True,True,False,True
3973,1478,Austria,2020-05-22,2020-05-28,0.0,6.0,0.0,0.0,False,False,False,False,both_available,False,4,6.0,True,True,False,True,True,True,False,True
3974,1478,Austria,2020-05-28,2020-06-04,0.0,7.0,0.0,0.0,False,False,False,False,both_available,False,5,7.0,True,True,False,True,True,True,False,True
3975,1478,Austria,2020-06-04,2020-06-12,0.0,8.0,0.0,0.0,False,False,False,False,both_available,False,6,8.0,True,True,False,True,True,True,False,True
3976,1478,Austria,2020-06-12,2020-06-18,0.0,6.0,0.0,0.0,False,False,False,False,both_available,False,7,6.0,True,True,False,True,True,True,False,True
3977,1478,Austria,2020-06-18,2020-06-25,0.0,7.0,0.0,0.0,False,False,False,False,both_available,False,8,7.0,True,True,False,True,True,True,False,True
3978,1478,Austria,2020-06-25,2020-07-02,0.0,7.0,0.0,0.0,False,False,False,False,both_available,False,9,7.0,True,True,False,True,True,True,False,True
3979,1478,Austria,2020-07-02,2020-07-09,0.0,7.0,0.0,0.0,False,False,False,False,both_available,False,10,7.0,True,True,False,True,True,True,False,True
3980,1478,Austria,2020-07-09,2020-07-16,0.0,7.0,0.0,0.0,False,False,False,False,both_available,False,11,7.0,True,True,False,True,True,True,False,True
3981,1478,Austria,2020-07-16,2020-07-23,0.0,7.0,0.0,0.0,False,False,False,False,both_available,False,12,7.0,True,True,False,True,True,True,False,True
3982,1478,Austria,2020-07-23,2020-07-30,0.0,7.0,0.0,0.0,False,False,False,False,both_available,False,13,7.0,True,True,False,True,True,True,False,True
3983,1478,Austria,2020-07-30,2020-08-06,0.0,7.0,0.0,0.0,False,False,False,False,both_available,False,14,7.0,True,True,False,True,True,True,False,True
3984,1478,Austria,2020-08-06,2020-08-13,0.0,7.0,0.0,0.0,False,False,False,False,both_available,False,15,7.0,True,True,False,True,True,True,False,True
3985,1478,Austria,2020-08-13,2020-08-20,0.0,7.0,0.0,0.0,False,False,False,False,both_available,False,16,7.0,True,True,False,True,True,True,False,True
3986,1478,Austria,2020-08-20,2020-08-27,0.0,7.0,0.0,0.0,False,False,False,False,both_available,False,17,7.0,True,True,False,True,True,True,False,True
3987,1478,Austria,2020-08-27,2020-09-03,0.0,7.0,0.0,0.0,False,False,False,False,both_available,False,18,7.0,True,True,False,True,True,True,False,True
3988,1478,Austria,2020-09-03,2020-09-10,0.0,7.0,0.0,0.0,False,False,False,False,both_available,False,19,7.0,True,True,False,True,True,True,False,True
3989,1478,Austria,2020-09-10,2020-09-17,0.0,7.0,0.0,0.0,False,False,False,False,both_available,False,20,7.0,True,True,False,True,True,True,False,True
3990,1478,Austria,2020-09-17,2020-09-24,0.0,7.0,0.0,0.0,False,False,False,False,both_available,False,21,7.0,True,True,False,True,True,True,False,True
3991,1478,Austria,2020-09-24,2020-10-01,0.0,7.0,0.0,0.0,False,False,False,False,both_available,False,22,7.0,True,True,False,True,True,True,False,True
3992,1478,Austria,2020-10-01,2020-10-08,0.0,7.0,0.0,0.0,False,False,False,False,both_available,False,23,7.0,True,True,False,True,True,True,False,True
3993,1478,Austria,2020-10-08,2020-10-15,0.0,7.0,0.0,0.0,False,False,False,False,both_available,False,24,7.0,True,True,False,True,True,True,False,True
3994,1478,Austria,2020-10-15,2020-10-22,0.0,7.0,0.0,0.0,False,False,False,False,both_available,False,25,7.0,True,True,False,True,True,True,False,True
3995,1484,Austria,2020-05-06,2020-05-13,0.0,7.0,,,True,True,True,True,both_missing,False,1,,True,False,True,False,True,False,True,False
3996,1484,Austria,2020-05-13,2020-05-20,0.0,7.0,0.0,,False,True,True,False,p2_only_missing,False,2,7.0,True,True,False,True,True,False,True,True
3997,1484,Austria,2020-05-20,2020-05-27,0.0,7.0,0.0,0.0,False,False,False,False,both_available,False,3,7.0,True,True,False,True,True,True,False,True
3998,1484,Austria,2020-05-27,2020-06-03,0.0,7.0,0.0,0.0,False,False,False,False,both_available,False,4,7.0,True,True,False,True,True,True,False,True
3999,1484,Austria,2020-06-03,2020-06-10,0.0,7.0,0.0,0.0,False,False,False,False,both_available,False,5,7.0,True,True,False,True,True,True,False,True
4000,1484,Austria,2020-06-10,2020-06-17,0.0,7.0,0.0,0.0,False,False,False,False,both_available,False,6,7.0,True,True,False,True,True,True,False,True
4001,1484,Austria,2020-06-17,2020-06-24,0.0,7.0,0.0,0.0,False,False,False,False,both_available,False,7,7.0,True,True,False,True,True,True,False,True
4002,1484,Austria,2020-06-24,2020-07-01,0.0,7.0,0.0,0.0,False,False,False,False,both_available,False,8,7.0,True,True,False,True,True,True,False,True
4003,1484,Austria,2020-07-01,2020-07-08,0.0,7.0,0.0,0.0,False,False,False,False,both_available,False,9,7.0,True,True,False,True,True,True,False,True
4004,1484,Austria,2020-07-08,2020-07-15,0.0,7.0,0.0,0.0,False,False,False,False,both_available,False,10,7.0,True,True,False,True,True,True,False,True
4005,1484,Austria,2020-07-15,2020-07-22,0.0,7.0,0.0,0.0,False,False,False,False,both_available,False,11,7.0,True,True,False,True,True,True,False,True
4006,1484,Austria,2020-07-22,2020-07-29,0.0,7.0,0.0,0.0,False,False,False,False,both_available,False,12,7.0,True,True,False,True,True,True,False,True
4007,1484,Austria,2020-07-29,2020-08-05,0.0,7.0,0.0,0.0,False,False,False,False,both_available,False,13,7.0,True,True,False,True,True,True,False,True
4008,1484,Austria,2020-08-05,2020-08-12,0.0,7.0,0.0,0.0,False,False,False,False,both_available,False,14,7.0,True,True,False,True,True,True,False,True
4009,1484,Austria,2020-08-12,2020-08-19,0.0,7.0,0.0,0.0,False,False,False,False,both_available,False,15,7.0,True,True,False,True,True,True,False,True
4010,1484,Austria,2020-08-19,2020-08-26,0.0,7.0,0.0,0.0,False,False,False,False,both_available,False,16,7.0,True,True,False,True,True,True,False,True
4011,1484,Austria,2020-08-26,2020-09-02,0.0,7.0,0.0,0.0,False,False,False,False,both_available,False,17,7.0,True,True,False,True,True,True,False,True
4012,1484,Austria,2020-09-02,2020-09-09,0.0,7.0,0.0,0.0,False,False,False,False,both_available,False,18,7.0,True,True,False,True,True,True,False,True
4013,1484,Austria,2020-09-09,2020-09-16,0.0,7.0,0.0,0.0,False,False,False,False,both_available,False,19,7.0,True,True,False,True,True,True,False,True
4014,1484,Austria,2020-09-16,2020-09-23,0.0,7.0,0.0,0.0,False,False,False,False,both_available,False,20,7.0,True,True,False,True,True,True,False,True
4015,1484,Austria,2020-09-23,2020-09-30,0.0,7.0,0.0,0.0,False,False,False,False,both_available,False,21,7.0,True,True,False,True,True,True,False,True
4016,1484,Austria,2020-09-30,2020-10-07,0.0,7.0,0.0,0.0,False,False,False,False,both_available,False,22,7.0,True,True,False,True,True,True,False,True
4017,1484,Austria,2020-10-07,2020-10-14,0.0,7.0,0.0,0.0,False,False,False,False,both_available,False,23,7.0,True,True,False,True,True,True,False,True
4018,1484,Austria,2020-10-14,2020-10-21,0.0,7.0,0.0,0.0,False,False,False,False,both_available,False,24,7.0,True,True,False,True,True,True,False,True
4019,1484,Austria,2020-10-21,2020-10-28,0.0,7.0,0.0,0.0,False,False,False,False,both_available,False,25,7.0,True,True,False,True,True,True,False,True
4020,1485,Austria,2020-05-06,2020-05-13,0.0,7.0,,,True,True,True,True,both_missing,False,1,,True,False,True,False,True,False,True,False
4021,1485,Austria,2020-05-13,2020-05-20,0.0,7.0,0.0,,False,True,True,False,p2_only_missing,False,2,7.0,True,True,False,True,True,False,True,True
4022,1485,Austria,2020-05-20,2020-05-27,0.0,7.0,0.0,0.0,False,False,False,False,both_available,False,3,7.0,True,True,False,True,True,True,False,True
4023,1485,Austria,2020-05-27,2020-06-03,0.0,7.0,0.0,0.0,False,False,False,False,both_available,False,4,7.0,True,True,False,True,True,True,False,True
4024,1485,Austria,2020-06-03,2020-06-10,0.0,7.0,0.0,0.0,False,False,False,False,both_available,False,5,7.0,True,True,False,True,True,True,False,True
4025,1485,Austria,2020-06-10,2020-06-17,0.0,7.0,0.0,0.0,False,False,False,False,both_available,False,6,7.0,True,True,False,True,True,True,False,True
4026,1485,Austria,2020-06-17,2020-06-24,0.0,7.0,0.0,0.0,False,False,False,False,both_available,False,7,7.0,True,True,False,True,True,True,False,True
4027,1485,Austria,2020-06-24,2020-07-01,0.0,7.0,0.0,0.0,False,False,False,False,both_available,False,8,7.0,True,True,False,True,True,True,False,True
4028,1485,Austria,2020-07-01,2020-07-08,0.0,7.0,0.0,0.0,False,False,False,False,both_available,False,9,7.0,True,True,False,True,True,True,False,True
4029,1485,Austria,2020-07-08,2020-07-15,0.0,7.0,0.0,0.0,False,False,False,False,both_available,False,10,7.0,True,True,False,True,True,True,False,True
4030,1485,Austria,2020-07-15,2020-07-22,0.0,7.0,0.0,0.0,False,False,False,False,both_available,False,11,7.0,True,True,False,True,True,True,False,True
4031,1485,Austria,2020-07-22,2020-07-29,0.0,7.0,0.0,0.0,False,False,False,False,both_available,False,12,7.0,True,True,False,True,True,True,False,True
4032,1485,Austria,2020-07-29,2020-08-05,0.0,7.0,0.0,0.0,False,False,False,False,both_available,False,13,7.0,True,True,False,True,True,True,False,True
4033,1485,Austria,2020-08-05,2020-08-12,0.0,7.0,0.0,0.0,False,False,False,False,both_available,False,14,7.0,True,True,False,True,True,True,False,True
4034,1485,Austria,2020-08-12,2020-08-19,0.0,7.0,0.0,0.0,False,False,False,False,both_available,False,15,7.0,True,True,False,True,True,True,False,True
4035,1485,Austria,2020-08-19,2020-08-26,0.0,7.0,0.0,0.0,False,False,False,False,both_available,False,16,7.0,True,True,False,True,True,True,False,True
4036,1485,Austria,2020-08-26,2020-09-02,0.0,7.0,0.0,0.0,False,False,False,False,both_available,False,17,7.0,True,True,False,True,True,True,False,True
4037,1485,Austria,2020-09-02,2020-09-09,0.0,7.0,0.0,0.0,False,False,False,False,both_available,False,18,7.0,True,True,False,True,True,True,False,True
4038,1485,Austria,2020-09-09,2020-09-16,0.0,7.0,0.0,0.0,False,False,False,False,both_available,False,19,7.0,True,True,False,True,True,True,False,True
4039,1485,Austria,2020-09-16,2020-09-23,0.0,7.0,0.0,0.0,False,False,False,False,both_available,False,20,7.0,True,True,False,True,True,True,False,True
4040,1485,Austria,2020-09-23,2020-09-30,0.0,7.0,0.0,0.0,False,False,False,False,both_available,False,21,7.0,True,True,False,True,True,True,False,True
4041,1485,Austria,2020-09-30,2020-10-07,0.0,7.0,0.0,0.0,False,False,False,False,both_available,False,22,7.0,True,True,False,True,True,True,False,True
4042,1485,Austria,2020-10-07,2020-10-14,0.0,7.0,0.0,0.0,False,False,False,False,both_available,False,23,7.0,True,True,False,True,True,True,False,True
4043,1485,Austria,2020-10-14,2020-10-21,0.0,7.0,0.0,0.0,False,False,False,False,both_available,False,24,7.0,True,True,False,True,True,True,False,True
4044,1485,Austria,2020-10-21,2020-10-28,0.0,7.0,0.0,0.0,False,False,False,False,both_available,False,25,7.0,True,True,False,True,True,True,False,True
4045,1486,Austria,2020-05-06,2020-05-13,0.0,7.0,,,True,True,True,True,both_missing,False,1,,True,False,True,False,True,False,True,False
4046,1486,Austria,2020-05-13,2020-05-20,0.0,7.0,0.0,,False,True,True,False,p2_only_missing,False,2,7.0,True,True,False,True,True,False,True,True
4047,1486,Austria,2020-05-20,2020-05-27,0.0,7.0,0.0,0.0,False,False,False,False,both_available,False,3,7.0,True,True,False,True,True,True,False,True
4048,1486,Austria,2020-05-27,2020-06-03,0.0,7.0,0.0,0.0,False,False,False,False,both_available,False,4,7.0,True,True,False,True,True,True,False,True
4049,1486,Austria,2020-06-03,2020-06-10,0.0,7.0,0.0,0.0,False,False,False,False,both_available,False,5,7.0,True,True,False,True,True,True,False,True
4050,1486,Austria,2020-06-10,2020-06-17,0.0,7.0,0.0,0.0,False,False,False,False,both_available,False,6,7.0,True,True,False,True,True,True,False,True
4051,1486,Austria,2020-06-17,2020-06-24,0.0,7.0,0.0,0.0,False,False,False,False,both_available,False,7,7.0,True,True,False,True,True,True,False,True
4052,1486,Austria,2020-06-24,2020-07-01,0.0,7.0,0.0,0.0,False,False,False,False,both_available,False,8,7.0,True,True,False,True,True,True,False,True
4053,1486,Austria,2020-07-01,2020-07-08,0.0,7.0,0.0,0.0,False,False,False,False,both_available,False,9,7.0,True,True,False,True,True,True,False,True
4054,1486,Austria,2020-07-08,2020-07-15,0.0,7.0,0.0,0.0,False,False,False,False,both_available,False,10,7.0,True,True,False,True,True,True,False,True
4055,1486,Austria,2020-07-15,2020-07-22,0.0,7.0,0.0,0.0,False,False,False,False,both_available,False,11,7.0,True,True,False,True,True,True,False,True
4056,1486,Austria,2020-07-22,2020-07-29,0.0,7.0,0.0,0.0,False,False,False,False,both_available,False,12,7.0,True,True,False,True,True,True,False,True
4057,1486,Austria,2020-07-29,2020-08-05,0.0,7.0,0.0,0.0,False,False,False,False,both_available,False,13,7.0,True,True,False,True,True,True,False,True
4058,1486,Austria,2020-08-05,2020-08-12,0.0,7.0,0.0,0.0,False,False,False,False,both_available,False,14,7.0,True,True,False,True,True,True,False,True
4059,1486,Austria,2020-08-12,2020-08-19,0.0,7.0,0.0,0.0,False,False,False,False,both_available,False,15,7.0,True,True,False,True,True,True,False,True
4060,1486,Austria,2020-08-19,2020-08-26,0.0,7.0,0.0,0.0,False,False,False,False,both_available,False,16,7.0,True,True,False,True,True,True,False,True
4061,1486,Austria,2020-08-26,2020-09-02,0.0,7.0,0.0,0.0,False,False,False,False,both_available,False,17,7.0,True,True,False,True,True,True,False,True
4062,1486,Austria,2020-09-02,2020-09-09,0.0,7.0,0.0,0.0,False,False,False,False,both_available,False,18,7.0,True,True,False,True,True,True,False,True
4063,1486,Austria,2020-09-09,2020-09-16,0.0,7.0,0.0,0.0,False,False,False,False,both_available,False,19,7.0,True,True,False,True,True,True,False,True
4064,1486,Austria,2020-09-16,2020-09-23,0.0,7.0,0.0,0.0,False,False,False,False,both_available,False,20,7.0,True,True,False,True,True,True,False,True
4065,1486,Austria,2020-09-23,2020-09-30,0.0,7.0,0.0,0.0,False,False,False,False,both_available,False,21,7.0,True,True,False,True,True,True,False,True
4066,1486,Austria,2020-09-30,2020-10-07,0.0,7.0,0.0,0.0,False,False,False,False,both_available,False,22,7.0,True,True,False,True,True,True,False,True
4067,1486,Austria,2020-10-07,2020-10-14,0.0,7.0,0.0,0.0,False,False,False,False,both_available,False,23,7.0,True,True,False,True,True,True,False,True
4068,1486,Austria,2020-10-14,2020-10-21,0.0,7.0,0.0,0.0,False,False,False,False,both_available,False,24,7.0,True,True,False,True,True,True,False,True
4069,1486,Austria,2020-10-21,2020-10-28,0.0,7.0,0.0,0.0,False,False,False,False,both_available,False,25,7.0,True,True,False,True,True,True,False,True
4070,1487,Austria,2020-05-06,2020-05-13,0.0,7.0,,,True,True,True,True,both_missing,False,1,,True,False,True,False,True,False,True,False
4071,1487,Austria,2020-05-13,2020-05-20,0.0,7.0,0.0,,False,True,True,False,p2_only_missing,False,2,7.0,True,True,False,True,True,False,True,True
4072,1487,Austria,2020-05-20,2020-05-27,0.0,7.0,0.0,0.0,False,False,False,False,both_available,False,3,7.0,True,True,False,True,True,True,False,True
4073,1487,Austria,2020-05-27,2020-06-03,0.0,7.0,0.0,0.0,False,False,False,False,both_available,False,4,7.0,True,True,False,True,True,True,False,True
4074,1487,Austria,2020-06-03,2020-06-10,0.0,7.0,0.0,0.0,False,False,False,False,both_available,False,5,7.0,True,True,False,True,True,True,False,True
4075,1487,Austria,2020-06-10,2020-06-17,0.0,7.0,0.0,0.0,False,False,False,False,both_available,False,6,7.0,True,True,False,True,True,True,False,True
4076,1487,Austria,2020-06-17,2020-06-24,0.0,7.0,0.0,0.0,False,False,False,False,both_available,False,7,7.0,True,True,False,True,True,True,False,True
4077,1487,Austria,2020-06-24,2020-07-01,0.0,7.0,0.0,0.0,False,False,False,False,both_available,False,8,7.0,True,True,False,True,True,True,False,True
4078,1487,Austria,2020-07-01,2020-07-08,0.0,7.0,0.0,0.0,False,False,False,False,both_available,False,9,7.0,True,True,False,True,True,True,False,True
4079,1487,Austria,2020-07-08,2020-07-15,0.0,7.0,0.0,0.0,False,False,False,False,both_available,False,10,7.0,True,True,False,True,True,True,False,True
4080,1487,Austria,2020-07-15,2020-07-22,0.0,7.0,0.0,0.0,False,False,False,False,both_available,False,11,7.0,True,True,False,True,True,True,False,True
4081,1487,Austria,2020-07-22,2020-07-29,0.0,7.0,0.0,0.0,False,False,False,False,both_available,False,12,7.0,True,True,False,True,True,True,False,True
4082,1487,Austria,2020-07-29,2020-08-05,0.0,7.0,0.0,0.0,False,False,False,False,both_available,False,13,7.0,True,True,False,True,True,True,False,True
4083,1487,Austria,2020-08-05,2020-08-12,0.0,7.0,0.0,0.0,False,False,False,False,both_available,False,14,7.0,True,True,False,True,True,True,False,True
4084,1487,Austria,2020-08-12,2020-08-19,0.0,7.0,0.0,0.0,False,False,False,False,both_available,False,15,7.0,True,True,False,True,True,True,False,True
4085,1487,Austria,2020-08-19,2020-08-26,0.0,7.0,0.0,0.0,False,False,False,False,both_available,False,16,7.0,True,True,False,True,True,True,False,True
4086,1487,Austria,2020-08-26,2020-09-02,0.0,7.0,0.0,0.0,False,False,False,False,both_available,False,17,7.0,True,True,False,True,True,True,False,True
4087,1487,Austria,2020-09-02,2020-09-09,0.0,7.0,0.0,0.0,False,False,False,False,both_available,False,18,7.0,True,True,False,True,True,True,False,True
4088,1487,Austria,2020-09-09,2020-09-16,0.0,7.0,0.0,0.0,False,False,False,False,both_available,False,19,7.0,True,True,False,True,True,True,False,True
4089,1487,Austria,2020-09-16,2020-09-23,0.0,7.0,0.0,0.0,False,False,False,False,both_available,False,20,7.0,True,True,False,True,True,True,False,True
4090,1487,Austria,2020-09-23,2020-09-30,0.0,7.0,0.0,0.0,False,False,False,False,both_available,False,21,7.0,True,True,False,True,True,True,False,True
4091,1487,Austria,2020-09-30,2020-10-07,0.0,7.0,0.0,0.0,False,False,False,False,both_available,False,22,7.0,True,True,False,True,True,True,False,True
4092,1487,Austria,2020-10-07,2020-10-14,0.0,7.0,0.0,0.0,False,False,False,False,both_available,False,23,7.0,True,True,False,True,True,True,False,True
4093,1487,Austria,2020-10-14,2020-10-21,0.0,7.0,0.0,0.0,False,False,False,False,both_available,False,24,7.0,True,True,False,True,True,True,False,True
4094,1487,Austria,2020-10-21,2020-10-28,0.0,7.0,0.0,0.0,False,False,False,False,both_available,False,25,7.0,True,True,False,True,True,True,False,True
4095,1488,Austria,2020-05-06,2020-05-13,0.0,7.0,,,True,True,True,True,both_missing,False,1,,True,False,True,False,True,False,True,False
4096,1488,Austria,2020-05-13,2020-05-20,0.0,7.0,0.0,,False,True,True,False,p2_only_missing,False,2,7.0,True,True,False,True,True,False,True,True
4097,1488,Austria,2020-05-20,2020-05-27,0.0,7.0,0.0,0.0,False,False,False,False,both_available,False,3,7.0,True,True,False,True,True,True,False,True
4098,1488,Austria,2020-05-27,2020-06-03,0.0,7.0,0.0,0.0,False,False,False,False,both_available,False,4,7.0,True,True,False,True,True,True,False,True
4099,1488,Austria,2020-06-03,2020-06-10,0.0,7.0,0.0,0.0,False,False,False,False,both_available,False,5,7.0,True,True,False,True,True,True,False,True
4100,1488,Austria,2020-06-10,2020-06-17,0.0,7.0,0.0,0.0,False,False,False,False,both_available,False,6,7.0,True,True,False,True,True,True,False,True
4101,1488,Austria,2020-06-17,2020-06-24,0.0,7.0,0.0,0.0,False,False,False,False,both_available,False,7,7.0,True,True,False,True,True,True,False,True
4102,1488,Austria,2020-06-24,2020-07-01,0.0,7.0,0.0,0.0,False,False,False,False,both_available,False,8,7.0,True,True,False,True,True,True,False,True
4103,1488,Austria,2020-07-01,2020-07-08,0.0,7.0,0.0,0.0,False,False,False,False,both_available,False,9,7.0,True,True,False,True,True,True,False,True
4104,1488,Austria,2020-07-08,2020-07-15,0.0,7.0,0.0,0.0,False,False,False,False,both_available,False,10,7.0,True,True,False,True,True,True,False,True
4105,1488,Austria,2020-07-15,2020-07-22,0.0,7.0,0.0,0.0,False,False,False,False,both_available,False,11,7.0,True,True,False,True,True,True,False,True
4106,1488,Austria,2020-07-22,2020-07-29,0.0,7.0,0.0,0.0,False,False,False,False,both_available,False,12,7.0,True,True,False,True,True,True,False,True
4107,1488,Austria,2020-07-29,2020-08-05,0.0,7.0,0.0,0.0,False,False,False,False,both_available,False,13,7.0,True,True,False,True,True,True,False,True
4108,1488,Austria,2020-08-05,2020-08-12,0.0,7.0,0.0,0.0,False,False,False,False,both_available,False,14,7.0,True,True,False,True,True,True,False,True
4109,1488,Austria,2020-08-12,2020-08-19,0.0,7.0,0.0,0.0,False,False,False,False,both_available,False,15,7.0,True,True,False,True,True,True,False,True
4110,1488,Austria,2020-08-19,2020-08-26,0.0,7.0,0.0,0.0,False,False,False,False,both_available,False,16,7.0,True,True,False,True,True,True,False,True
4111,1488,Austria,2020-08-26,2020-09-02,0.0,7.0,0.0,0.0,False,False,False,False,both_available,False,17,7.0,True,True,False,True,True,True,False,True
4112,1488,Austria,2020-09-02,2020-09-09,0.0,7.0,0.0,0.0,False,False,False,False,both_available,False,18,7.0,True,True,False,True,True,True,False,True
4113,1488,Austria,2020-09-09,2020-09-16,0.0,7.0,0.0,0.0,False,False,False,False,both_available,False,19,7.0,True,True,False,True,True,True,False,True
4114,1488,Austria,2020-09-23,2020-09-30,0.0,7.0,,0.0,True,False,True,False,p1_only_missing,False,20,14.0,True,False,False,True,True,True,False,True
4115,1488,Austria,2020-09-30,2020-10-07,0.0,7.0,0.0,,False,True,True,False,p2_only_missing,False,21,7.0,True,True,False,True,True,False,False,True
4116,1488,Austria,2020-10-07,2020-10-14,0.0,7.0,0.0,0.0,False,False,False,False,both_available,False,22,7.0,True,True,False,True,True,True,False,True
4117,1488,Austria,2020-10-14,2020-10-21,0.0,7.0,0.0,0.0,False,False,False,False,both_available,False,23,7.0,True,True,False,True,True,True,False,True
4118,1488,Austria,2020-10-21,2020-10-28,0.0,7.0,0.0,0.0,False,False,False,False,both_available,False,24,7.0,True,True,False,True,True,True,False,True
4119,1489,Austria,2020-05-06,2020-05-13,0.0,7.0,,,True,True,True,True,both_missing,False,1,,True,False,True,False,True,False,True,False
4120,1489,Austria,2020-05-13,2020-05-20,0.0,7.0,0.0,,False,True,True,False,p2_only_missing,False,2,7.0,True,True,False,True,True,False,True,True
4121,1489,Austria,2020-05-20,2020-05-27,0.0,7.0,0.0,0.0,False,False,False,False,both_available,False,3,7.0,True,True,False,True,True,True,False,True
4122,1489,Austria,2020-05-27,2020-06-03,0.0,7.0,0.0,0.0,False,False,False,False,both_available,False,4,7.0,True,True,False,True,True,True,False,True
4123,1489,Austria,2020-06-03,2020-06-10,0.0,7.0,0.0,0.0,False,False,False,False,both_available,False,5,7.0,True,True,False,True,True,True,False,True
4124,1489,Austria,2020-06-10,2020-06-17,0.0,7.0,0.0,0.0,False,False,False,False,both_available,False,6,7.0,True,True,False,True,True,True,False,True
4125,1489,Austria,2020-06-17,2020-06-24,0.0,7.0,0.0,0.0,False,False,False,False,both_available,False,7,7.0,True,True,False,True,True,True,False,True
4126,1489,Austria,2020-06-24,2020-07-01,0.0,7.0,0.0,0.0,False,False,False,False,both_available,False,8,7.0,True,True,False,True,True,True,False,True
4127,1489,Austria,2020-07-01,2020-07-08,0.0,7.0,0.0,0.0,False,False,False,False,both_available,False,9,7.0,True,True,False,True,True,True,False,True
4128,1489,Austria,2020-07-08,2020-07-15,0.0,7.0,0.0,0.0,False,False,False,False,both_available,False,10,7.0,True,True,False,True,True,True,False,True
4129,1489,Austria,2020-07-15,2020-07-22,0.0,7.0,0.0,0.0,False,False,False,False,both_available,False,11,7.0,True,True,False,True,True,True,False,True
4130,1489,Austria,2020-07-22,2020-07-29,0.0,7.0,0.0,0.0,False,False,False,False,both_available,False,12,7.0,True,True,False,True,True,True,False,True
4131,1489,Austria,2020-07-29,2020-08-05,0.0,7.0,0.0,0.0,False,False,False,False,both_available,False,13,7.0,True,True,False,True,True,True,False,True
4132,1489,Austria,2020-08-05,2020-08-12,0.0,7.0,0.0,0.0,False,False,False,False,both_available,False,14,7.0,True,True,False,True,True,True,False,True
4133,1489,Austria,2020-08-12,2020-08-19,0.0,7.0,0.0,0.0,False,False,False,False,both_available,False,15,7.0,True,True,False,True,True,True,False,True
4134,1489,Austria,2020-08-19,2020-08-26,0.0,7.0,0.0,0.0,False,False,False,False,both_available,False,16,7.0,True,True,False,True,True,True,False,True
4135,1489,Austria,2020-08-26,2020-09-02,0.0,7.0,0.0,0.0,False,False,False,False,both_available,False,17,7.0,True,True,False,True,True,True,False,True
4136,1489,Austria,2020-09-02,2020-09-09,0.0,7.0,0.0,0.0,False,False,False,False,both_available,False,18,7.0,True,True,False,True,True,True,False,True
4137,1489,Austria,2020-09-09,2020-09-16,0.0,7.0,0.0,0.0,False,False,False,False,both_available,False,19,7.0,True,True,False,True,True,True,False,True
4138,1489,Austria,2020-09-16,2020-09-23,0.0,7.0,0.0,0.0,False,False,False,False,both_available,False,20,7.0,True,True,False,True,True,True,False,True
4139,1489,Austria,2020-09-23,2020-09-30,0.0,7.0,0.0,0.0,False,False,False,False,both_available,False,21,7.0,True,True,False,True,True,True,False,True
4140,1489,Austria,2020-09-30,2020-10-07,0.0,7.0,0.0,0.0,False,False,False,False,both_available,False,22,7.0,True,True,False,True,True,True,False,True
4141,1489,Austria,2020-10-07,2020-10-14,0.0,7.0,0.0,0.0,False,False,False,False,both_available,False,23,7.0,True,True,False,True,True,True,False,True
4142,1489,Austria,2020-10-14,2020-10-21,0.0,7.0,0.0,0.0,False,False,False,False,both_available,False,24,7.0,True,True,False,True,True,True,False,True
4143,1489,Austria,2020-10-21,2020-10-28,0.0,7.0,0.0,0.0,False,False,False,False,both_available,False,25,7.0,True,True,False,True,True,True,False,True
4144,1490,Austria,2020-05-06,2020-05-13,0.0,7.0,,,True,True,True,True,both_missing,False,1,,True,False,True,False,True,False,True,False
4145,1490,Austria,2020-05-13,2020-05-20,0.0,7.0,0.0,,False,True,True,False,p2_only_missing,False,2,7.0,True,True,False,True,True,False,True,True
4146,1490,Austria,2020-05-20,2020-05-27,0.0,7.0,0.0,0.0,False,False,False,False,both_available,False,3,7.0,True,True,False,True,True,True,False,True
4147,1490,Austria,2020-05-27,2020-06-03,0.0,7.0,0.0,0.0,False,False,False,False,both_available,False,4,7.0,True,True,False,True,True,True,False,True
4148,1490,Austria,2020-06-03,2020-06-10,0.0,7.0,0.0,0.0,False,False,False,False,both_available,False,5,7.0,True,True,False,True,True,True,False,True
4149,1490,Austria,2020-06-10,2020-06-17,0.0,7.0,0.0,0.0,False,False,False,False,both_available,False,6,7.0,True,True,False,True,True,True,False,True
4150,1490,Austria,2020-06-17,2020-06-24,0.0,7.0,0.0,0.0,False,False,False,False,both_available,False,7,7.0,True,True,False,True,True,True,False,True
4151,1490,Austria,2020-06-24,2020-07-01,0.0,7.0,0.0,0.0,False,False,False,False,both_available,False,8,7.0,True,True,False,True,True,True,False,True
4152,1490,Austria,2020-07-01,2020-07-08,0.0,7.0,0.0,0.0,False,False,False,False,both_available,False,9,7.0,True,True,False,True,True,True,False,True
4153,1490,Austria,2020-07-08,2020-07-15,0.0,7.0,0.0,0.0,False,False,False,False,both_available,False,10,7.0,True,True,False,True,True,True,False,True
4154,1490,Austria,2020-07-15,2020-07-22,0.0,7.0,0.0,0.0,False,False,False,False,both_available,False,11,7.0,True,True,False,True,True,True,False,True
4155,1490,Austria,2020-07-22,2020-07-29,0.0,7.0,0.0,0.0,False,False,False,False,both_available,False,12,7.0,True,True,False,True,True,True,False,True
4156,1490,Austria,2020-07-29,2020-08-05,0.0,7.0,0.0,0.0,False,False,False,False,both_available,False,13,7.0,True,True,False,True,True,True,False,True
4157,1490,Austria,2020-08-05,2020-08-12,0.0,7.0,0.0,0.0,False,False,False,False,both_available,False,14,7.0,True,True,False,True,True,True,False,True
4158,1490,Austria,2020-08-12,2020-08-19,0.0,7.0,0.0,0.0,False,False,False,False,both_available,False,15,7.0,True,True,False,True,True,True,False,True
4159,1490,Austria,2020-08-19,2020-08-26,0.0,7.0,0.0,0.0,False,False,False,False,both_available,False,16,7.0,True,True,False,True,True,True,False,True
4160,1490,Austria,2020-08-26,2020-09-02,0.0,7.0,0.0,0.0,False,False,False,False,both_available,False,17,7.0,True,True,False,True,True,True,False,True
4161,1490,Austria,2020-09-02,2020-09-09,0.0,7.0,0.0,0.0,False,False,False,False,both_available,False,18,7.0,True,True,False,True,True,True,False,True
4162,1490,Austria,2020-09-09,2020-09-16,0.0,7.0,0.0,0.0,False,False,False,False,both_available,False,19,7.0,True,True,False,True,True,True,False,True
4163,1490,Austria,2020-09-16,2020-09-23,0.0,7.0,0.0,0.0,False,False,False,False,both_available,False,20,7.0,True,True,False,True,True,True,False,True
4164,1490,Austria,2020-09-23,2020-09-30,0.0,7.0,0.0,0.0,False,False,False,False,both_available,False,21,7.0,True,True,False,True,True,True,False,True
4165,1490,Austria,2020-09-30,2020-10-07,0.0,7.0,0.0,0.0,False,False,False,False,both_available,False,22,7.0,True,True,False,True,True,True,False,True
4166,1490,Austria,2020-10-07,2020-10-14,0.0,7.0,0.0,0.0,False,False,False,False,both_available,False,23,7.0,True,True,False,True,True,True,False,True
4167,1490,Austria,2020-10-14,2020-10-21,0.0,7.0,0.0,0.0,False,False,False,False,both_available,False,24,7.0,True,True,False,True,True,True,False,True
4168,1490,Austria,2020-10-21,2020-10-28,0.0,7.0,0.0,0.0,False,False,False,False,both_available,False,25,7.0,True,True,False,True,True,True,False,True
4169,1491,Austria,2020-05-06,2020-05-13,0.0,7.0,,,True,True,True,True,both_missing,False,1,,True,False,True,False,True,False,True,False
4170,1491,Austria,2020-05-13,2020-05-20,0.0,7.0,0.0,,False,True,True,False,p2_only_missing,False,2,7.0,True,True,False,True,True,False,True,True
4171,1491,Austria,2020-05-20,2020-05-27,0.0,7.0,0.0,0.0,False,False,False,False,both_available,False,3,7.0,True,True,False,True,True,True,False,True
4172,1491,Austria,2020-05-27,2020-06-03,0.0,7.0,0.0,0.0,False,False,False,False,both_available,False,4,7.0,True,True,False,True,True,True,False,True
4173,1491,Austria,2020-06-03,2020-06-10,0.0,7.0,0.0,0.0,False,False,False,False,both_available,False,5,7.0,True,True,False,True,True,True,False,True
4174,1491,Austria,2020-06-10,2020-06-17,0.0,7.0,0.0,0.0,False,False,False,False,both_available,False,6,7.0,True,True,False,True,True,True,False,True
4175,1491,Austria,2020-06-17,2020-06-24,0.0,7.0,0.0,0.0,False,False,False,False,both_available,False,7,7.0,True,True,False,True,True,True,False,True
4176,1491,Austria,2020-06-24,2020-07-01,0.0,7.0,0.0,0.0,False,False,False,False,both_available,False,8,7.0,True,True,False,True,True,True,False,True
4177,1491,Austria,2020-07-01,2020-07-08,0.0,7.0,0.0,0.0,False,False,False,False,both_available,False,9,7.0,True,True,False,True,True,True,False,True
4178,1491,Austria,2020-07-08,2020-07-15,0.0,7.0,0.0,0.0,False,False,False,False,both_available,False,10,7.0,True,True,False,True,True,True,False,True
4179,1491,Austria,2020-07-15,2020-07-22,0.0,7.0,0.0,0.0,False,False,False,False,both_available,False,11,7.0,True,True,False,True,True,True,False,True
4180,1491,Austria,2020-07-22,2020-07-29,0.0,7.0,0.0,0.0,False,False,False,False,both_available,False,12,7.0,True,True,False,True,True,True,False,True
4181,1491,Austria,2020-07-29,2020-08-05,0.0,7.0,0.0,0.0,False,False,False,False,both_available,False,13,7.0,True,True,False,True,True,True,False,True
4182,1491,Austria,2020-08-05,2020-08-12,0.0,7.0,0.0,0.0,False,False,False,False,both_available,False,14,7.0,True,True,False,True,True,True,False,True
4183,1491,Austria,2020-08-12,2020-08-19,0.0,7.0,0.0,0.0,False,False,False,False,both_available,False,15,7.0,True,True,False,True,True,True,False,True
4184,1491,Austria,2020-08-19,2020-08-26,0.0,7.0,0.0,0.0,False,False,False,False,both_available,False,16,7.0,True,True,False,True,True,True,False,True
4185,1491,Austria,2020-08-26,2020-09-02,0.0,7.0,0.0,0.0,False,False,False,False,both_available,False,17,7.0,True,True,False,True,True,True,False,True
4186,1491,Austria,2020-09-02,2020-09-09,0.0,7.0,0.0,0.0,False,False,False,False,both_available,False,18,7.0,True,True,False,True,True,True,False,True
4187,1491,Austria,2020-09-09,2020-09-16,0.0,7.0,0.0,0.0,False,False,False,False,both_available,False,19,7.0,True,True,False,True,True,True,False,True
4188,1491,Austria,2020-09-16,2020-09-23,0.0,7.0,0.0,0.0,False,False,False,False,both_available,False,20,7.0,True,True,False,True,True,True,False,True
4189,1491,Austria,2020-09-23,2020-09-30,0.0,7.0,0.0,0.0,False,False,False,False,both_available,False,21,7.0,True,True,False,True,True,True,False,True
4190,1491,Austria,2020-09-30,2020-10-07,0.0,7.0,0.0,0.0,False,False,False,False,both_available,False,22,7.0,True,True,False,True,True,True,False,True
4191,1491,Austria,2020-10-07,2020-10-14,0.0,7.0,0.0,0.0,False,False,False,False,both_available,False,23,7.0,True,True,False,True,True,True,False,True
4192,1491,Austria,2020-10-14,2020-10-21,0.0,7.0,0.0,0.0,False,False,False,False,both_available,False,24,7.0,True,True,False,True,True,True,False,True
4193,1491,Austria,2020-10-21,2020-10-28,0.0,7.0,0.0,0.0,False,False,False,False,both_available,False,25,7.0,True,True,False,True,True,True,False,True
4194,1492,Austria,2020-05-06,2020-05-13,0.0,7.0,,,True,True,True,True,both_missing,False,1,,True,False,True,False,True,False,True,False
4195,1492,Austria,2020-05-13,2020-05-20,0.0,7.0,0.0,,False,True,True,False,p2_only_missing,False,2,7.0,True,True,False,True,True,False,True,True
4196,1492,Austria,2020-05-20,2020-05-27,0.0,7.0,0.0,0.0,False,False,False,False,both_available,False,3,7.0,True,True,False,True,True,True,False,True
4197,1492,Austria,2020-05-27,2020-06-03,0.0,7.0,0.0,0.0,False,False,False,False,both_available,False,4,7.0,True,True,False,True,True,True,False,True
4198,1492,Austria,2020-06-03,2020-06-10,0.0,7.0,0.0,0.0,False,False,False,False,both_available,False,5,7.0,True,True,False,True,True,True,False,True
4199,1492,Austria,2020-06-10,2020-06-17,0.0,7.0,0.0,0.0,False,False,False,False,both_available,False,6,7.0,True,True,False,True,True,True,False,True
4200,1492,Austria,2020-06-17,2020-06-24,0.0,7.0,0.0,0.0,False,False,False,False,both_available,False,7,7.0,True,True,False,True,True,True,False,True
4201,1492,Austria,2020-06-24,2020-07-01,0.0,7.0,0.0,0.0,False,False,False,False,both_available,False,8,7.0,True,True,False,True,True,True,False,True
4202,1492,Austria,2020-07-01,2020-07-08,0.0,7.0,0.0,0.0,False,False,False,False,both_available,False,9,7.0,True,True,False,True,True,True,False,True
4203,1492,Austria,2020-07-08,2020-07-15,0.0,7.0,0.0,0.0,False,False,False,False,both_available,False,10,7.0,True,True,False,True,True,True,False,True
4204,1492,Austria,2020-07-15,2020-07-22,0.0,7.0,0.0,0.0,False,False,False,False,both_available,False,11,7.0,True,True,False,True,True,True,False,True
4205,1492,Austria,2020-07-29,2020-08-05,0.0,7.0,,0.0,True,False,True,False,p1_only_missing,False,12,14.0,True,False,False,True,True,True,False,True
4206,1492,Austria,2020-08-05,2020-08-12,0.0,7.0,0.0,,False,True,True,False,p2_only_missing,False,13,7.0,True,True,False,True,True,False,False,True
4207,1492,Austria,2020-08-12,2020-08-19,0.0,7.0,0.0,0.0,False,False,False,False,both_available,False,14,7.0,True,True,False,True,True,True,False,True
4208,1492,Austria,2020-08-19,2020-08-26,0.0,7.0,0.0,0.0,False,False,False,False,both_available,False,15,7.0,True,True,False,True,True,True,False,True
4209,1492,Austria,2020-08-26,2020-09-02,0.0,7.0,0.0,0.0,False,False,False,False,both_available,False,16,7.0,True,True,False,True,True,True,False,True
4210,1492,Austria,2020-09-02,2020-09-09,0.0,7.0,0.0,0.0,False,False,False,False,both_available,False,17,7.0,True,True,False,True,True,True,False,True
4211,1492,Austria,2020-09-09,2020-09-16,0.0,7.0,0.0,0.0,False,False,False,False,both_available,False,18,7.0,True,True,False,True,True,True,False,True
4212,1492,Austria,2020-09-16,2020-09-23,0.0,7.0,0.0,0.0,False,False,False,False,both_available,False,19,7.0,True,True,False,True,True,True,False,True
4213,1492,Austria,2020-09-23,2020-09-30,0.0,7.0,0.0,0.0,False,False,False,False,both_available,False,20,7.0,True,True,False,True,True,True,False,True
4214,1492,Austria,2020-09-30,2020-10-07,0.0,7.0,0.0,0.0,False,False,False,False,both_available,False,21,7.0,True,True,False,True,True,True,False,True
4215,1492,Austria,2020-10-07,2020-10-14,0.0,7.0,0.0,0.0,False,False,False,False,both_available,False,22,7.0,True,True,False,True,True,True,False,True
4216,1492,Austria,2020-10-14,2020-10-21,0.0,7.0,0.0,0.0,False,False,False,False,both_available,False,23,7.0,True,True,False,True,True,True,False,True
4217,1492,Austria,2020-10-21,2020-10-28,0.0,7.0,0.0,0.0,False,False,False,False,both_available,False,24,7.0,True,True,False,True,True,True,False,True
4218,1493,Austria,2020-05-06,2020-05-13,0.0,7.0,,,True,True,True,True,both_missing,False,1,,True,False,True,False,True,False,True,False
4219,1493,Austria,2020-05-13,2020-05-20,0.0,7.0,0.0,,False,True,True,False,p2_only_missing,False,2,7.0,True,True,False,True,True,False,True,True
4220,1493,Austria,2020-05-20,2020-05-27,0.0,7.0,0.0,0.0,False,False,False,False,both_available,False,3,7.0,True,True,False,True,True,True,False,True
4221,1493,Austria,2020-05-27,2020-06-03,0.0,7.0,0.0,0.0,False,False,False,False,both_available,False,4,7.0,True,True,False,True,True,True,False,True
4222,1493,Austria,2020-06-03,2020-06-10,0.0,7.0,0.0,0.0,False,False,False,False,both_available,False,5,7.0,True,True,False,True,True,True,False,True
4223,1493,Austria,2020-06-10,2020-06-17,0.0,7.0,0.0,0.0,False,False,False,False,both_available,False,6,7.0,True,True,False,True,True,True,False,True
4224,1493,Austria,2020-06-17,2020-06-24,0.0,7.0,0.0,0.0,False,False,False,False,both_available,False,7,7.0,True,True,False,True,True,True,False,True
4225,1493,Austria,2020-06-24,2020-07-01,0.0,7.0,0.0,0.0,False,False,False,False,both_available,False,8,7.0,True,True,False,True,True,True,False,True
4226,1493,Austria,2020-07-01,2020-07-08,0.0,7.0,0.0,0.0,False,False,False,False,both_available,False,9,7.0,True,True,False,True,True,True,False,True
4227,1493,Austria,2020-07-08,2020-07-15,0.0,7.0,0.0,0.0,False,False,False,False,both_available,False,10,7.0,True,True,False,True,True,True,False,True
4228,1493,Austria,2020-07-15,2020-07-22,0.0,7.0,0.0,0.0,False,False,False,False,both_available,False,11,7.0,True,True,False,True,True,True,False,True
4229,1493,Austria,2020-07-22,2020-07-29,0.0,7.0,0.0,0.0,False,False,False,False,both_available,False,12,7.0,True,True,False,True,True,True,False,True
4230,1493,Austria,2020-07-29,2020-08-05,0.0,7.0,0.0,0.0,False,False,False,False,both_available,False,13,7.0,True,True,False,True,True,True,False,True
4231,1493,Austria,2020-08-05,2020-08-12,0.0,7.0,0.0,0.0,False,False,False,False,both_available,False,14,7.0,True,True,False,True,True,True,False,True
4232,1493,Austria,2020-08-12,2020-08-19,0.0,7.0,0.0,0.0,False,False,False,False,both_available,False,15,7.0,True,True,False,True,True,True,False,True
4233,1493,Austria,2020-08-19,2020-08-26,0.0,7.0,0.0,0.0,False,False,False,False,both_available,False,16,7.0,True,True,False,True,True,True,False,True
4234,1493,Austria,2020-08-26,2020-09-02,0.0,7.0,0.0,0.0,False,False,False,False,both_available,False,17,7.0,True,True,False,True,True,True,False,True
4235,1493,Austria,2020-09-02,2020-09-09,0.0,7.0,0.0,0.0,False,False,False,False,both_available,False,18,7.0,True,True,False,True,True,True,False,True
4236,1493,Austria,2020-09-09,2020-09-16,0.0,7.0,0.0,0.0,False,False,False,False,both_available,False,19,7.0,True,True,False,True,True,True,False,True
4237,1493,Austria,2020-09-16,2020-09-23,0.0,7.0,0.0,0.0,False,False,False,False,both_available,False,20,7.0,True,True,False,True,True,True,False,True
4238,1493,Austria,2020-09-23,2020-09-30,0.0,7.0,0.0,0.0,False,False,False,False,both_available,False,21,7.0,True,True,False,True,True,True,False,True
4239,1493,Austria,2020-09-30,2020-10-07,0.0,7.0,0.0,0.0,False,False,False,False,both_available,False,22,7.0,True,True,False,True,True,True,False,True
4240,1493,Austria,2020-10-07,2020-10-14,0.0,7.0,0.0,0.0,False,False,False,False,both_available,False,23,7.0,True,True,False,True,True,True,False,True
4241,1493,Austria,2020-10-14,2020-10-21,0.0,7.0,0.0,0.0,False,False,False,False,both_available,False,24,7.0,True,True,False,True,True,True,False,True
4242,1493,Austria,2020-10-21,2020-10-28,0.0,7.0,0.0,0.0,False,False,False,False,both_available,False,25,7.0,True,True,False,True,True,True,False,True
4243,1494,Austria,2020-05-06,2020-05-13,0.0,7.0,,,True,True,True,True,both_missing,False,1,,True,False,True,False,True,False,True,False
4244,1494,Austria,2020-05-13,2020-05-20,0.0,7.0,0.0,,False,True,True,False,p2_only_missing,False,2,7.0,True,True,False,True,True,False,True,True
4245,1494,Austria,2020-05-20,2020-05-27,0.0,7.0,0.0,0.0,False,False,False,False,both_available,False,3,7.0,True,True,False,True,True,True,False,True
4246,1494,Austria,2020-05-27,2020-06-03,0.0,7.0,0.0,0.0,False,False,False,False,both_available,False,4,7.0,True,True,False,True,True,True,False,True
4247,1494,Austria,2020-06-03,2020-06-10,0.0,7.0,0.0,0.0,False,False,False,False,both_available,False,5,7.0,True,True,False,True,True,True,False,True
4248,1494,Austria,2020-06-10,2020-06-17,0.0,7.0,0.0,0.0,False,False,False,False,both_available,False,6,7.0,True,True,False,True,True,True,False,True
4249,1494,Austria,2020-06-17,2020-06-24,0.0,7.0,0.0,0.0,False,False,False,False,both_available,False,7,7.0,True,True,False,True,True,True,False,True
4250,1494,Austria,2020-06-24,2020-07-01,0.0,7.0,0.0,0.0,False,False,False,False,both_available,False,8,7.0,True,True,False,True,True,True,False,True
4251,1494,Austria,2020-07-01,2020-07-08,0.0,7.0,0.0,0.0,False,False,False,False,both_available,False,9,7.0,True,True,False,True,True,True,False,True
4252,1494,Austria,2020-07-08,2020-07-15,0.0,7.0,0.0,0.0,False,False,False,False,both_available,False,10,7.0,True,True,False,True,True,True,False,True
4253,1494,Austria,2020-07-15,2020-07-22,0.0,7.0,0.0,0.0,False,False,False,False,both_available,False,11,7.0,True,True,False,True,True,True,False,True
4254,1494,Austria,2020-07-22,2020-07-29,0.0,7.0,0.0,0.0,False,False,False,False,both_available,False,12,7.0,True,True,False,True,True,True,False,True
4255,1494,Austria,2020-07-29,2020-08-05,0.0,7.0,0.0,0.0,False,False,False,False,both_available,False,13,7.0,True,True,False,True,True,True,False,True
4256,1494,Austria,2020-08-05,2020-08-12,0.0,7.0,0.0,0.0,False,False,False,False,both_available,False,14,7.0,True,True,False,True,True,True,False,True
4257,1494,Austria,2020-08-12,2020-08-19,0.0,7.0,0.0,0.0,False,False,False,False,both_available,False,15,7.0,True,True,False,True,True,True,False,True
4258,1494,Austria,2020-08-19,2020-08-26,0.0,7.0,0.0,0.0,False,False,False,False,both_available,False,16,7.0,True,True,False,True,True,True,False,True
4259,1494,Austria,2020-08-26,2020-09-02,0.0,7.0,0.0,0.0,False,False,False,False,both_available,False,17,7.0,True,True,False,True,True,True,False,True
4260,1494,Austria,2020-09-02,2020-09-09,0.0,7.0,0.0,0.0,False,False,False,False,both_available,False,18,7.0,True,True,False,True,True,True,False,True
4261,1494,Austria,2020-09-09,2020-09-16,0.0,7.0,0.0,0.0,False,False,False,False,both_available,False,19,7.0,True,True,False,True,True,True,False,True
4262,1494,Austria,2020-09-16,2020-09-23,0.0,7.0,0.0,0.0,False,False,False,False,both_available,False,20,7.0,True,True,False,True,True,True,False,True
4263,1494,Austria,2020-09-23,2020-09-30,0.0,7.0,0.0,0.0,False,False,False,False,both_available,False,21,7.0,True,True,False,True,True,True,False,True
4264,1494,Austria,2020-09-30,2020-10-07,0.0,7.0,0.0,0.0,False,False,False,False,both_available,False,22,7.0,True,True,False,True,True,True,False,True
4265,1494,Austria,2020-10-07,2020-10-14,0.0,7.0,0.0,0.0,False,False,False,False,both_available,False,23,7.0,True,True,False,True,True,True,False,True
4266,1494,Austria,2020-10-14,2020-10-21,0.0,7.0,0.0,0.0,False,False,False,False,both_available,False,24,7.0,True,True,False,True,True,True,False,True
4267,1494,Austria,2020-10-21,2020-10-28,0.0,7.0,0.0,0.0,False,False,False,False,both_available,False,25,7.0,True,True,False,True,True,True,False,True
4268,1495,Austria,2020-05-06,2020-05-13,0.0,7.0,,,True,True,True,True,both_missing,False,1,,True,False,True,False,True,False,True,False
4269,1495,Austria,2020-05-13,2020-05-20,0.0,7.0,0.0,,False,True,True,False,p2_only_missing,False,2,7.0,True,True,False,True,True,False,True,True
4270,1495,Austria,2020-05-20,2020-05-27,0.0,7.0,0.0,0.0,False,False,False,False,both_available,False,3,7.0,True,True,False,True,True,True,False,True
4271,1495,Austria,2020-05-27,2020-06-03,0.0,7.0,0.0,0.0,False,False,False,False,both_available,False,4,7.0,True,True,False,True,True,True,False,True
4272,1495,Austria,2020-06-03,2020-06-10,0.0,7.0,0.0,0.0,False,False,False,False,both_available,False,5,7.0,True,True,False,True,True,True,False,True
4273,1495,Austria,2020-06-10,2020-06-17,0.0,7.0,0.0,0.0,False,False,False,False,both_available,False,6,7.0,True,True,False,True,True,True,False,True
4274,1495,Austria,2020-06-17,2020-06-24,0.0,7.0,0.0,0.0,False,False,False,False,both_available,False,7,7.0,True,True,False,True,True,True,False,True
4275,1495,Austria,2020-06-24,2020-07-01,0.0,7.0,0.0,0.0,False,False,False,False,both_available,False,8,7.0,True,True,False,True,True,True,False,True
4276,1495,Austria,2020-07-01,2020-07-08,0.0,7.0,0.0,0.0,False,False,False,False,both_available,False,9,7.0,True,True,False,True,True,True,False,True
4277,1495,Austria,2020-07-08,2020-07-15,0.0,7.0,0.0,0.0,False,False,False,False,both_available,False,10,7.0,True,True,False,True,True,True,False,True
4278,1495,Austria,2020-07-15,2020-07-22,0.0,7.0,0.0,0.0,False,False,False,False,both_available,False,11,7.0,True,True,False,True,True,True,False,True
4279,1495,Austria,2020-07-22,2020-07-29,0.0,7.0,0.0,0.0,False,False,False,False,both_available,False,12,7.0,True,True,False,True,True,True,False,True
4280,1495,Austria,2020-07-29,2020-08-05,0.0,7.0,0.0,0.0,False,False,False,False,both_available,False,13,7.0,True,True,False,True,True,True,False,True
4281,1495,Austria,2020-08-05,2020-08-12,0.0,7.0,0.0,0.0,False,False,False,False,both_available,False,14,7.0,True,True,False,True,True,True,False,True
4282,1495,Austria,2020-08-12,2020-08-19,0.0,7.0,0.0,0.0,False,False,False,False,both_available,False,15,7.0,True,True,False,True,True,True,False,True
4283,1495,Austria,2020-08-19,2020-08-26,0.0,7.0,0.0,0.0,False,False,False,False,both_available,False,16,7.0,True,True,False,True,True,True,False,True
4284,1495,Austria,2020-08-26,2020-09-02,0.0,7.0,0.0,0.0,False,False,False,False,both_available,False,17,7.0,True,True,False,True,True,True,False,True
4285,1495,Austria,2020-09-02,2020-09-09,0.0,7.0,0.0,0.0,False,False,False,False,both_available,False,18,7.0,True,True,False,True,True,True,False,True
4286,1495,Austria,2020-09-09,2020-09-16,0.0,7.0,0.0,0.0,False,False,False,False,both_available,False,19,7.0,True,True,False,True,True,True,False,True
4287,1495,Austria,2020-09-16,2020-09-23,0.0,7.0,0.0,0.0,False,False,False,False,both_available,False,20,7.0,True,True,False,True,True,True,False,True
4288,1495,Austria,2020-09-23,2020-09-30,0.0,7.0,0.0,0.0,False,False,False,False,both_available,False,21,7.0,True,True,False,True,True,True,False,True
4289,1495,Austria,2020-09-30,2020-10-07,0.0,7.0,0.0,0.0,False,False,False,False,both_available,False,22,7.0,True,True,False,True,True,True,False,True
4290,1495,Austria,2020-10-07,2020-10-14,0.0,7.0,0.0,0.0,False,False,False,False,both_available,False,23,7.0,True,True,False,True,True,True,False,True
4291,1495,Austria,2020-10-14,2020-10-21,0.0,7.0,0.0,0.0,False,False,False,False,both_available,False,24,7.0,True,True,False,True,True,True,False,True
4292,1495,Austria,2020-10-21,2020-10-28,0.0,7.0,0.0,0.0,False,False,False,False,both_available,False,25,7.0,True,True,False,True,True,True,False,True
4293,1496,Austria,2020-05-06,2020-05-13,0.0,7.0,,,True,True,True,True,both_missing,False,1,,True,False,True,False,True,False,True,False
4294,1496,Austria,2020-05-13,2020-05-20,0.0,7.0,0.0,,False,True,True,False,p2_only_missing,False,2,7.0,True,True,False,True,True,False,True,True
4295,1496,Austria,2020-05-20,2020-05-27,0.0,7.0,0.0,0.0,False,False,False,False,both_available,False,3,7.0,True,True,False,True,True,True,False,True
4296,1496,Austria,2020-05-27,2020-06-03,0.0,7.0,0.0,0.0,False,False,False,False,both_available,False,4,7.0,True,True,False,True,True,True,False,True
4297,1496,Austria,2020-06-03,2020-06-10,0.0,7.0,0.0,0.0,False,False,False,False,both_available,False,5,7.0,True,True,False,True,True,True,False,True
4298,1496,Austria,2020-06-10,2020-06-17,0.0,7.0,0.0,0.0,False,False,False,False,both_available,False,6,7.0,True,True,False,True,True,True,False,True
4299,1496,Austria,2020-06-17,2020-06-24,0.0,7.0,0.0,0.0,False,False,False,False,both_available,False,7,7.0,True,True,False,True,True,True,False,True
4300,1496,Austria,2020-06-24,2020-07-01,0.0,7.0,0.0,0.0,False,False,False,False,both_available,False,8,7.0,True,True,False,True,True,True,False,True
4301,1496,Austria,2020-07-01,2020-07-08,0.0,7.0,0.0,0.0,False,False,False,False,both_available,False,9,7.0,True,True,False,True,True,True,False,True
4302,1496,Austria,2020-07-08,2020-07-15,0.0,7.0,0.0,0.0,False,False,False,False,both_available,False,10,7.0,True,True,False,True,True,True,False,True
4303,1496,Austria,2020-07-15,2020-07-22,0.0,7.0,0.0,0.0,False,False,False,False,both_available,False,11,7.0,True,True,False,True,True,True,False,True
4304,1496,Austria,2020-07-22,2020-07-29,0.0,7.0,0.0,0.0,False,False,False,False,both_available,False,12,7.0,True,True,False,True,True,True,False,True
4305,1496,Austria,2020-07-29,2020-08-05,0.0,7.0,0.0,0.0,False,False,False,False,both_available,False,13,7.0,True,True,False,True,True,True,False,True
4306,1496,Austria,2020-08-05,2020-08-12,0.0,7.0,0.0,0.0,False,False,False,False,both_available,False,14,7.0,True,True,False,True,True,True,False,True
4307,1496,Austria,2020-08-12,2020-08-19,0.0,7.0,0.0,0.0,False,False,False,False,both_available,False,15,7.0,True,True,False,True,True,True,False,True
4308,1496,Austria,2020-08-19,2020-08-26,0.0,7.0,0.0,0.0,False,False,False,False,both_available,False,16,7.0,True,True,False,True,True,True,False,True
4309,1496,Austria,2020-08-26,2020-09-02,0.0,7.0,0.0,0.0,False,False,False,False,both_available,False,17,7.0,True,True,False,True,True,True,False,True
4310,1496,Austria,2020-09-02,2020-09-09,0.0,7.0,0.0,0.0,False,False,False,False,both_available,False,18,7.0,True,True,False,True,True,True,False,True
4311,1496,Austria,2020-09-09,2020-09-16,0.0,7.0,0.0,0.0,False,False,False,False,both_available,False,19,7.0,True,True,False,True,True,True,False,True
4312,1496,Austria,2020-09-16,2020-09-23,0.0,7.0,0.0,0.0,False,False,False,False,both_available,False,20,7.0,True,True,False,True,True,True,False,True
4313,1496,Austria,2020-09-23,2020-09-30,0.0,7.0,0.0,0.0,False,False,False,False,both_available,False,21,7.0,True,True,False,True,True,True,False,True
4314,1496,Austria,2020-09-30,2020-10-07,0.0,7.0,0.0,0.0,False,False,False,False,both_available,False,22,7.0,True,True,False,True,True,True,False,True
4315,1496,Austria,2020-10-07,2020-10-14,0.0,7.0,0.0,0.0,False,False,False,False,both_available,False,23,7.0,True,True,False,True,True,True,False,True
4316,1496,Austria,2020-10-14,2020-10-21,0.0,7.0,0.0,0.0,False,False,False,False,both_available,False,24,7.0,True,True,False,True,True,True,False,True
4317,1496,Austria,2020-10-21,2020-10-28,0.0,7.0,0.0,0.0,False,False,False,False,both_available,False,25,7.0,True,True,False,True,True,True,False,True
4318,1497,Austria,2020-05-06,2020-05-13,0.0,7.0,,,True,True,True,True,both_missing,False,1,,True,False,True,False,True,False,True,False
4319,1497,Austria,2020-05-13,2020-05-20,0.0,7.0,0.0,,False,True,True,False,p2_only_missing,False,2,7.0,True,True,False,True,True,False,True,True
4320,1497,Austria,2020-05-20,2020-05-27,0.0,7.0,0.0,0.0,False,False,False,False,both_available,False,3,7.0,True,True,False,True,True,True,False,True
4321,1497,Austria,2020-05-27,2020-06-03,0.0,7.0,0.0,0.0,False,False,False,False,both_available,False,4,7.0,True,True,False,True,True,True,False,True
4322,1497,Austria,2020-06-03,2020-06-10,0.0,7.0,0.0,0.0,False,False,False,False,both_available,False,5,7.0,True,True,False,True,True,True,False,True
4323,1497,Austria,2020-06-10,2020-06-17,0.0,7.0,0.0,0.0,False,False,False,False,both_available,False,6,7.0,True,True,False,True,True,True,False,True
4324,1497,Austria,2020-06-17,2020-06-24,0.0,7.0,0.0,0.0,False,False,False,False,both_available,False,7,7.0,True,True,False,True,True,True,False,True
4325,1497,Austria,2020-06-24,2020-07-01,0.0,7.0,0.0,0.0,False,False,False,False,both_available,False,8,7.0,True,True,False,True,True,True,False,True
4326,1497,Austria,2020-07-01,2020-07-08,0.0,7.0,0.0,0.0,False,False,False,False,both_available,False,9,7.0,True,True,False,True,True,True,False,True
4327,1497,Austria,2020-07-08,2020-07-15,0.0,7.0,0.0,0.0,False,False,False,False,both_available,False,10,7.0,True,True,False,True,True,True,False,True
4328,1497,Austria,2020-07-15,2020-07-22,0.0,7.0,0.0,0.0,False,False,False,False,both_available,False,11,7.0,True,True,False,True,True,True,False,True
4329,1497,Austria,2020-07-22,2020-07-29,0.0,7.0,0.0,0.0,False,False,False,False,both_available,False,12,7.0,True,True,False,True,True,True,False,True
4330,1497,Austria,2020-07-29,2020-08-05,0.0,7.0,0.0,0.0,False,False,False,False,both_available,False,13,7.0,True,True,False,True,True,True,False,True
4331,1497,Austria,2020-08-05,2020-08-12,0.0,7.0,0.0,0.0,False,False,False,False,both_available,False,14,7.0,True,True,False,True,True,True,False,True
4332,1497,Austria,2020-08-12,2020-08-19,0.0,7.0,0.0,0.0,False,False,False,False,both_available,False,15,7.0,True,True,False,True,True,True,False,True
4333,1497,Austria,2020-08-19,2020-08-26,0.0,7.0,0.0,0.0,False,False,False,False,both_available,False,16,7.0,True,True,False,True,True,True,False,True
4334,1497,Austria,2020-08-26,2020-09-02,0.0,7.0,0.0,0.0,False,False,False,False,both_available,False,17,7.0,True,True,False,True,True,True,False,True
4335,1497,Austria,2020-09-02,2020-09-09,0.0,7.0,0.0,0.0,False,False,False,False,both_available,False,18,7.0,True,True,False,True,True,True,False,True
4336,1497,Austria,2020-09-09,2020-09-16,0.0,7.0,0.0,0.0,False,False,False,False,both_available,False,19,7.0,True,True,False,True,True,True,False,True
4337,1497,Austria,2020-09-16,2020-09-23,0.0,7.0,0.0,0.0,False,False,False,False,both_available,False,20,7.0,True,True,False,True,True,True,False,True
4338,1497,Austria,2020-09-23,2020-09-30,0.0,7.0,0.0,0.0,False,False,False,False,both_available,False,21,7.0,True,True,False,True,True,True,False,True
4339,1497,Austria,2020-09-30,2020-10-07,0.0,7.0,0.0,0.0,False,False,False,False,both_available,False,22,7.0,True,True,False,True,True,True,False,True
4340,1497,Austria,2020-10-07,2020-10-14,0.0,7.0,0.0,0.0,False,False,False,False,both_available,False,23,7.0,True,True,False,True,True,True,False,True
4341,1497,Austria,2020-10-14,2020-10-21,0.0,7.0,0.0,0.0,False,False,False,False,both_available,False,24,7.0,True,True,False,True,True,True,False,True
4342,1498,Austria,2020-05-06,2020-05-13,0.0,7.0,,,True,True,True,True,both_missing,False,1,,True,False,True,False,True,False,True,False
4343,1498,Austria,2020-05-13,2020-05-20,0.0,7.0,0.0,,False,True,True,False,p2_only_missing,False,2,7.0,True,True,False,True,True,False,True,True
4344,1498,Austria,2020-05-20,2020-05-27,0.0,7.0,0.0,0.0,False,False,False,False,both_available,False,3,7.0,True,True,False,True,True,True,False,True
4345,1498,Austria,2020-05-27,2020-06-03,0.0,7.0,0.0,0.0,False,False,False,False,both_available,False,4,7.0,True,True,False,True,True,True,False,True
4346,1498,Austria,2020-06-03,2020-06-10,0.0,7.0,0.0,0.0,False,False,False,False,both_available,False,5,7.0,True,True,False,True,True,True,False,True
4347,1498,Austria,2020-06-10,2020-06-17,0.0,7.0,0.0,0.0,False,False,False,False,both_available,False,6,7.0,True,True,False,True,True,True,False,True
4348,1498,Austria,2020-06-17,2020-06-24,0.0,7.0,0.0,0.0,False,False,False,False,both_available,False,7,7.0,True,True,False,True,True,True,False,True
4349,1498,Austria,2020-06-24,2020-07-01,0.0,7.0,0.0,0.0,False,False,False,False,both_available,False,8,7.0,True,True,False,True,True,True,False,True
4350,1498,Austria,2020-07-01,2020-07-08,0.0,7.0,0.0,0.0,False,False,False,False,both_available,False,9,7.0,True,True,False,True,True,True,False,True
4351,1498,Austria,2020-07-08,2020-07-15,0.0,7.0,0.0,0.0,False,False,False,False,both_available,False,10,7.0,True,True,False,True,True,True,False,True
4352,1498,Austria,2020-07-15,2020-07-22,0.0,7.0,0.0,0.0,False,False,False,False,both_available,False,11,7.0,True,True,False,True,True,True,False,True
4353,1498,Austria,2020-07-22,2020-07-29,0.0,7.0,0.0,0.0,False,False,False,False,both_available,False,12,7.0,True,True,False,True,True,True,False,True
4354,1498,Austria,2020-07-29,2020-08-05,0.0,7.0,0.0,0.0,False,False,False,False,both_available,False,13,7.0,True,True,False,True,True,True,False,True
4355,1498,Austria,2020-08-05,2020-08-12,0.0,7.0,0.0,0.0,False,False,False,False,both_available,False,14,7.0,True,True,False,True,True,True,False,True
4356,1498,Austria,2020-08-12,2020-08-19,0.0,7.0,0.0,0.0,False,False,False,False,both_available,False,15,7.0,True,True,False,True,True,True,False,True
4357,1498,Austria,2020-08-19,2020-08-26,0.0,7.0,0.0,0.0,False,False,False,False,both_available,False,16,7.0,True,True,False,True,True,True,False,True
4358,1498,Austria,2020-08-26,2020-09-02,0.0,7.0,0.0,0.0,False,False,False,False,both_available,False,17,7.0,True,True,False,True,True,True,False,True
4359,1498,Austria,2020-09-02,2020-09-09,0.0,7.0,0.0,0.0,False,False,False,False,both_available,False,18,7.0,True,True,False,True,True,True,False,True
4360,1498,Austria,2020-09-09,2020-09-16,0.0,7.0,0.0,0.0,False,False,False,False,both_available,False,19,7.0,True,True,False,True,True,True,False,True
4361,1498,Austria,2020-09-16,2020-09-23,0.0,7.0,0.0,0.0,False,False,False,False,both_available,False,20,7.0,True,True,False,True,True,True,False,True
4362,1498,Austria,2020-09-23,2020-09-30,0.0,7.0,0.0,0.0,False,False,False,False,both_available,False,21,7.0,True,True,False,True,True,True,False,True
4363,1498,Austria,2020-09-30,2020-10-07,0.0,7.0,0.0,0.0,False,False,False,False,both_available,False,22,7.0,True,True,False,True,True,True,False,True
4364,1498,Austria,2020-10-07,2020-10-14,0.0,7.0,0.0,0.0,False,False,False,False,both_available,False,23,7.0,True,True,False,True,True,True,False,True
4365,1498,Austria,2020-10-14,2020-10-21,0.0,7.0,0.0,0.0,False,False,False,False,both_available,False,24,7.0,True,True,False,True,True,True,False,True
4366,1498,Austria,2020-10-21,2020-10-28,0.0,7.0,0.0,0.0,False,False,False,False,both_available,False,25,7.0,True,True,False,True,True,True,False,True
4367,1499,Austria,2020-05-06,2020-05-13,0.0,7.0,,,True,True,True,True,both_missing,False,1,,True,False,True,False,True,False,True,False
4368,1499,Austria,2020-05-13,2020-05-20,0.0,7.0,0.0,,False,True,True,False,p2_only_missing,False,2,7.0,True,True,False,True,True,False,True,True
4369,1499,Austria,2020-05-20,2020-05-27,0.0,7.0,0.0,0.0,False,False,False,False,both_available,False,3,7.0,True,True,False,True,True,True,False,True
4370,1499,Austria,2020-05-27,2020-06-03,0.0,7.0,0.0,0.0,False,False,False,False,both_available,False,4,7.0,True,True,False,True,True,True,False,True
4371,1499,Austria,2020-06-03,2020-06-10,0.0,7.0,0.0,0.0,False,False,False,False,both_available,False,5,7.0,True,True,False,True,True,True,False,True
4372,1499,Austria,2020-06-10,2020-06-17,0.0,7.0,0.0,0.0,False,False,False,False,both_available,False,6,7.0,True,True,False,True,True,True,False,True
4373,1499,Austria,2020-06-17,2020-06-24,0.0,7.0,0.0,0.0,False,False,False,False,both_available,False,7,7.0,True,True,False,True,True,True,False,True
4374,1499,Austria,2020-06-24,2020-07-01,0.0,7.0,0.0,0.0,False,False,False,False,both_available,False,8,7.0,True,True,False,True,True,True,False,True
4375,1499,Austria,2020-07-01,2020-07-08,0.0,7.0,0.0,0.0,False,False,False,False,both_available,False,9,7.0,True,True,False,True,True,True,False,True
4376,1499,Austria,2020-07-08,2020-07-15,0.0,7.0,0.0,0.0,False,False,False,False,both_available,False,10,7.0,True,True,False,True,True,True,False,True
4377,1499,Austria,2020-07-15,2020-07-22,0.0,7.0,0.0,0.0,False,False,False,False,both_available,False,11,7.0,True,True,False,True,True,True,False,True
4378,1499,Austria,2020-07-22,2020-07-29,0.0,7.0,0.0,0.0,False,False,False,False,both_available,False,12,7.0,True,True,False,True,True,True,False,True
4379,1499,Austria,2020-07-29,2020-08-05,0.0,7.0,0.0,0.0,False,False,False,False,both_available,False,13,7.0,True,True,False,True,True,True,False,True
4380,1499,Austria,2020-08-05,2020-08-12,0.0,7.0,0.0,0.0,False,False,False,False,both_available,False,14,7.0,True,True,False,True,True,True,False,True
4381,1499,Austria,2020-08-12,2020-08-19,0.0,7.0,0.0,0.0,False,False,False,False,both_available,False,15,7.0,True,True,False,True,True,True,False,True
4382,1499,Austria,2020-08-19,2020-08-26,0.0,7.0,0.0,0.0,False,False,False,False,both_available,False,16,7.0,True,True,False,True,True,True,False,True
4383,1499,Austria,2020-08-26,2020-09-02,0.0,7.0,0.0,0.0,False,False,False,False,both_available,False,17,7.0,True,True,False,True,True,True,False,True
4384,1499,Austria,2020-09-02,2020-09-09,0.0,7.0,0.0,0.0,False,False,False,False,both_available,False,18,7.0,True,True,False,True,True,True,False,True
4385,1499,Austria,2020-09-09,2020-09-16,0.0,7.0,0.0,0.0,False,False,False,False,both_available,False,19,7.0,True,True,False,True,True,True,False,True
4386,1499,Austria,2020-09-16,2020-09-23,0.0,7.0,0.0,0.0,False,False,False,False,both_available,False,20,7.0,True,True,False,True,True,True,False,True
4387,1499,Austria,2020-09-23,2020-09-30,0.0,7.0,0.0,0.0,False,False,False,False,both_available,False,21,7.0,True,True,False,True,True,True,False,True
4388,1499,Austria,2020-09-30,2020-10-07,0.0,7.0,0.0,0.0,False,False,False,False,both_available,False,22,7.0,True,True,False,True,True,True,False,True
4389,1499,Austria,2020-10-07,2020-10-14,0.0,7.0,0.0,0.0,False,False,False,False,both_available,False,23,7.0,True,True,False,True,True,True,False,True
4390,1499,Austria,2020-10-14,2020-10-21,0.0,7.0,0.0,0.0,False,False,False,False,both_available,False,24,7.0,True,True,False,True,True,True,False,True
4391,1499,Austria,2020-10-21,2020-10-28,0.0,7.0,0.0,0.0,False,False,False,False,both_available,False,25,7.0,True,True,False,True,True,True,False,True
4392,1500,Austria,2020-05-06,2020-05-13,0.0,7.0,,,True,True,True,True,both_missing,False,1,,True,False,True,False,True,False,True,False
4393,1500,Austria,2020-05-13,2020-05-20,0.0,7.0,0.0,,False,True,True,False,p2_only_missing,False,2,7.0,True,True,False,True,True,False,True,True
4394,1500,Austria,2020-05-20,2020-05-27,0.0,7.0,0.0,0.0,False,False,False,False,both_available,False,3,7.0,True,True,False,True,True,True,False,True
4395,1500,Austria,2020-05-27,2020-06-03,0.0,7.0,0.0,0.0,False,False,False,False,both_available,False,4,7.0,True,True,False,True,True,True,False,True
4396,1500,Austria,2020-06-03,2020-06-10,0.0,7.0,0.0,0.0,False,False,False,False,both_available,False,5,7.0,True,True,False,True,True,True,False,True
4397,1500,Austria,2020-06-10,2020-06-17,0.0,7.0,0.0,0.0,False,False,False,False,both_available,False,6,7.0,True,True,False,True,True,True,False,True
4398,1500,Austria,2020-06-17,2020-06-24,0.0,7.0,0.0,0.0,False,False,False,False,both_available,False,7,7.0,True,True,False,True,True,True,False,True
4399,1500,Austria,2020-06-24,2020-07-01,0.0,7.0,0.0,0.0,False,False,False,False,both_available,False,8,7.0,True,True,False,True,True,True,False,True
4400,1500,Austria,2020-07-01,2020-07-08,0.0,7.0,0.0,0.0,False,False,False,False,both_available,False,9,7.0,True,True,False,True,True,True,False,True
4401,1500,Austria,2020-07-08,2020-07-15,0.0,7.0,0.0,0.0,False,False,False,False,both_available,False,10,7.0,True,True,False,True,True,True,False,True
4402,1500,Austria,2020-07-15,2020-07-22,0.0,7.0,0.0,0.0,False,False,False,False,both_available,False,11,7.0,True,True,False,True,True,True,False,True
4403,1500,Austria,2020-07-22,2020-07-29,0.0,7.0,0.0,0.0,False,False,False,False,both_available,False,12,7.0,True,True,False,True,True,True,False,True
4404,1500,Austria,2020-07-29,2020-08-05,0.0,7.0,0.0,0.0,False,False,False,False,both_available,False,13,7.0,True,True,False,True,True,True,False,True
4405,1500,Austria,2020-08-05,2020-08-12,0.0,7.0,0.0,0.0,False,False,False,False,both_available,False,14,7.0,True,True,False,True,True,True,False,True
4406,1500,Austria,2020-08-12,2020-08-19,0.0,7.0,0.0,0.0,False,False,False,False,both_available,False,15,7.0,True,True,False,True,True,True,False,True
4407,1500,Austria,2020-08-19,2020-08-26,0.0,7.0,0.0,0.0,False,False,False,False,both_available,False,16,7.0,True,True,False,True,True,True,False,True
4408,1500,Austria,2020-08-26,2020-09-02,0.0,7.0,0.0,0.0,False,False,False,False,both_available,False,17,7.0,True,True,False,True,True,True,False,True
4409,1500,Austria,2020-09-02,2020-09-09,0.0,7.0,0.0,0.0,False,False,False,False,both_available,False,18,7.0,True,True,False,True,True,True,False,True
4410,1500,Austria,2020-09-09,2020-09-16,0.0,7.0,0.0,0.0,False,False,False,False,both_available,False,19,7.0,True,True,False,True,True,True,False,True
4411,1500,Austria,2020-09-16,2020-09-23,0.0,7.0,0.0,0.0,False,False,False,False,both_available,False,20,7.0,True,True,False,True,True,True,False,True
4412,1500,Austria,2020-09-23,2020-09-30,0.0,7.0,0.0,0.0,False,False,False,False,both_available,False,21,7.0,True,True,False,True,True,True,False,True
4413,1500,Austria,2020-09-30,2020-10-07,0.0,7.0,0.0,0.0,False,False,False,False,both_available,False,22,7.0,True,True,False,True,True,True,False,True
4414,1500,Austria,2020-10-07,2020-10-14,0.0,7.0,0.0,0.0,False,False,False,False,both_available,False,23,7.0,True,True,False,True,True,True,False,True
4415,1500,Austria,2020-10-14,2020-10-21,0.0,7.0,0.0,0.0,False,False,False,False,both_available,False,24,7.0,True,True,False,True,True,True,False,True
4416,1500,Austria,2020-10-21,2020-10-28,0.0,7.0,0.0,0.0,False,False,False,False,both_available,False,25,7.0,True,True,False,True,True,True,False,True
4417,1501,Austria,2020-05-06,2020-05-13,0.0,7.0,,,True,True,True,True,both_missing,False,1,,True,False,True,False,True,False,True,False
4418,1501,Austria,2020-05-13,2020-05-20,0.0,7.0,0.0,,False,True,True,False,p2_only_missing,False,2,7.0,True,True,False,True,True,False,True,True
4419,1501,Austria,2020-05-20,2020-05-27,0.0,7.0,0.0,0.0,False,False,False,False,both_available,False,3,7.0,True,True,False,True,True,True,False,True
4420,1501,Austria,2020-05-27,2020-06-03,0.0,7.0,0.0,0.0,False,False,False,False,both_available,False,4,7.0,True,True,False,True,True,True,False,True
4421,1501,Austria,2020-06-03,2020-06-10,0.0,7.0,0.0,0.0,False,False,False,False,both_available,False,5,7.0,True,True,False,True,True,True,False,True
4422,1501,Austria,2020-06-10,2020-06-17,0.0,7.0,0.0,0.0,False,False,False,False,both_available,False,6,7.0,True,True,False,True,True,True,False,True
4423,1501,Austria,2020-06-17,2020-06-24,0.0,7.0,0.0,0.0,False,False,False,False,both_available,False,7,7.0,True,True,False,True,True,True,False,True
4424,1501,Austria,2020-06-24,2020-07-01,0.0,7.0,0.0,0.0,False,False,False,False,both_available,False,8,7.0,True,True,False,True,True,True,False,True
4425,1501,Austria,2020-07-01,2020-07-08,0.0,7.0,0.0,0.0,False,False,False,False,both_available,False,9,7.0,True,True,False,True,True,True,False,True
4426,1501,Austria,2020-07-08,2020-07-15,0.0,7.0,0.0,0.0,False,False,False,False,both_available,False,10,7.0,True,True,False,True,True,True,False,True
4427,1501,Austria,2020-07-15,2020-07-22,0.0,7.0,0.0,0.0,False,False,False,False,both_available,False,11,7.0,True,True,False,True,True,True,False,True
4428,1501,Austria,2020-07-22,2020-07-29,0.0,7.0,0.0,0.0,False,False,False,False,both_available,False,12,7.0,True,True,False,True,True,True,False,True
4429,1501,Austria,2020-07-29,2020-08-05,0.0,7.0,0.0,0.0,False,False,False,False,both_available,False,13,7.0,True,True,False,True,True,True,False,True
4430,1501,Austria,2020-08-05,2020-08-12,0.0,7.0,0.0,0.0,False,False,False,False,both_available,False,14,7.0,True,True,False,True,True,True,False,True
4431,1501,Austria,2020-08-12,2020-08-19,0.0,7.0,0.0,0.0,False,False,False,False,both_available,False,15,7.0,True,True,False,True,True,True,False,True
4432,1501,Austria,2020-08-19,2020-08-26,0.0,7.0,0.0,0.0,False,False,False,False,both_available,False,16,7.0,True,True,False,True,True,True,False,True
4433,1501,Austria,2020-08-26,2020-09-02,0.0,7.0,0.0,0.0,False,False,False,False,both_available,False,17,7.0,True,True,False,True,True,True,False,True
4434,1501,Austria,2020-09-02,2020-09-09,0.0,7.0,0.0,0.0,False,False,False,False,both_available,False,18,7.0,True,True,False,True,True,True,False,True
4435,1501,Austria,2020-09-09,2020-09-16,0.0,7.0,0.0,0.0,False,False,False,False,both_available,False,19,7.0,True,True,False,True,True,True,False,True
4436,1501,Austria,2020-09-16,2020-09-23,0.0,7.0,0.0,0.0,False,False,False,False,both_available,False,20,7.0,True,True,False,True,True,True,False,True
4437,1501,Austria,2020-09-23,2020-09-30,0.0,7.0,0.0,0.0,False,False,False,False,both_available,False,21,7.0,True,True,False,True,True,True,False,True
4438,1501,Austria,2020-09-30,2020-10-07,0.0,7.0,0.0,0.0,False,False,False,False,both_available,False,22,7.0,True,True,False,True,True,True,False,True
4439,1501,Austria,2020-10-07,2020-10-14,0.0,7.0,0.0,0.0,False,False,False,False,both_available,False,23,7.0,True,True,False,True,True,True,False,True
4440,1501,Austria,2020-10-14,2020-10-21,0.0,7.0,0.0,0.0,False,False,False,False,both_available,False,24,7.0,True,True,False,True,True,True,False,True
4441,1501,Austria,2020-10-21,2020-10-28,0.0,7.0,0.0,0.0,False,False,False,False,both_available,False,25,7.0,True,True,False,True,True,True,False,True
4442,1502,Austria,2020-05-06,2020-05-13,0.0,7.0,,,True,True,True,True,both_missing,False,1,,True,False,True,False,True,False,True,False
4443,1502,Austria,2020-05-13,2020-05-20,0.0,7.0,0.0,,False,True,True,False,p2_only_missing,False,2,7.0,True,True,False,True,True,False,True,True
4444,1502,Austria,2020-05-20,2020-05-27,0.0,7.0,0.0,0.0,False,False,False,False,both_available,False,3,7.0,True,True,False,True,True,True,False,True
4445,1502,Austria,2020-05-27,2020-06-03,0.0,7.0,0.0,0.0,False,False,False,False,both_available,False,4,7.0,True,True,False,True,True,True,False,True
4446,1502,Austria,2020-06-03,2020-06-10,0.0,7.0,0.0,0.0,False,False,False,False,both_available,False,5,7.0,True,True,False,True,True,True,False,True
4447,1502,Austria,2020-06-10,2020-06-17,0.0,7.0,0.0,0.0,False,False,False,False,both_available,False,6,7.0,True,True,False,True,True,True,False,True
4448,1502,Austria,2020-06-17,2020-06-24,0.0,7.0,0.0,0.0,False,False,False,False,both_available,False,7,7.0,True,True,False,True,True,True,False,True
4449,1502,Austria,2020-06-24,2020-07-01,0.0,7.0,0.0,0.0,False,False,False,False,both_available,False,8,7.0,True,True,False,True,True,True,False,True
4450,1502,Austria,2020-07-01,2020-07-08,0.0,7.0,0.0,0.0,False,False,False,False,both_available,False,9,7.0,True,True,False,True,True,True,False,True
4451,1502,Austria,2020-07-08,2020-07-15,0.0,7.0,0.0,0.0,False,False,False,False,both_available,False,10,7.0,True,True,False,True,True,True,False,True
4452,1502,Austria,2020-07-15,2020-07-22,0.0,7.0,0.0,0.0,False,False,False,False,both_available,False,11,7.0,True,True,False,True,True,True,False,True
4453,1502,Austria,2020-07-22,2020-07-29,0.0,7.0,0.0,0.0,False,False,False,False,both_available,False,12,7.0,True,True,False,True,True,True,False,True
4454,1502,Austria,2020-07-29,2020-08-05,0.0,7.0,0.0,0.0,False,False,False,False,both_available,False,13,7.0,True,True,False,True,True,True,False,True
4455,1502,Austria,2020-08-05,2020-08-12,0.0,7.0,0.0,0.0,False,False,False,False,both_available,False,14,7.0,True,True,False,True,True,True,False,True
4456,1502,Austria,2020-08-12,2020-08-19,0.0,7.0,0.0,0.0,False,False,False,False,both_available,False,15,7.0,True,True,False,True,True,True,False,True
4457,1502,Austria,2020-08-19,2020-08-26,0.0,7.0,0.0,0.0,False,False,False,False,both_available,False,16,7.0,True,True,False,True,True,True,False,True
4458,1502,Austria,2020-08-26,2020-09-02,0.0,7.0,0.0,0.0,False,False,False,False,both_available,False,17,7.0,True,True,False,True,True,True,False,True
4459,1502,Austria,2020-09-02,2020-09-09,0.0,7.0,0.0,0.0,False,False,False,False,both_available,False,18,7.0,True,True,False,True,True,True,False,True
4460,1502,Austria,2020-09-09,2020-09-16,0.0,7.0,0.0,0.0,False,False,False,False,both_available,False,19,7.0,True,True,False,True,True,True,False,True
4461,1502,Austria,2020-09-16,2020-09-23,0.0,7.0,0.0,0.0,False,False,False,False,both_available,False,20,7.0,True,True,False,True,True,True,False,True
4462,1502,Austria,2020-09-23,2020-09-30,0.0,7.0,0.0,0.0,False,False,False,False,both_available,False,21,7.0,True,True,False,True,True,True,False,True
4463,1502,Austria,2020-09-30,2020-10-07,0.0,7.0,0.0,0.0,False,False,False,False,both_available,False,22,7.0,True,True,False,True,True,True,False,True
4464,1502,Austria,2020-10-07,2020-10-14,0.0,7.0,0.0,0.0,False,False,False,False,both_available,False,23,7.0,True,True,False,True,True,True,False,True
4465,1502,Austria,2020-10-14,2020-10-21,0.0,7.0,0.0,0.0,False,False,False,False,both_available,False,24,7.0,True,True,False,True,True,True,False,True
4466,1502,Austria,2020-10-21,2020-10-28,0.0,7.0,0.0,0.0,False,False,False,False,both_available,False,25,7.0,True,True,False,True,True,True,False,True
4467,1503,Austria,2020-05-06,2020-05-13,0.0,7.0,,,True,True,True,True,both_missing,False,1,,True,False,True,False,True,False,True,False
4468,1503,Austria,2020-05-13,2020-05-20,0.0,7.0,0.0,,False,True,True,False,p2_only_missing,False,2,7.0,True,True,False,True,True,False,True,True
4469,1503,Austria,2020-05-20,2020-05-27,0.0,7.0,0.0,0.0,False,False,False,False,both_available,False,3,7.0,True,True,False,True,True,True,False,True
4470,1503,Austria,2020-05-27,2020-06-03,0.0,7.0,0.0,0.0,False,False,False,False,both_available,False,4,7.0,True,True,False,True,True,True,False,True
4471,1503,Austria,2020-06-03,2020-06-10,0.0,7.0,0.0,0.0,False,False,False,False,both_available,False,5,7.0,True,True,False,True,True,True,False,True
4472,1503,Austria,2020-06-10,2020-06-17,0.0,7.0,0.0,0.0,False,False,False,False,both_available,False,6,7.0,True,True,False,True,True,True,False,True
4473,1503,Austria,2020-06-17,2020-06-24,0.0,7.0,0.0,0.0,False,False,False,False,both_available,False,7,7.0,True,True,False,True,True,True,False,True
4474,1503,Austria,2020-06-24,2020-07-01,0.0,7.0,0.0,0.0,False,False,False,False,both_available,False,8,7.0,True,True,False,True,True,True,False,True
4475,1503,Austria,2020-07-01,2020-07-08,0.0,7.0,0.0,0.0,False,False,False,False,both_available,False,9,7.0,True,True,False,True,True,True,False,True
4476,1503,Austria,2020-07-08,2020-07-15,0.0,7.0,0.0,0.0,False,False,False,False,both_available,False,10,7.0,True,True,False,True,True,True,False,True
4477,1503,Austria,2020-07-15,2020-07-22,0.0,7.0,0.0,0.0,False,False,False,False,both_available,False,11,7.0,True,True,False,True,True,True,False,True
4478,1503,Austria,2020-07-22,2020-07-29,0.0,7.0,0.0,0.0,False,False,False,False,both_available,False,12,7.0,True,True,False,True,True,True,False,True
4479,1503,Austria,2020-07-29,2020-08-05,0.0,7.0,0.0,0.0,False,False,False,False,both_available,False,13,7.0,True,True,False,True,True,True,False,True
4480,1503,Austria,2020-08-05,2020-08-12,0.0,7.0,0.0,0.0,False,False,False,False,both_available,False,14,7.0,True,True,False,True,True,True,False,True
4481,1503,Austria,2020-08-12,2020-08-19,0.0,7.0,0.0,0.0,False,False,False,False,both_available,False,15,7.0,True,True,False,True,True,True,False,True
4482,1503,Austria,2020-08-19,2020-08-26,0.0,7.0,0.0,0.0,False,False,False,False,both_available,False,16,7.0,True,True,False,True,True,True,False,True
4483,1503,Austria,2020-08-26,2020-09-02,0.0,7.0,0.0,0.0,False,False,False,False,both_available,False,17,7.0,True,True,False,True,True,True,False,True
4484,1503,Austria,2020-09-02,2020-09-09,0.0,7.0,0.0,0.0,False,False,False,False,both_available,False,18,7.0,True,True,False,True,True,True,False,True
4485,1503,Austria,2020-09-09,2020-09-16,0.0,7.0,0.0,0.0,False,False,False,False,both_available,False,19,7.0,True,True,False,True,True,True,False,True
4486,1503,Austria,2020-09-16,2020-09-23,0.0,7.0,0.0,0.0,False,False,False,False,both_available,False,20,7.0,True,True,False,True,True,True,False,True
4487,1503,Austria,2020-09-23,2020-09-30,0.0,7.0,0.0,0.0,False,False,False,False,both_available,False,21,7.0,True,True,False,True,True,True,False,True
4488,1503,Austria,2020-09-30,2020-10-07,0.0,7.0,0.0,0.0,False,False,False,False,both_available,False,22,7.0,True,True,False,True,True,True,False,True
4489,1503,Austria,2020-10-07,2020-10-14,0.0,7.0,0.0,0.0,False,False,False,False,both_available,False,23,7.0,True,True,False,True,True,True,False,True
4490,1503,Austria,2020-10-14,2020-10-21,0.0,7.0,0.0,0.0,False,False,False,False,both_available,False,24,7.0,True,True,False,True,True,True,False,True
4491,1503,Austria,2020-10-21,2020-10-28,0.0,7.0,0.0,0.0,False,False,False,False,both_available,False,25,7.0,True,True,False,True,True,True,False,True
4492,1509,Austria,2020-06-10,2020-06-18,0.0,8.0,,,True,True,True,True,both_missing,False,1,,True,False,True,False,True,False,True,False
4493,1510,Austria,2020-06-10,2020-06-18,0.0,8.0,,,True,True,True,True,both_missing,False,1,,True,False,True,False,True,False,True,False
4494,1511,Austria,2020-06-10,2020-06-18,0.0,8.0,,,True,True,True,True,both_missing,False,1,,True,False,True,False,True,False,True,False
4495,1512,Austria,2020-06-10,2020-06-18,0.0,8.0,,,True,True,True,True,both_missing,False,1,,True,False,True,False,True,False,True,False
4496,1514,Austria,2020-06-10,2020-06-18,0.0,8.0,,,True,True,True,True,both_missing,False,1,,True,False,True,False,True,False,True,False
4497,1516,Austria,2020-05-06,2020-05-13,0.0,7.0,,,True,True,True,True,both_missing,False,1,,True,False,True,False,True,False,True,False
4498,1516,Austria,2020-05-13,2020-05-20,0.0,7.0,0.0,,False,True,True,False,p2_only_missing,False,2,7.0,True,True,False,True,True,False,True,True
4499,1516,Austria,2020-05-20,2020-05-27,0.0,7.0,0.0,0.0,False,False,False,False,both_available,False,3,7.0,True,True,False,True,True,True,False,True
4500,1516,Austria,2020-05-27,2020-06-03,0.0,7.0,0.0,0.0,False,False,False,False,both_available,False,4,7.0,True,True,False,True,True,True,False,True
4501,1516,Austria,2020-06-03,2020-06-10,0.0,7.0,0.0,0.0,False,False,False,False,both_available,False,5,7.0,True,True,False,True,True,True,False,True
4502,1516,Austria,2020-06-10,2020-06-17,0.0,7.0,0.0,0.0,False,False,False,False,both_available,False,6,7.0,True,True,False,True,True,True,False,True
4503,1516,Austria,2020-06-17,2020-06-24,0.0,7.0,0.0,0.0,False,False,False,False,both_available,False,7,7.0,True,True,False,True,True,True,False,True
4504,1516,Austria,2020-06-24,2020-07-01,0.0,7.0,0.0,0.0,False,False,False,False,both_available,False,8,7.0,True,True,False,True,True,True,False,True
4505,1516,Austria,2020-07-01,2020-07-08,0.0,7.0,0.0,0.0,False,False,False,False,both_available,False,9,7.0,True,True,False,True,True,True,False,True
4506,1516,Austria,2020-07-08,2020-07-15,0.0,7.0,0.0,0.0,False,False,False,False,both_available,False,10,7.0,True,True,False,True,True,True,False,True
4507,1516,Austria,2020-07-15,2020-07-22,0.0,7.0,0.0,0.0,False,False,False,False,both_available,False,11,7.0,True,True,False,True,True,True,False,True
4508,1516,Austria,2020-07-22,2020-07-29,0.0,7.0,0.0,0.0,False,False,False,False,both_available,False,12,7.0,True,True,False,True,True,True,False,True
4509,1516,Austria,2020-07-29,2020-08-05,0.0,7.0,0.0,0.0,False,False,False,False,both_available,False,13,7.0,True,True,False,True,True,True,False,True
4510,1516,Austria,2020-08-05,2020-08-12,0.0,7.0,0.0,0.0,False,False,False,False,both_available,False,14,7.0,True,True,False,True,True,True,False,True
4511,1516,Austria,2020-08-12,2020-08-19,0.0,7.0,0.0,0.0,False,False,False,False,both_available,False,15,7.0,True,True,False,True,True,True,False,True
4512,1516,Austria,2020-08-19,2020-08-26,0.0,7.0,0.0,0.0,False,False,False,False,both_available,False,16,7.0,True,True,False,True,True,True,False,True
4513,1516,Austria,2020-08-26,2020-09-02,0.0,7.0,0.0,0.0,False,False,False,False,both_available,False,17,7.0,True,True,False,True,True,True,False,True
4514,1516,Austria,2020-09-02,2020-09-09,0.0,7.0,0.0,0.0,False,False,False,False,both_available,False,18,7.0,True,True,False,True,True,True,False,True
4515,1516,Austria,2020-09-09,2020-09-16,0.0,7.0,0.0,0.0,False,False,False,False,both_available,False,19,7.0,True,True,False,True,True,True,False,True
4516,1516,Austria,2020-09-16,2020-09-23,0.0,7.0,0.0,0.0,False,False,False,False,both_available,False,20,7.0,True,True,False,True,True,True,False,True
4517,1516,Austria,2020-09-23,2020-09-30,0.0,7.0,0.0,0.0,False,False,False,False,both_available,False,21,7.0,True,True,False,True,True,True,False,True
4518,1516,Austria,2020-09-30,2020-10-07,0.0,7.0,0.0,0.0,False,False,False,False,both_available,False,22,7.0,True,True,False,True,True,True,False,True
4519,1516,Austria,2020-10-07,2020-10-14,0.0,7.0,0.0,0.0,False,False,False,False,both_available,False,23,7.0,True,True,False,True,True,True,False,True
4520,1516,Austria,2020-10-14,2020-10-21,0.0,7.0,0.0,0.0,False,False,False,False,both_available,False,24,7.0,True,True,False,True,True,True,False,True
4521,1516,Austria,2020-10-21,2020-10-28,0.0,7.0,0.0,0.0,False,False,False,False,both_available,False,25,7.0,True,True,False,True,True,True,False,True
4522,1517,Austria,2020-05-06,2020-05-13,0.0,7.0,,,True,True,True,True,both_missing,False,1,,True,False,True,False,True,False,True,False
4523,1517,Austria,2020-05-13,2020-05-20,0.0,7.0,0.0,,False,True,True,False,p2_only_missing,False,2,7.0,True,True,False,True,True,False,True,True
4524,1517,Austria,2020-05-20,2020-05-27,0.0,7.0,0.0,0.0,False,False,False,False,both_available,False,3,7.0,True,True,False,True,True,True,False,True
4525,1517,Austria,2020-05-27,2020-06-03,0.0,7.0,0.0,0.0,False,False,False,False,both_available,False,4,7.0,True,True,False,True,True,True,False,True
4526,1517,Austria,2020-06-03,2020-06-10,0.0,7.0,0.0,0.0,False,False,False,False,both_available,False,5,7.0,True,True,False,True,True,True,False,True
4527,1517,Austria,2020-06-10,2020-06-17,0.0,7.0,0.0,0.0,False,False,False,False,both_available,False,6,7.0,True,True,False,True,True,True,False,True
4528,1517,Austria,2020-06-17,2020-06-24,0.0,7.0,0.0,0.0,False,False,False,False,both_available,False,7,7.0,True,True,False,True,True,True,False,True
4529,1517,Austria,2020-06-24,2020-07-01,0.0,7.0,0.0,0.0,False,False,False,False,both_available,False,8,7.0,True,True,False,True,True,True,False,True
4530,1517,Austria,2020-07-01,2020-07-08,0.0,7.0,0.0,0.0,False,False,False,False,both_available,False,9,7.0,True,True,False,True,True,True,False,True
4531,1517,Austria,2020-07-08,2020-07-15,0.0,7.0,0.0,0.0,False,False,False,False,both_available,False,10,7.0,True,True,False,True,True,True,False,True
4532,1517,Austria,2020-07-15,2020-07-22,0.0,7.0,0.0,0.0,False,False,False,False,both_available,False,11,7.0,True,True,False,True,True,True,False,True
4533,1517,Austria,2020-07-22,2020-07-29,0.0,7.0,0.0,0.0,False,False,False,False,both_available,False,12,7.0,True,True,False,True,True,True,False,True
4534,1517,Austria,2020-07-29,2020-08-05,0.0,7.0,0.0,0.0,False,False,False,False,both_available,False,13,7.0,True,True,False,True,True,True,False,True
4535,1517,Austria,2020-08-05,2020-08-12,0.0,7.0,0.0,0.0,False,False,False,False,both_available,False,14,7.0,True,True,False,True,True,True,False,True
4536,1517,Austria,2020-08-12,2020-08-19,0.0,7.0,0.0,0.0,False,False,False,False,both_available,False,15,7.0,True,True,False,True,True,True,False,True
4537,1517,Austria,2020-08-19,2020-08-26,0.0,7.0,0.0,0.0,False,False,False,False,both_available,False,16,7.0,True,True,False,True,True,True,False,True
4538,1517,Austria,2020-08-26,2020-09-02,0.0,7.0,0.0,0.0,False,False,False,False,both_available,False,17,7.0,True,True,False,True,True,True,False,True
4539,1517,Austria,2020-09-02,2020-09-09,0.0,7.0,0.0,0.0,False,False,False,False,both_available,False,18,7.0,True,True,False,True,True,True,False,True
4540,1517,Austria,2020-09-09,2020-09-16,0.0,7.0,0.0,0.0,False,False,False,False,both_available,False,19,7.0,True,True,False,True,True,True,False,True
4541,1517,Austria,2020-09-16,2020-09-23,0.0,7.0,0.0,0.0,False,False,False,False,both_available,False,20,7.0,True,True,False,True,True,True,False,True
4542,1517,Austria,2020-09-23,2020-09-30,0.0,7.0,0.0,0.0,False,False,False,False,both_available,False,21,7.0,True,True,False,True,True,True,False,True
4543,1517,Austria,2020-09-30,2020-10-07,0.0,7.0,0.0,0.0,False,False,False,False,both_available,False,22,7.0,True,True,False,True,True,True,False,True
4544,1517,Austria,2020-10-07,2020-10-14,0.0,7.0,0.0,0.0,False,False,False,False,both_available,False,23,7.0,True,True,False,True,True,True,False,True
4545,1517,Austria,2020-10-14,2020-10-21,0.0,7.0,0.0,0.0,False,False,False,False,both_available,False,24,7.0,True,True,False,True,True,True,False,True
4546,1517,Austria,2020-10-21,2020-10-28,0.0,7.0,0.0,0.0,False,False,False,False,both_available,False,25,7.0,True,True,False,True,True,True,False,True
4547,1518,Austria,2020-05-07,2020-05-14,0.0,7.0,,,True,True,True,True,both_missing,False,1,,True,False,True,False,True,False,True,False
4548,1518,Austria,2020-05-14,2020-05-22,0.0,8.0,0.0,,False,True,True,False,p2_only_missing,False,2,8.0,True,True,False,True,True,False,True,True
4549,1518,Austria,2020-05-22,2020-05-28,0.0,6.0,0.0,0.0,False,False,False,False,both_available,False,3,6.0,True,True,False,True,True,True,False,True
4550,1518,Austria,2020-05-28,2020-06-04,0.0,7.0,0.0,0.0,False,False,False,False,both_available,False,4,7.0,True,True,False,True,True,True,False,True
4551,1518,Austria,2020-06-04,2020-06-10,0.0,6.0,0.0,0.0,False,False,False,False,both_available,False,5,6.0,True,True,False,True,True,True,False,True
4552,1518,Austria,2020-06-10,2020-06-18,0.0,8.0,0.0,0.0,False,False,False,False,both_available,False,6,8.0,True,True,False,True,True,True,False,True
4553,1518,Austria,2020-06-18,2020-06-25,0.0,7.0,0.0,0.0,False,False,False,False,both_available,False,7,7.0,True,True,False,True,True,True,False,True
4554,1518,Austria,2020-07-02,2020-07-09,0.0,7.0,,0.0,True,False,True,False,p1_only_missing,False,8,14.0,True,False,False,True,True,True,False,True
4555,1518,Austria,2020-07-09,2020-07-16,0.0,7.0,0.0,,False,True,True,False,p2_only_missing,False,9,7.0,True,True,False,True,True,False,False,True
4556,1518,Austria,2020-07-16,2020-07-23,0.0,7.0,0.0,0.0,False,False,False,False,both_available,False,10,7.0,True,True,False,True,True,True,False,True
4557,1518,Austria,2020-08-06,2020-08-13,0.0,7.0,0.0,,False,True,True,False,p2_only_missing,False,11,21.0,True,False,False,True,True,False,False,True
4558,1518,Austria,2020-08-13,2020-08-20,0.0,7.0,0.0,0.0,False,False,False,False,both_available,False,12,7.0,True,True,False,True,True,False,False,True
4559,1518,Austria,2020-08-19,2020-08-26,0.0,7.0,0.0,0.0,False,False,False,False,both_available,False,13,6.0,True,True,False,True,True,True,False,True
4560,1518,Austria,2020-08-26,2020-09-03,0.0,8.0,0.0,0.0,False,False,False,False,both_available,False,14,8.0,True,True,False,True,True,True,False,True
4561,1518,Austria,2020-09-03,2020-09-10,0.0,7.0,0.0,0.0,False,False,False,False,both_available,False,15,7.0,True,True,False,True,True,True,False,True
4562,1518,Austria,2020-09-24,2020-10-01,0.0,7.0,0.0,0.0,False,False,False,False,both_available,False,16,21.0,True,False,False,True,True,False,False,True
4563,1518,Austria,2020-10-01,2020-10-08,0.0,7.0,0.0,0.0,False,False,False,False,both_available,False,17,7.0,True,True,False,True,True,False,False,True
4564,1518,Austria,2020-10-08,2020-10-14,0.0,6.0,0.0,0.0,False,False,False,False,both_available,False,18,6.0,True,True,False,True,True,True,False,True
4565,1518,Austria,2020-10-14,2020-10-21,0.0,7.0,0.0,0.0,False,False,False,False,both_available,False,19,7.0,True,True,False,True,True,True,False,True
4566,1518,Austria,2020-10-21,2020-10-28,0.0,7.0,0.0,0.0,False,False,False,False,both_available,False,20,7.0,True,True,False,True,True,True,False,True
4567,1519,Austria,2020-03-28,2020-04-04,0.0,7.0,,,True,True,True,True,both_missing,False,1,,True,False,True,False,True,False,True,False
4568,1519,Austria,2020-04-04,2020-04-11,0.0,7.0,0.0,,False,True,True,False,p2_only_missing,False,2,7.0,True,True,False,True,True,False,True,True
4569,1519,Austria,2020-04-25,2020-05-02,0.0,7.0,0.0,0.0,False,False,False,False,both_available,False,3,21.0,True,False,False,True,True,False,False,True
4570,1519,Austria,2020-05-07,2020-05-14,0.0,7.0,0.0,0.0,False,False,False,False,both_available,False,4,12.0,True,False,False,True,True,True,False,True
4571,1519,Austria,2020-05-14,2020-05-22,0.0,8.0,0.0,0.0,False,False,False,False,both_available,False,5,8.0,True,True,False,True,True,False,False,True
4572,1519,Austria,2020-05-22,2020-05-28,0.0,6.0,0.0,0.0,False,False,False,False,both_available,False,6,6.0,True,True,False,True,True,True,False,True
4573,1519,Austria,2020-05-28,2020-06-04,0.0,7.0,0.0,0.0,False,False,False,False,both_available,False,7,7.0,True,True,False,True,True,True,False,True
4574,1519,Austria,2020-06-04,2020-06-10,0.0,6.0,0.0,0.0,False,False,False,False,both_available,False,8,6.0,True,True,False,True,True,True,False,True
4575,1519,Austria,2020-06-10,2020-06-18,0.0,8.0,0.0,0.0,False,False,False,False,both_available,False,9,8.0,True,True,False,True,True,True,False,True
4576,1519,Austria,2020-06-18,2020-06-25,0.0,7.0,0.0,0.0,False,False,False,False,both_available,False,10,7.0,True,True,False,True,True,True,False,True
4577,1519,Austria,2020-06-25,2020-07-02,0.0,7.0,0.0,0.0,False,False,False,False,both_available,False,11,7.0,True,True,False,True,True,True,False,True
4578,1519,Austria,2020-07-02,2020-07-09,0.0,7.0,0.0,0.0,False,False,False,False,both_available,False,12,7.0,True,True,False,True,True,True,False,True
4579,1519,Austria,2020-07-16,2020-07-23,0.0,7.0,,0.0,True,False,True,False,p1_only_missing,False,13,14.0,True,False,False,True,True,True,False,True
4580,1519,Austria,2020-07-23,2020-07-30,0.0,7.0,0.0,,False,True,True,False,p2_only_missing,False,14,7.0,True,True,False,True,True,False,False,True
4581,1519,Austria,2020-07-30,2020-08-06,0.0,7.0,0.0,0.0,False,False,False,False,both_available,False,15,7.0,True,True,False,True,True,True,False,True
4582,1519,Austria,2020-08-06,2020-08-13,0.0,7.0,0.0,0.0,False,False,False,False,both_available,False,16,7.0,True,True,False,True,True,True,False,True
4583,1519,Austria,2020-08-13,2020-08-20,0.0,7.0,0.0,0.0,False,False,False,False,both_available,False,17,7.0,True,True,False,True,True,True,False,True
4584,1519,Austria,2020-08-19,2020-08-26,0.0,7.0,0.0,0.0,False,False,False,False,both_available,False,18,6.0,True,True,False,True,True,True,False,True
4585,1519,Austria,2020-08-26,2020-09-03,0.0,8.0,0.0,0.0,False,False,False,False,both_available,False,19,8.0,True,True,False,True,True,True,False,True
4586,1519,Austria,2020-09-03,2020-09-10,0.0,7.0,0.0,0.0,False,False,False,False,both_available,False,20,7.0,True,True,False,True,True,True,False,True
4587,1519,Austria,2020-09-24,2020-10-01,0.0,7.0,0.0,0.0,False,False,False,False,both_available,False,21,21.0,True,False,False,True,True,False,False,True
4588,1519,Austria,2020-10-01,2020-10-08,0.0,7.0,0.0,0.0,False,False,False,False,both_available,False,22,7.0,True,True,False,True,True,False,False,True
4589,1519,Austria,2020-10-08,2020-10-14,0.0,6.0,0.0,0.0,False,False,False,False,both_available,False,23,6.0,True,True,False,True,True,True,False,True
4590,1519,Austria,2020-10-14,2020-10-21,0.0,7.0,0.0,0.0,False,False,False,False,both_available,False,24,7.0,True,True,False,True,True,True,False,True
4591,1519,Austria,2020-10-21,2020-10-28,0.0,7.0,0.0,0.0,False,False,False,False,both_available,False,25,7.0,True,True,False,True,True,True,False,True
4592,1520,Austria,2020-05-07,2020-05-14,0.0,7.0,,,True,True,True,True,both_missing,False,1,,True,False,True,False,True,False,True,False
4593,1520,Austria,2020-05-14,2020-05-22,0.0,8.0,0.0,,False,True,True,False,p2_only_missing,False,2,8.0,True,True,False,True,True,False,True,True
4594,1520,Austria,2020-05-22,2020-05-28,0.0,6.0,0.0,0.0,False,False,False,False,both_available,False,3,6.0,True,True,False,True,True,True,False,True
4595,1520,Austria,2020-05-28,2020-06-04,0.0,7.0,0.0,0.0,False,False,False,False,both_available,False,4,7.0,True,True,False,True,True,True,False,True
4596,1520,Austria,2020-06-04,2020-06-10,0.0,6.0,0.0,0.0,False,False,False,False,both_available,False,5,6.0,True,True,False,True,True,True,False,True
4597,1520,Austria,2020-06-10,2020-06-18,0.0,8.0,0.0,0.0,False,False,False,False,both_available,False,6,8.0,True,True,False,True,True,True,False,True
4598,1520,Austria,2020-06-18,2020-06-25,0.0,7.0,0.0,0.0,False,False,False,False,both_available,False,7,7.0,True,True,False,True,True,True,False,True
4599,1520,Austria,2020-06-25,2020-07-02,0.0,7.0,0.0,0.0,False,False,False,False,both_available,False,8,7.0,True,True,False,True,True,True,False,True
4600,1520,Austria,2020-07-09,2020-07-16,0.0,7.0,,0.0,True,False,True,False,p1_only_missing,False,9,14.0,True,False,False,True,True,True,False,True
4601,1520,Austria,2020-07-16,2020-07-23,0.0,7.0,0.0,,False,True,True,False,p2_only_missing,False,10,7.0,True,True,False,True,True,False,False,True
4602,1520,Austria,2020-08-06,2020-08-13,0.0,7.0,0.0,,False,True,True,False,p2_only_missing,False,11,21.0,True,False,False,True,True,False,False,True
4603,1520,Austria,2020-08-26,2020-09-03,0.0,8.0,0.0,,False,True,True,False,p2_only_missing,False,12,21.0,True,False,False,True,True,False,False,True
4604,1520,Austria,2020-09-03,2020-09-10,0.0,7.0,0.0,0.0,False,False,False,False,both_available,False,13,7.0,True,True,False,True,True,False,False,True
4605,1520,Austria,2020-09-24,2020-10-01,0.0,7.0,0.0,0.0,False,False,False,False,both_available,False,14,21.0,True,False,False,True,True,False,False,True
4606,1520,Austria,2020-10-01,2020-10-08,0.0,7.0,0.0,0.0,False,False,False,False,both_available,False,15,7.0,True,True,False,True,True,False,False,True
4607,1520,Austria,2020-10-08,2020-10-14,0.0,6.0,0.0,0.0,False,False,False,False,both_available,False,16,6.0,True,True,False,True,True,True,False,True
4608,1520,Austria,2020-10-14,2020-10-21,0.0,7.0,0.0,0.0,False,False,False,False,both_available,False,17,7.0,True,True,False,True,True,True,False,True
4609,1520,Austria,2020-10-21,2020-10-28,0.0,7.0,0.0,0.0,False,False,False,False,both_available,False,18,7.0,True,True,False,True,True,True,False,True
4610,1521,Austria,2020-05-07,2020-05-14,0.0,7.0,,,True,True,True,True,both_missing,False,1,,True,False,True,False,True,False,True,False
4611,1521,Austria,2020-05-14,2020-05-22,0.0,8.0,0.0,,False,True,True,False,p2_only_missing,False,2,8.0,True,True,False,True,True,False,True,True
4612,1521,Austria,2020-05-22,2020-05-28,0.0,6.0,0.0,0.0,False,False,False,False,both_available,False,3,6.0,True,True,False,True,True,True,False,True
4613,1521,Austria,2020-05-28,2020-06-04,0.0,7.0,0.0,0.0,False,False,False,False,both_available,False,4,7.0,True,True,False,True,True,True,False,True
4614,1521,Austria,2020-06-04,2020-06-10,0.0,6.0,0.0,0.0,False,False,False,False,both_available,False,5,6.0,True,True,False,True,True,True,False,True
4615,1521,Austria,2020-06-10,2020-06-18,0.0,8.0,0.0,0.0,False,False,False,False,both_available,False,6,8.0,True,True,False,True,True,True,False,True
4616,1521,Austria,2020-06-18,2020-06-25,0.0,7.0,0.0,0.0,False,False,False,False,both_available,False,7,7.0,True,True,False,True,True,True,False,True
4617,1521,Austria,2020-06-25,2020-07-02,0.0,7.0,0.0,0.0,False,False,False,False,both_available,False,8,7.0,True,True,False,True,True,True,False,True
4618,1521,Austria,2020-07-02,2020-07-09,0.0,7.0,0.0,0.0,False,False,False,False,both_available,False,9,7.0,True,True,False,True,True,True,False,True
4619,1521,Austria,2020-07-09,2020-07-16,0.0,7.0,0.0,0.0,False,False,False,False,both_available,False,10,7.0,True,True,False,True,True,True,False,True
4620,1521,Austria,2020-07-16,2020-07-23,0.0,7.0,0.0,0.0,False,False,False,False,both_available,False,11,7.0,True,True,False,True,True,True,False,True
4621,1521,Austria,2020-08-06,2020-08-13,0.0,7.0,0.0,,False,True,True,False,p2_only_missing,False,12,21.0,True,False,False,True,True,False,False,True
4622,1521,Austria,2020-08-13,2020-08-20,0.0,7.0,0.0,0.0,False,False,False,False,both_available,False,13,7.0,True,True,False,True,True,False,False,True
4623,1521,Austria,2020-08-19,2020-08-26,0.0,7.0,0.0,0.0,False,False,False,False,both_available,False,14,6.0,True,True,False,True,True,True,False,True
4624,1521,Austria,2020-08-26,2020-09-03,0.0,8.0,0.0,0.0,False,False,False,False,both_available,False,15,8.0,True,True,False,True,True,True,False,True
4625,1521,Austria,2020-09-03,2020-09-10,0.0,7.0,0.0,0.0,False,False,False,False,both_available,False,16,7.0,True,True,False,True,True,True,False,True
4626,1521,Austria,2020-09-24,2020-10-01,0.0,7.0,0.0,0.0,False,False,False,False,both_available,False,17,21.0,True,False,False,True,True,False,False,True
4627,1521,Austria,2020-10-01,2020-10-08,0.0,7.0,0.0,0.0,False,False,False,False,both_available,False,18,7.0,True,True,False,True,True,False,False,True
4628,1521,Austria,2020-10-08,2020-10-14,0.0,6.0,0.0,0.0,False,False,False,False,both_available,False,19,6.0,True,True,False,True,True,True,False,True
4629,1521,Austria,2020-10-14,2020-10-21,0.0,7.0,0.0,0.0,False,False,False,False,both_available,False,20,7.0,True,True,False,True,True,True,False,True
4630,1521,Austria,2020-10-21,2020-10-28,0.0,7.0,0.0,0.0,False,False,False,False,both_available,False,21,7.0,True,True,False,True,True,True,False,True
4631,1523,Austria,2020-05-25,2020-06-02,0.0,8.0,,,True,True,True,True,both_missing,False,1,,True,False,True,False,True,False,True,False
4632,1523,Austria,2020-06-16,2020-06-23,0.0,7.0,0.0,,False,True,True,False,p2_only_missing,False,2,21.0,True,False,False,True,True,False,False,True
4633,1523,Austria,2020-06-23,2020-06-30,0.0,7.0,0.0,0.0,False,False,False,False,both_available,False,3,7.0,True,True,False,True,True,False,False,True
4634,1523,Austria,2020-06-30,2020-07-06,0.0,6.0,0.0,0.0,False,False,False,False,both_available,False,4,6.0,True,True,False,True,True,True,False,True
4635,1523,Austria,2020-07-06,2020-07-14,0.0,8.0,0.0,0.0,False,False,False,False,both_available,False,5,8.0,True,True,False,True,True,True,False,True
4636,1523,Austria,2020-07-14,2020-07-21,0.0,7.0,0.0,0.0,False,False,False,False,both_available,False,6,7.0,True,True,False,True,True,True,False,True
4637,1523,Austria,2020-07-21,2020-07-28,0.0,7.0,0.0,0.0,False,False,False,False,both_available,False,7,7.0,True,True,False,True,True,True,False,True
4638,1523,Austria,2020-07-28,2020-08-04,0.0,7.0,0.0,0.0,False,False,False,False,both_available,False,8,7.0,True,True,False,True,True,True,False,True
4639,1523,Austria,2020-08-04,2020-08-11,0.0,7.0,0.0,0.0,False,False,False,False,both_available,False,9,7.0,True,True,False,True,True,True,False,True
4640,1523,Austria,2020-08-11,2020-08-18,0.0,7.0,0.0,0.0,False,False,False,False,both_available,False,10,7.0,True,True,False,True,True,True,False,True
4641,1523,Austria,2020-08-18,2020-08-25,0.0,7.0,0.0,0.0,False,False,False,False,both_available,False,11,7.0,True,True,False,True,True,True,False,True
4642,1523,Austria,2020-09-15,2020-09-22,0.0,7.0,0.0,,False,True,True,False,p2_only_missing,False,12,28.0,True,False,False,True,True,False,False,True
4643,1523,Austria,2020-09-22,2020-09-29,0.0,7.0,0.0,0.0,False,False,False,False,both_available,False,13,7.0,True,True,False,True,True,False,False,True
4644,1523,Austria,2020-09-29,2020-10-06,0.0,7.0,0.0,0.0,False,False,False,False,both_available,False,14,7.0,True,True,False,True,True,True,False,True
4645,1523,Austria,2020-10-06,2020-10-13,0.0,7.0,0.0,0.0,False,False,False,False,both_available,False,15,7.0,True,True,False,True,True,True,False,True
4646,1523,Austria,2020-10-13,2020-10-20,0.0,7.0,0.0,0.0,False,False,False,False,both_available,False,16,7.0,True,True,False,True,True,True,False,True
4647,1523,Austria,2020-10-20,2020-10-27,0.0,7.0,0.0,0.0,False,False,False,False,both_available,False,17,7.0,True,True,False,True,True,True,False,True
4648,1523,Austria,2020-10-27,2020-11-03,0.0,7.0,0.0,0.0,False,False,False,False,both_available,False,18,7.0,True,True,False,True,True,True,False,True
4649,1524,Austria,2020-05-25,2020-06-02,0.0,8.0,,,True,True,True,True,both_missing,False,1,,True,False,True,False,True,False,True,False
4650,1524,Austria,2020-06-16,2020-06-23,0.0,7.0,0.0,,False,True,True,False,p2_only_missing,False,2,21.0,True,False,False,True,True,False,False,True
4651,1524,Austria,2020-06-23,2020-06-30,0.0,7.0,0.0,0.0,False,False,False,False,both_available,False,3,7.0,True,True,False,True,True,False,False,True
4652,1524,Austria,2020-07-06,2020-07-14,0.0,8.0,,0.0,True,False,True,False,p1_only_missing,False,4,14.0,True,False,False,True,True,True,False,True
4653,1524,Austria,2020-07-14,2020-07-21,0.0,7.0,0.0,,False,True,True,False,p2_only_missing,False,5,7.0,True,True,False,True,True,False,False,True
4654,1524,Austria,2020-07-21,2020-07-28,0.0,7.0,0.0,0.0,False,False,False,False,both_available,False,6,7.0,True,True,False,True,True,True,False,True
4655,1524,Austria,2020-07-28,2020-08-04,0.0,7.0,0.0,0.0,False,False,False,False,both_available,False,7,7.0,True,True,False,True,True,True,False,True
4656,1524,Austria,2020-08-04,2020-08-11,0.0,7.0,0.0,0.0,False,False,False,False,both_available,False,8,7.0,True,True,False,True,True,True,False,True
4657,1524,Austria,2020-08-11,2020-08-18,0.0,7.0,0.0,0.0,False,False,False,False,both_available,False,9,7.0,True,True,False,True,True,True,False,True
4658,1524,Austria,2020-08-18,2020-08-25,0.0,7.0,0.0,0.0,False,False,False,False,both_available,False,10,7.0,True,True,False,True,True,True,False,True
4659,1524,Austria,2020-09-15,2020-09-22,0.0,7.0,0.0,,False,True,True,False,p2_only_missing,False,11,28.0,True,False,False,True,True,False,False,True
4660,1524,Austria,2020-09-22,2020-09-29,0.0,7.0,0.0,0.0,False,False,False,False,both_available,False,12,7.0,True,True,False,True,True,False,False,True
4661,1524,Austria,2020-09-29,2020-10-06,0.0,7.0,0.0,0.0,False,False,False,False,both_available,False,13,7.0,True,True,False,True,True,True,False,True
4662,1524,Austria,2020-10-06,2020-10-13,0.0,7.0,0.0,0.0,False,False,False,False,both_available,False,14,7.0,True,True,False,True,True,True,False,True
4663,1524,Austria,2020-10-13,2020-10-20,0.0,7.0,0.0,0.0,False,False,False,False,both_available,False,15,7.0,True,True,False,True,True,True,False,True
4664,1524,Austria,2020-10-20,2020-10-27,0.0,7.0,0.0,0.0,False,False,False,False,both_available,False,16,7.0,True,True,False,True,True,True,False,True
4665,1524,Austria,2020-10-27,2020-11-03,0.0,7.0,0.0,0.0,False,False,False,False,both_available,False,17,7.0,True,True,False,True,True,True,False,True
4666,1525,Austria,2020-05-25,2020-06-02,0.0,8.0,,,True,True,True,True,both_missing,False,1,,True,False,True,False,True,False,True,False
4667,1525,Austria,2020-06-16,2020-06-23,0.0,7.0,0.0,,False,True,True,False,p2_only_missing,False,2,21.0,True,False,False,True,True,False,False,True
4668,1525,Austria,2020-06-23,2020-06-30,0.0,7.0,0.0,0.0,False,False,False,False,both_available,False,3,7.0,True,True,False,True,True,False,False,True
4669,1525,Austria,2020-06-30,2020-07-06,0.0,6.0,0.0,0.0,False,False,False,False,both_available,False,4,6.0,True,True,False,True,True,True,False,True
4670,1525,Austria,2020-07-06,2020-07-14,0.0,8.0,0.0,0.0,False,False,False,False,both_available,False,5,8.0,True,True,False,True,True,True,False,True
4671,1525,Austria,2020-07-14,2020-07-21,0.0,7.0,0.0,0.0,False,False,False,False,both_available,False,6,7.0,True,True,False,True,True,True,False,True
4672,1525,Austria,2020-07-21,2020-07-28,0.0,7.0,0.0,0.0,False,False,False,False,both_available,False,7,7.0,True,True,False,True,True,True,False,True
4673,1525,Austria,2020-07-28,2020-08-04,0.0,7.0,0.0,0.0,False,False,False,False,both_available,False,8,7.0,True,True,False,True,True,True,False,True
4674,1525,Austria,2020-08-04,2020-08-11,0.0,7.0,0.0,0.0,False,False,False,False,both_available,False,9,7.0,True,True,False,True,True,True,False,True
4675,1525,Austria,2020-08-11,2020-08-18,0.0,7.0,0.0,0.0,False,False,False,False,both_available,False,10,7.0,True,True,False,True,True,True,False,True
4676,1525,Austria,2020-08-18,2020-08-25,0.0,7.0,0.0,0.0,False,False,False,False,both_available,False,11,7.0,True,True,False,True,True,True,False,True
4677,1525,Austria,2020-09-15,2020-09-22,0.0,7.0,0.0,,False,True,True,False,p2_only_missing,False,12,28.0,True,False,False,True,True,False,False,True
4678,1525,Austria,2020-09-22,2020-09-29,0.0,7.0,0.0,0.0,False,False,False,False,both_available,False,13,7.0,True,True,False,True,True,False,False,True
4679,1525,Austria,2020-09-29,2020-10-06,0.0,7.0,0.0,0.0,False,False,False,False,both_available,False,14,7.0,True,True,False,True,True,True,False,True
4680,1525,Austria,2020-10-06,2020-10-13,0.0,7.0,0.0,0.0,False,False,False,False,both_available,False,15,7.0,True,True,False,True,True,True,False,True
4681,1525,Austria,2020-10-13,2020-10-20,0.0,7.0,0.0,0.0,False,False,False,False,both_available,False,16,7.0,True,True,False,True,True,True,False,True
4682,1525,Austria,2020-10-20,2020-10-27,0.0,7.0,0.0,0.0,False,False,False,False,both_available,False,17,7.0,True,True,False,True,True,True,False,True
4683,1525,Austria,2020-10-27,2020-11-03,0.0,7.0,0.0,0.0,False,False,False,False,both_available,False,18,7.0,True,True,False,True,True,True,False,True
4684,1526,Austria,2020-05-04,2020-05-11,0.0,7.0,,,True,True,True,True,both_missing,False,1,,True,False,True,False,True,False,True,False
4685,1526,Austria,2020-05-11,2020-05-18,0.0,7.0,0.0,,False,True,True,False,p2_only_missing,False,2,7.0,True,True,False,True,True,False,True,True
4686,1526,Austria,2020-05-18,2020-05-25,0.0,7.0,0.0,0.0,False,False,False,False,both_available,False,3,7.0,True,True,False,True,True,True,False,True
4687,1526,Austria,2020-05-25,2020-06-02,0.0,8.0,0.0,0.0,False,False,False,False,both_available,False,4,8.0,True,True,False,True,True,True,False,True
4688,1526,Austria,2020-06-02,2020-06-08,0.0,6.0,0.0,0.0,False,False,False,False,both_available,False,5,6.0,True,True,False,True,True,True,False,True
4689,1526,Austria,2020-06-08,2020-06-15,0.0,7.0,0.0,0.0,False,False,False,False,both_available,False,6,7.0,True,True,False,True,True,True,False,True
4690,1526,Austria,2020-06-15,2020-06-22,0.0,7.0,0.0,0.0,False,False,False,False,both_available,False,7,7.0,True,True,False,True,True,True,False,True
4691,1526,Austria,2020-06-22,2020-06-29,0.0,7.0,0.0,0.0,False,False,False,False,both_available,False,8,7.0,True,True,False,True,True,True,False,True
4692,1526,Austria,2020-06-29,2020-07-06,0.0,7.0,0.0,0.0,False,False,False,False,both_available,False,9,7.0,True,True,False,True,True,True,False,True
4693,1526,Austria,2020-07-06,2020-07-13,0.0,7.0,0.0,0.0,False,False,False,False,both_available,False,10,7.0,True,True,False,True,True,True,False,True
4694,1526,Austria,2020-07-13,2020-07-20,0.0,7.0,0.0,0.0,False,False,False,False,both_available,False,11,7.0,True,True,False,True,True,True,False,True
4695,1526,Austria,2020-07-20,2020-07-27,0.0,7.0,0.0,0.0,False,False,False,False,both_available,False,12,7.0,True,True,False,True,True,True,False,True
4696,1526,Austria,2020-07-27,2020-08-03,0.0,7.0,0.0,0.0,False,False,False,False,both_available,False,13,7.0,True,True,False,True,True,True,False,True
4697,1526,Austria,2020-08-03,2020-08-10,0.0,7.0,0.0,0.0,False,False,False,False,both_available,False,14,7.0,True,True,False,True,True,True,False,True
4698,1526,Austria,2020-08-10,2020-08-17,0.0,7.0,0.0,0.0,False,False,False,False,both_available,False,15,7.0,True,True,False,True,True,True,False,True
4699,1526,Austria,2020-08-17,2020-08-24,0.0,7.0,0.0,0.0,False,False,False,False,both_available,False,16,7.0,True,True,False,True,True,True,False,True
4700,1526,Austria,2020-08-24,2020-08-31,0.0,7.0,0.0,0.0,False,False,False,False,both_available,False,17,7.0,True,True,False,True,True,True,False,True
4701,1526,Austria,2020-08-31,2020-09-07,0.0,7.0,0.0,0.0,False,False,False,False,both_available,False,18,7.0,True,True,False,True,True,True,False,True
4702,1526,Austria,2020-09-07,2020-09-14,0.0,7.0,0.0,0.0,False,False,False,False,both_available,False,19,7.0,True,True,False,True,True,True,False,True
4703,1526,Austria,2020-09-14,2020-09-21,0.0,7.0,0.0,0.0,False,False,False,False,both_available,False,20,7.0,True,True,False,True,True,True,False,True
4704,1526,Austria,2020-09-21,2020-09-28,0.0,7.0,0.0,0.0,False,False,False,False,both_available,False,21,7.0,True,True,False,True,True,True,False,True
4705,1526,Austria,2020-09-28,2020-10-05,0.0,7.0,0.0,0.0,False,False,False,False,both_available,False,22,7.0,True,True,False,True,True,True,False,True
4706,1526,Austria,2020-10-05,2020-10-12,0.0,7.0,0.0,0.0,False,False,False,False,both_available,False,23,7.0,True,True,False,True,True,True,False,True
4707,1527,Austria,2020-05-25,2020-06-02,0.0,8.0,,,True,True,True,True,both_missing,False,1,,True,False,True,False,True,False,True,False
4708,1527,Austria,2020-06-16,2020-06-23,0.0,7.0,0.0,,False,True,True,False,p2_only_missing,False,2,21.0,True,False,False,True,True,False,False,True
4709,1527,Austria,2020-06-23,2020-06-30,0.0,7.0,0.0,0.0,False,False,False,False,both_available,False,3,7.0,True,True,False,True,True,False,False,True
4710,1527,Austria,2020-06-30,2020-07-06,0.0,6.0,0.0,0.0,False,False,False,False,both_available,False,4,6.0,True,True,False,True,True,True,False,True
4711,1527,Austria,2020-07-06,2020-07-14,0.0,8.0,0.0,0.0,False,False,False,False,both_available,False,5,8.0,True,True,False,True,True,True,False,True
4712,1527,Austria,2020-07-14,2020-07-21,0.0,7.0,0.0,0.0,False,False,False,False,both_available,False,6,7.0,True,True,False,True,True,True,False,True
4713,1527,Austria,2020-07-21,2020-07-28,0.0,7.0,0.0,0.0,False,False,False,False,both_available,False,7,7.0,True,True,False,True,True,True,False,True
4714,1527,Austria,2020-07-28,2020-08-04,0.0,7.0,0.0,0.0,False,False,False,False,both_available,False,8,7.0,True,True,False,True,True,True,False,True
4715,1527,Austria,2020-08-04,2020-08-11,0.0,7.0,0.0,0.0,False,False,False,False,both_available,False,9,7.0,True,True,False,True,True,True,False,True
4716,1527,Austria,2020-08-11,2020-08-18,0.0,7.0,0.0,0.0,False,False,False,False,both_available,False,10,7.0,True,True,False,True,True,True,False,True
4717,1527,Austria,2020-08-18,2020-08-25,0.0,7.0,0.0,0.0,False,False,False,False,both_available,False,11,7.0,True,True,False,True,True,True,False,True
4718,1527,Austria,2020-09-15,2020-09-22,0.0,7.0,0.0,,False,True,True,False,p2_only_missing,False,12,28.0,True,False,False,True,True,False,False,True
4719,1527,Austria,2020-09-22,2020-09-29,0.0,7.0,0.0,0.0,False,False,False,False,both_available,False,13,7.0,True,True,False,True,True,False,False,True
4720,1527,Austria,2020-09-29,2020-10-06,0.0,7.0,0.0,0.0,False,False,False,False,both_available,False,14,7.0,True,True,False,True,True,True,False,True
4721,1527,Austria,2020-10-06,2020-10-13,0.0,7.0,0.0,0.0,False,False,False,False,both_available,False,15,7.0,True,True,False,True,True,True,False,True
4722,1527,Austria,2020-10-13,2020-10-20,0.0,7.0,0.0,0.0,False,False,False,False,both_available,False,16,7.0,True,True,False,True,True,True,False,True
4723,1527,Austria,2020-10-20,2020-10-27,0.0,7.0,0.0,0.0,False,False,False,False,both_available,False,17,7.0,True,True,False,True,True,True,False,True
4724,1527,Austria,2020-10-27,2020-11-03,0.0,7.0,0.0,0.0,False,False,False,False,both_available,False,18,7.0,True,True,False,True,True,True,False,True
4725,1528,Austria,2020-05-04,2020-05-11,0.0,7.0,,,True,True,True,True,both_missing,False,1,,True,False,True,False,True,False,True,False
4726,1528,Austria,2020-05-11,2020-05-18,0.0,7.0,0.0,,False,True,True,False,p2_only_missing,False,2,7.0,True,True,False,True,True,False,True,True
4727,1528,Austria,2020-05-18,2020-05-25,0.0,7.0,0.0,0.0,False,False,False,False,both_available,False,3,7.0,True,True,False,True,True,True,False,True
4728,1528,Austria,2020-05-25,2020-06-02,0.0,8.0,0.0,0.0,False,False,False,False,both_available,False,4,8.0,True,True,False,True,True,True,False,True
4729,1528,Austria,2020-06-02,2020-06-08,0.0,6.0,0.0,0.0,False,False,False,False,both_available,False,5,6.0,True,True,False,True,True,True,False,True
4730,1528,Austria,2020-06-08,2020-06-15,0.0,7.0,0.0,0.0,False,False,False,False,both_available,False,6,7.0,True,True,False,True,True,True,False,True
4731,1528,Austria,2020-06-15,2020-06-22,0.0,7.0,0.0,0.0,False,False,False,False,both_available,False,7,7.0,True,True,False,True,True,True,False,True
4732,1528,Austria,2020-06-22,2020-06-29,0.0,7.0,0.0,0.0,False,False,False,False,both_available,False,8,7.0,True,True,False,True,True,True,False,True
4733,1528,Austria,2020-06-29,2020-07-06,0.0,7.0,0.0,0.0,False,False,False,False,both_available,False,9,7.0,True,True,False,True,True,True,False,True
4734,1528,Austria,2020-07-06,2020-07-13,0.0,7.0,0.0,0.0,False,False,False,False,both_available,False,10,7.0,True,True,False,True,True,True,False,True
4735,1528,Austria,2020-07-13,2020-07-20,0.0,7.0,0.0,0.0,False,False,False,False,both_available,False,11,7.0,True,True,False,True,True,True,False,True
4736,1528,Austria,2020-07-20,2020-07-27,0.0,7.0,0.0,0.0,False,False,False,False,both_available,False,12,7.0,True,True,False,True,True,True,False,True
4737,1528,Austria,2020-07-27,2020-08-03,0.0,7.0,0.0,0.0,False,False,False,False,both_available,False,13,7.0,True,True,False,True,True,True,False,True
4738,1528,Austria,2020-08-03,2020-08-10,0.0,7.0,0.0,0.0,False,False,False,False,both_available,False,14,7.0,True,True,False,True,True,True,False,True
4739,1528,Austria,2020-08-10,2020-08-17,0.0,7.0,0.0,0.0,False,False,False,False,both_available,False,15,7.0,True,True,False,True,True,True,False,True
4740,1528,Austria,2020-08-17,2020-08-24,0.0,7.0,0.0,0.0,False,False,False,False,both_available,False,16,7.0,True,True,False,True,True,True,False,True
4741,1528,Austria,2020-08-24,2020-08-31,0.0,7.0,0.0,0.0,False,False,False,False,both_available,False,17,7.0,True,True,False,True,True,True,False,True
4742,1528,Austria,2020-08-31,2020-09-07,0.0,7.0,0.0,0.0,False,False,False,False,both_available,False,18,7.0,True,True,False,True,True,True,False,True
4743,1528,Austria,2020-09-07,2020-09-14,0.0,7.0,0.0,0.0,False,False,False,False,both_available,False,19,7.0,True,True,False,True,True,True,False,True
4744,1528,Austria,2020-09-14,2020-09-21,0.0,7.0,0.0,0.0,False,False,False,False,both_available,False,20,7.0,True,True,False,True,True,True,False,True
4745,1528,Austria,2020-09-21,2020-09-28,0.0,7.0,0.0,0.0,False,False,False,False,both_available,False,21,7.0,True,True,False,True,True,True,False,True
4746,1528,Austria,2020-09-28,2020-10-05,0.0,7.0,0.0,0.0,False,False,False,False,both_available,False,22,7.0,True,True,False,True,True,True,False,True
4747,1528,Austria,2020-10-05,2020-10-12,0.0,7.0,0.0,0.0,False,False,False,False,both_available,False,23,7.0,True,True,False,True,True,True,False,True
4748,1529,Austria,2020-05-04,2020-05-11,0.0,7.0,,,True,True,True,True,both_missing,False,1,,True,False,True,False,True,False,True,False
4749,1529,Austria,2020-05-11,2020-05-18,0.0,7.0,0.0,,False,True,True,False,p2_only_missing,False,2,7.0,True,True,False,True,True,False,True,True
4750,1529,Austria,2020-05-18,2020-05-25,0.0,7.0,0.0,0.0,False,False,False,False,both_available,False,3,7.0,True,True,False,True,True,True,False,True
4751,1529,Austria,2020-05-25,2020-06-02,0.0,8.0,0.0,0.0,False,False,False,False,both_available,False,4,8.0,True,True,False,True,True,True,False,True
4752,1529,Austria,2020-06-02,2020-06-08,0.0,6.0,0.0,0.0,False,False,False,False,both_available,False,5,6.0,True,True,False,True,True,True,False,True
4753,1529,Austria,2020-06-08,2020-06-15,0.0,7.0,0.0,0.0,False,False,False,False,both_available,False,6,7.0,True,True,False,True,True,True,False,True
4754,1529,Austria,2020-06-15,2020-06-22,0.0,7.0,0.0,0.0,False,False,False,False,both_available,False,7,7.0,True,True,False,True,True,True,False,True
4755,1529,Austria,2020-06-22,2020-06-29,0.0,7.0,0.0,0.0,False,False,False,False,both_available,False,8,7.0,True,True,False,True,True,True,False,True
4756,1529,Austria,2020-06-29,2020-07-06,0.0,7.0,0.0,0.0,False,False,False,False,both_available,False,9,7.0,True,True,False,True,True,True,False,True
4757,1529,Austria,2020-07-06,2020-07-13,0.0,7.0,0.0,0.0,False,False,False,False,both_available,False,10,7.0,True,True,False,True,True,True,False,True
4758,1529,Austria,2020-07-13,2020-07-20,0.0,7.0,0.0,0.0,False,False,False,False,both_available,False,11,7.0,True,True,False,True,True,True,False,True
4759,1529,Austria,2020-07-20,2020-07-27,0.0,7.0,0.0,0.0,False,False,False,False,both_available,False,12,7.0,True,True,False,True,True,True,False,True
4760,1529,Austria,2020-07-27,2020-08-03,0.0,7.0,0.0,0.0,False,False,False,False,both_available,False,13,7.0,True,True,False,True,True,True,False,True
4761,1529,Austria,2020-08-03,2020-08-10,0.0,7.0,0.0,0.0,False,False,False,False,both_available,False,14,7.0,True,True,False,True,True,True,False,True
4762,1529,Austria,2020-08-10,2020-08-17,0.0,7.0,0.0,0.0,False,False,False,False,both_available,False,15,7.0,True,True,False,True,True,True,False,True
4763,1529,Austria,2020-08-17,2020-08-24,0.0,7.0,0.0,0.0,False,False,False,False,both_available,False,16,7.0,True,True,False,True,True,True,False,True
4764,1529,Austria,2020-08-24,2020-08-31,0.0,7.0,0.0,0.0,False,False,False,False,both_available,False,17,7.0,True,True,False,True,True,True,False,True
4765,1529,Austria,2020-08-31,2020-09-07,0.0,7.0,0.0,0.0,False,False,False,False,both_available,False,18,7.0,True,True,False,True,True,True,False,True
4766,1529,Austria,2020-09-07,2020-09-14,0.0,7.0,0.0,0.0,False,False,False,False,both_available,False,19,7.0,True,True,False,True,True,True,False,True
4767,1529,Austria,2020-09-14,2020-09-21,0.0,7.0,0.0,0.0,False,False,False,False,both_available,False,20,7.0,True,True,False,True,True,True,False,True
4768,1529,Austria,2020-09-21,2020-09-28,0.0,7.0,0.0,0.0,False,False,False,False,both_available,False,21,7.0,True,True,False,True,True,True,False,True
4769,1529,Austria,2020-09-28,2020-10-05,0.0,7.0,0.0,0.0,False,False,False,False,both_available,False,22,7.0,True,True,False,True,True,True,False,True
4770,1529,Austria,2020-10-05,2020-10-12,0.0,7.0,0.0,0.0,False,False,False,False,both_available,False,23,7.0,True,True,False,True,True,True,False,True
4771,1530,Austria,2020-05-25,2020-06-02,0.0,8.0,,,True,True,True,True,both_missing,False,1,,True,False,True,False,True,False,True,False
4772,1530,Austria,2020-06-16,2020-06-23,0.0,7.0,0.0,,False,True,True,False,p2_only_missing,False,2,21.0,True,False,False,True,True,False,False,True
4773,1530,Austria,2020-06-23,2020-06-30,0.0,7.0,0.0,0.0,False,False,False,False,both_available,False,3,7.0,True,True,False,True,True,False,False,True
4774,1530,Austria,2020-06-30,2020-07-06,0.0,6.0,0.0,0.0,False,False,False,False,both_available,False,4,6.0,True,True,False,True,True,True,False,True
4775,1530,Austria,2020-07-06,2020-07-14,0.0,8.0,0.0,0.0,False,False,False,False,both_available,False,5,8.0,True,True,False,True,True,True,False,True
4776,1530,Austria,2020-07-14,2020-07-21,0.0,7.0,0.0,0.0,False,False,False,False,both_available,False,6,7.0,True,True,False,True,True,True,False,True
4777,1530,Austria,2020-07-28,2020-08-04,0.0,7.0,,0.0,True,False,True,False,p1_only_missing,False,7,14.0,True,False,False,True,True,True,False,True
4778,1530,Austria,2020-08-04,2020-08-11,0.0,7.0,0.0,,False,True,True,False,p2_only_missing,False,8,7.0,True,True,False,True,True,False,False,True
4779,1530,Austria,2020-08-18,2020-08-25,0.0,7.0,,0.0,True,False,True,False,p1_only_missing,False,9,14.0,True,False,False,True,True,True,False,True
4780,1530,Austria,2020-09-15,2020-09-22,0.0,7.0,0.0,,False,True,True,False,p2_only_missing,False,10,28.0,True,False,False,True,True,False,False,True
4781,1530,Austria,2020-09-22,2020-09-29,0.0,7.0,0.0,0.0,False,False,False,False,both_available,False,11,7.0,True,True,False,True,True,False,False,True
4782,1530,Austria,2020-10-06,2020-10-13,0.0,7.0,,0.0,True,False,True,False,p1_only_missing,False,12,14.0,True,False,False,True,True,True,False,True
4783,1530,Austria,2020-10-13,2020-10-20,0.0,7.0,0.0,,False,True,True,False,p2_only_missing,False,13,7.0,True,True,False,True,True,False,False,True
4784,1530,Austria,2020-10-20,2020-10-27,0.0,7.0,0.0,0.0,False,False,False,False,both_available,False,14,7.0,True,True,False,True,True,True,False,True
4785,1530,Austria,2020-10-27,2020-11-03,0.0,7.0,0.0,0.0,False,False,False,False,both_available,False,15,7.0,True,True,False,True,True,True,False,True
4786,1531,Austria,2020-05-04,2020-05-11,0.0,7.0,,,True,True,True,True,both_missing,False,1,,True,False,True,False,True,False,True,False
4787,1531,Austria,2020-05-11,2020-05-18,0.0,7.0,0.0,,False,True,True,False,p2_only_missing,False,2,7.0,True,True,False,True,True,False,True,True
4788,1531,Austria,2020-05-18,2020-05-25,0.0,7.0,0.0,0.0,False,False,False,False,both_available,False,3,7.0,True,True,False,True,True,True,False,True
4789,1531,Austria,2020-05-25,2020-06-02,0.0,8.0,0.0,0.0,False,False,False,False,both_available,False,4,8.0,True,True,False,True,True,True,False,True
4790,1531,Austria,2020-06-02,2020-06-08,0.0,6.0,0.0,0.0,False,False,False,False,both_available,False,5,6.0,True,True,False,True,True,True,False,True
4791,1531,Austria,2020-06-08,2020-06-15,0.0,7.0,0.0,0.0,False,False,False,False,both_available,False,6,7.0,True,True,False,True,True,True,False,True
4792,1531,Austria,2020-06-15,2020-06-22,0.0,7.0,0.0,0.0,False,False,False,False,both_available,False,7,7.0,True,True,False,True,True,True,False,True
4793,1531,Austria,2020-06-22,2020-06-29,0.0,7.0,0.0,0.0,False,False,False,False,both_available,False,8,7.0,True,True,False,True,True,True,False,True
4794,1531,Austria,2020-06-29,2020-07-06,0.0,7.0,0.0,0.0,False,False,False,False,both_available,False,9,7.0,True,True,False,True,True,True,False,True
4795,1531,Austria,2020-07-06,2020-07-13,0.0,7.0,0.0,0.0,False,False,False,False,both_available,False,10,7.0,True,True,False,True,True,True,False,True
4796,1531,Austria,2020-07-13,2020-07-20,0.0,7.0,0.0,0.0,False,False,False,False,both_available,False,11,7.0,True,True,False,True,True,True,False,True
4797,1531,Austria,2020-07-20,2020-07-27,0.0,7.0,0.0,0.0,False,False,False,False,both_available,False,12,7.0,True,True,False,True,True,True,False,True
4798,1531,Austria,2020-07-27,2020-08-03,0.0,7.0,0.0,0.0,False,False,False,False,both_available,False,13,7.0,True,True,False,True,True,True,False,True
4799,1531,Austria,2020-08-03,2020-08-10,0.0,7.0,0.0,0.0,False,False,False,False,both_available,False,14,7.0,True,True,False,True,True,True,False,True
4800,1531,Austria,2020-08-10,2020-08-17,0.0,7.0,0.0,0.0,False,False,False,False,both_available,False,15,7.0,True,True,False,True,True,True,False,True
4801,1531,Austria,2020-08-17,2020-08-24,0.0,7.0,0.0,0.0,False,False,False,False,both_available,False,16,7.0,True,True,False,True,True,True,False,True
4802,1531,Austria,2020-08-24,2020-08-31,0.0,7.0,0.0,0.0,False,False,False,False,both_available,False,17,7.0,True,True,False,True,True,True,False,True
4803,1531,Austria,2020-08-31,2020-09-07,0.0,7.0,0.0,0.0,False,False,False,False,both_available,False,18,7.0,True,True,False,True,True,True,False,True
4804,1531,Austria,2020-09-07,2020-09-14,0.0,7.0,0.0,0.0,False,False,False,False,both_available,False,19,7.0,True,True,False,True,True,True,False,True
4805,1531,Austria,2020-09-14,2020-09-21,0.0,7.0,0.0,0.0,False,False,False,False,both_available,False,20,7.0,True,True,False,True,True,True,False,True
4806,1531,Austria,2020-09-21,2020-09-28,0.0,7.0,0.0,0.0,False,False,False,False,both_available,False,21,7.0,True,True,False,True,True,True,False,True
4807,1531,Austria,2020-09-28,2020-10-05,0.0,7.0,0.0,0.0,False,False,False,False,both_available,False,22,7.0,True,True,False,True,True,True,False,True
4808,1531,Austria,2020-10-05,2020-10-12,0.0,7.0,0.0,0.0,False,False,False,False,both_available,False,23,7.0,True,True,False,True,True,True,False,True
4809,1532,Austria,2020-05-04,2020-05-11,0.0,7.0,,,True,True,True,True,both_missing,False,1,,True,False,True,False,True,False,True,False
4810,1532,Austria,2020-05-11,2020-05-18,0.0,7.0,0.0,,False,True,True,False,p2_only_missing,False,2,7.0,True,True,False,True,True,False,True,True
4811,1532,Austria,2020-05-18,2020-05-25,0.0,7.0,0.0,0.0,False,False,False,False,both_available,False,3,7.0,True,True,False,True,True,True,False,True
4812,1532,Austria,2020-05-25,2020-06-02,0.0,8.0,0.0,0.0,False,False,False,False,both_available,False,4,8.0,True,True,False,True,True,True,False,True
4813,1532,Austria,2020-06-02,2020-06-08,0.0,6.0,0.0,0.0,False,False,False,False,both_available,False,5,6.0,True,True,False,True,True,True,False,True
4814,1532,Austria,2020-06-08,2020-06-15,0.0,7.0,0.0,0.0,False,False,False,False,both_available,False,6,7.0,True,True,False,True,True,True,False,True
4815,1532,Austria,2020-06-15,2020-06-22,0.0,7.0,0.0,0.0,False,False,False,False,both_available,False,7,7.0,True,True,False,True,True,True,False,True
4816,1532,Austria,2020-06-22,2020-06-29,0.0,7.0,0.0,0.0,False,False,False,False,both_available,False,8,7.0,True,True,False,True,True,True,False,True
4817,1532,Austria,2020-06-29,2020-07-06,0.0,7.0,0.0,0.0,False,False,False,False,both_available,False,9,7.0,True,True,False,True,True,True,False,True
4818,1532,Austria,2020-07-06,2020-07-13,0.0,7.0,0.0,0.0,False,False,False,False,both_available,False,10,7.0,True,True,False,True,True,True,False,True
4819,1532,Austria,2020-07-13,2020-07-20,0.0,7.0,0.0,0.0,False,False,False,False,both_available,False,11,7.0,True,True,False,True,True,True,False,True
4820,1532,Austria,2020-07-20,2020-07-27,0.0,7.0,0.0,0.0,False,False,False,False,both_available,False,12,7.0,True,True,False,True,True,True,False,True
4821,1532,Austria,2020-07-27,2020-08-03,0.0,7.0,0.0,0.0,False,False,False,False,both_available,False,13,7.0,True,True,False,True,True,True,False,True
4822,1532,Austria,2020-08-03,2020-08-10,0.0,7.0,0.0,0.0,False,False,False,False,both_available,False,14,7.0,True,True,False,True,True,True,False,True
4823,1532,Austria,2020-08-10,2020-08-17,0.0,7.0,0.0,0.0,False,False,False,False,both_available,False,15,7.0,True,True,False,True,True,True,False,True
4824,1532,Austria,2020-08-17,2020-08-24,0.0,7.0,0.0,0.0,False,False,False,False,both_available,False,16,7.0,True,True,False,True,True,True,False,True
4825,1532,Austria,2020-08-24,2020-08-31,0.0,7.0,0.0,0.0,False,False,False,False,both_available,False,17,7.0,True,True,False,True,True,True,False,True
4826,1532,Austria,2020-08-31,2020-09-07,0.0,7.0,0.0,0.0,False,False,False,False,both_available,False,18,7.0,True,True,False,True,True,True,False,True
4827,1532,Austria,2020-09-07,2020-09-14,0.0,7.0,0.0,0.0,False,False,False,False,both_available,False,19,7.0,True,True,False,True,True,True,False,True
4828,1532,Austria,2020-09-14,2020-09-21,0.0,7.0,0.0,0.0,False,False,False,False,both_available,False,20,7.0,True,True,False,True,True,True,False,True
4829,1532,Austria,2020-09-21,2020-09-28,0.0,7.0,0.0,0.0,False,False,False,False,both_available,False,21,7.0,True,True,False,True,True,True,False,True
4830,1532,Austria,2020-09-28,2020-10-05,0.0,7.0,0.0,0.0,False,False,False,False,both_available,False,22,7.0,True,True,False,True,True,True,False,True
4831,1532,Austria,2020-10-05,2020-10-12,0.0,7.0,0.0,0.0,False,False,False,False,both_available,False,23,7.0,True,True,False,True,True,True,False,True
4832,1534,Austria,2020-05-05,2020-05-12,0.0,7.0,,,True,True,True,True,both_missing,False,1,,True,False,True,False,True,False,True,False
4833,1534,Austria,2020-05-12,2020-05-19,0.0,7.0,0.0,,False,True,True,False,p2_only_missing,False,2,7.0,True,True,False,True,True,False,True,True
4834,1534,Austria,2020-05-19,2020-05-26,0.0,7.0,0.0,0.0,False,False,False,False,both_available,False,3,7.0,True,True,False,True,True,True,False,True
4835,1534,Austria,2020-05-26,2020-06-02,0.0,7.0,0.0,0.0,False,False,False,False,both_available,False,4,7.0,True,True,False,True,True,True,False,True
4836,1534,Austria,2020-06-02,2020-06-09,0.0,7.0,0.0,0.0,False,False,False,False,both_available,False,5,7.0,True,True,False,True,True,True,False,True
4837,1534,Austria,2020-06-09,2020-06-16,0.0,7.0,0.0,0.0,False,False,False,False,both_available,False,6,7.0,True,True,False,True,True,True,False,True
4838,1534,Austria,2020-06-16,2020-06-23,0.0,7.0,0.0,0.0,False,False,False,False,both_available,False,7,7.0,True,True,False,True,True,True,False,True
4839,1534,Austria,2020-06-23,2020-06-30,0.0,7.0,0.0,0.0,False,False,False,False,both_available,False,8,7.0,True,True,False,True,True,True,False,True
4840,1534,Austria,2020-07-07,2020-07-14,0.0,7.0,,0.0,True,False,True,False,p1_only_missing,False,9,14.0,True,False,False,True,True,True,False,True
4841,1534,Austria,2020-07-14,2020-07-21,0.0,7.0,0.0,,False,True,True,False,p2_only_missing,False,10,7.0,True,True,False,True,True,False,False,True
4842,1534,Austria,2020-07-21,2020-07-28,0.0,7.0,0.0,0.0,False,False,False,False,both_available,False,11,7.0,True,True,False,True,True,True,False,True
4843,1534,Austria,2020-07-28,2020-08-04,0.0,7.0,0.0,0.0,False,False,False,False,both_available,False,12,7.0,True,True,False,True,True,True,False,True
4844,1534,Austria,2020-08-04,2020-08-11,0.0,7.0,0.0,0.0,False,False,False,False,both_available,False,13,7.0,True,True,False,True,True,True,False,True
4845,1534,Austria,2020-08-11,2020-08-18,0.0,7.0,0.0,0.0,False,False,False,False,both_available,False,14,7.0,True,True,False,True,True,True,False,True
4846,1534,Austria,2020-08-18,2020-08-25,0.0,7.0,0.0,0.0,False,False,False,False,both_available,False,15,7.0,True,True,False,True,True,True,False,True
4847,1534,Austria,2020-08-25,2020-09-01,0.0,7.0,0.0,0.0,False,False,False,False,both_available,False,16,7.0,True,True,False,True,True,True,False,True
4848,1534,Austria,2020-09-01,2020-09-08,0.0,7.0,0.0,0.0,False,False,False,False,both_available,False,17,7.0,True,True,False,True,True,True,False,True
4849,1534,Austria,2020-09-08,2020-09-15,0.0,7.0,0.0,0.0,False,False,False,False,both_available,False,18,7.0,True,True,False,True,True,True,False,True
4850,1534,Austria,2020-09-15,2020-09-22,0.0,7.0,0.0,0.0,False,False,False,False,both_available,False,19,7.0,True,True,False,True,True,True,False,True
4851,1534,Austria,2020-09-22,2020-09-29,0.0,7.0,0.0,0.0,False,False,False,False,both_available,False,20,7.0,True,True,False,True,True,True,False,True
4852,1534,Austria,2020-10-06,2020-10-13,0.0,7.0,,0.0,True,False,True,False,p1_only_missing,False,21,14.0,True,False,False,True,True,True,False,True
4853,1534,Austria,2020-10-13,2020-10-20,0.0,7.0,0.0,,False,True,True,False,p2_only_missing,False,22,7.0,True,True,False,True,True,False,False,True
4854,1534,Austria,2020-10-20,2020-10-27,0.0,7.0,0.0,0.0,False,False,False,False,both_available,False,23,7.0,True,True,False,True,True,True,False,True
4855,1534,Austria,2020-10-27,2020-11-03,0.0,7.0,0.0,0.0,False,False,False,False,both_available,False,24,7.0,True,True,False,True,True,True,False,True
4856,1535,Austria,2020-05-05,2020-05-12,0.0,7.0,,,True,True,True,True,both_missing,False,1,,True,False,True,False,True,False,True,False
4857,1535,Austria,2020-05-19,2020-05-26,0.0,7.0,,0.0,True,False,True,False,p1_only_missing,False,2,14.0,True,False,False,True,True,True,False,True
4858,1535,Austria,2020-05-26,2020-06-02,0.0,7.0,0.0,,False,True,True,False,p2_only_missing,False,3,7.0,True,True,False,True,True,False,False,True
4859,1535,Austria,2020-06-02,2020-06-09,0.0,7.0,0.0,0.0,False,False,False,False,both_available,False,4,7.0,True,True,False,True,True,True,False,True
4860,1535,Austria,2020-06-09,2020-06-16,0.0,7.0,0.0,0.0,False,False,False,False,both_available,False,5,7.0,True,True,False,True,True,True,False,True
4861,1535,Austria,2020-06-16,2020-06-23,0.0,7.0,0.0,0.0,False,False,False,False,both_available,False,6,7.0,True,True,False,True,True,True,False,True
4862,1535,Austria,2020-06-23,2020-06-30,0.0,7.0,0.0,0.0,False,False,False,False,both_available,False,7,7.0,True,True,False,True,True,True,False,True
4863,1535,Austria,2020-07-14,2020-07-21,0.0,7.0,,,True,True,True,True,both_missing,False,8,21.0,True,False,False,True,True,False,False,True
4864,1535,Austria,2020-07-21,2020-07-28,0.0,7.0,0.0,,False,True,True,False,p2_only_missing,False,9,7.0,True,True,False,True,True,False,False,True
4865,1535,Austria,2020-08-25,2020-09-01,0.0,7.0,,,True,True,True,True,both_missing,False,10,35.0,True,False,False,True,True,False,False,True
4866,1535,Austria,2020-09-15,2020-09-22,0.0,7.0,,,True,True,True,True,both_missing,False,11,21.0,True,False,False,True,True,False,False,True
4867,1535,Austria,2020-09-22,2020-09-29,0.0,7.0,0.0,,False,True,True,False,p2_only_missing,False,12,7.0,True,True,False,True,True,False,False,True
4868,1535,Austria,2020-09-29,2020-10-06,0.0,7.0,0.0,0.0,False,False,False,False,both_available,False,13,7.0,True,True,False,True,True,True,False,True
4869,1535,Austria,2020-10-06,2020-10-13,0.0,7.0,0.0,0.0,False,False,False,False,both_available,False,14,7.0,True,True,False,True,True,True,False,True
4870,1535,Austria,2020-10-13,2020-10-20,0.0,7.0,0.0,0.0,False,False,False,False,both_available,False,15,7.0,True,True,False,True,True,True,False,True
4871,1535,Austria,2020-10-20,2020-10-27,0.0,7.0,0.0,0.0,False,False,False,False,both_available,False,16,7.0,True,True,False,True,True,True,False,True
4872,1535,Austria,2020-10-27,2020-11-03,0.0,7.0,0.0,0.0,False,False,False,False,both_available,False,17,7.0,True,True,False,True,True,True,False,True
4873,1536,Austria,2020-05-05,2020-05-12,0.0,7.0,,,True,True,True,True,both_missing,False,1,,True,False,True,False,True,False,True,False
4874,1536,Austria,2020-05-12,2020-05-19,0.0,7.0,0.0,,False,True,True,False,p2_only_missing,False,2,7.0,True,True,False,True,True,False,True,True
4875,1536,Austria,2020-05-19,2020-05-26,0.0,7.0,0.0,0.0,False,False,False,False,both_available,False,3,7.0,True,True,False,True,True,True,False,True
4876,1536,Austria,2020-05-26,2020-06-02,0.0,7.0,0.0,0.0,False,False,False,False,both_available,False,4,7.0,True,True,False,True,True,True,False,True
4877,1536,Austria,2020-06-02,2020-06-09,0.0,7.0,0.0,0.0,False,False,False,False,both_available,False,5,7.0,True,True,False,True,True,True,False,True
4878,1536,Austria,2020-06-09,2020-06-16,0.0,7.0,0.0,0.0,False,False,False,False,both_available,False,6,7.0,True,True,False,True,True,True,False,True
4879,1536,Austria,2020-06-16,2020-06-23,0.0,7.0,0.0,0.0,False,False,False,False,both_available,False,7,7.0,True,True,False,True,True,True,False,True
4880,1536,Austria,2020-06-23,2020-06-30,0.0,7.0,0.0,0.0,False,False,False,False,both_available,False,8,7.0,True,True,False,True,True,True,False,True
4881,1536,Austria,2020-07-28,2020-08-04,0.0,7.0,,,True,True,True,True,both_missing,False,9,35.0,True,False,False,True,True,False,False,True
4882,1536,Austria,2020-08-04,2020-08-11,0.0,7.0,0.0,,False,True,True,False,p2_only_missing,False,10,7.0,True,True,False,True,True,False,False,True
4883,1536,Austria,2020-08-11,2020-08-18,0.0,7.0,0.0,0.0,False,False,False,False,both_available,False,11,7.0,True,True,False,True,True,True,False,True
4884,1536,Austria,2020-08-18,2020-08-25,0.0,7.0,0.0,0.0,False,False,False,False,both_available,False,12,7.0,True,True,False,True,True,True,False,True
4885,1536,Austria,2020-08-25,2020-09-01,0.0,7.0,0.0,0.0,False,False,False,False,both_available,False,13,7.0,True,True,False,True,True,True,False,True
4886,1536,Austria,2020-09-01,2020-09-08,0.0,7.0,0.0,0.0,False,False,False,False,both_available,False,14,7.0,True,True,False,True,True,True,False,True
4887,1536,Austria,2020-09-15,2020-09-22,0.0,7.0,,0.0,True,False,True,False,p1_only_missing,False,15,14.0,True,False,False,True,True,True,False,True
4888,1536,Austria,2020-09-22,2020-09-29,0.0,7.0,0.0,,False,True,True,False,p2_only_missing,False,16,7.0,True,True,False,True,True,False,False,True
4889,1536,Austria,2020-09-29,2020-10-06,0.0,7.0,0.0,0.0,False,False,False,False,both_available,False,17,7.0,True,True,False,True,True,True,False,True
4890,1536,Austria,2020-10-06,2020-10-13,0.0,7.0,0.0,0.0,False,False,False,False,both_available,False,18,7.0,True,True,False,True,True,True,False,True
4891,1536,Austria,2020-10-13,2020-10-20,0.0,7.0,0.0,0.0,False,False,False,False,both_available,False,19,7.0,True,True,False,True,True,True,False,True
4892,1536,Austria,2020-10-20,2020-10-27,0.0,7.0,0.0,0.0,False,False,False,False,both_available,False,20,7.0,True,True,False,True,True,True,False,True
4893,1536,Austria,2020-10-27,2020-11-03,0.0,7.0,0.0,0.0,False,False,False,False,both_available,False,21,7.0,True,True,False,True,True,True,False,True
4894,1537,Austria,2020-05-05,2020-05-12,0.0,7.0,,,True,True,True,True,both_missing,False,1,,True,False,True,False,True,False,True,False
4895,1537,Austria,2020-05-12,2020-05-19,0.0,7.0,0.0,,False,True,True,False,p2_only_missing,False,2,7.0,True,True,False,True,True,False,True,True
4896,1537,Austria,2020-05-19,2020-05-26,0.0,7.0,0.0,0.0,False,False,False,False,both_available,False,3,7.0,True,True,False,True,True,True,False,True
4897,1537,Austria,2020-05-26,2020-06-02,0.0,7.0,0.0,0.0,False,False,False,False,both_available,False,4,7.0,True,True,False,True,True,True,False,True
4898,1537,Austria,2020-06-02,2020-06-09,0.0,7.0,0.0,0.0,False,False,False,False,both_available,False,5,7.0,True,True,False,True,True,True,False,True
4899,1537,Austria,2020-06-09,2020-06-16,0.0,7.0,0.0,0.0,False,False,False,False,both_available,False,6,7.0,True,True,False,True,True,True,False,True
4900,1537,Austria,2020-06-16,2020-06-23,0.0,7.0,0.0,0.0,False,False,False,False,both_available,False,7,7.0,True,True,False,True,True,True,False,True
4901,1537,Austria,2020-06-30,2020-07-07,0.0,7.0,,0.0,True,False,True,False,p1_only_missing,False,8,14.0,True,False,False,True,True,True,False,True
4902,1537,Austria,2020-07-14,2020-07-21,0.0,7.0,,0.0,True,False,True,False,p1_only_missing,False,9,14.0,True,False,False,True,True,True,False,True
4903,1537,Austria,2020-08-18,2020-08-25,0.0,7.0,,,True,True,True,True,both_missing,False,10,35.0,True,False,False,True,True,False,False,True
4904,1537,Austria,2020-09-01,2020-09-08,0.0,7.0,,0.0,True,False,True,False,p1_only_missing,False,11,14.0,True,False,False,True,True,True,False,True
4905,1537,Austria,2020-09-15,2020-09-22,0.0,7.0,,0.0,True,False,True,False,p1_only_missing,False,12,14.0,True,False,False,True,True,True,False,True
4906,1537,Austria,2020-09-29,2020-10-06,0.0,7.0,,0.0,True,False,True,False,p1_only_missing,False,13,14.0,True,False,False,True,True,True,False,True
4907,1537,Austria,2020-10-06,2020-10-13,0.0,7.0,0.0,,False,True,True,False,p2_only_missing,False,14,7.0,True,True,False,True,True,False,False,True
4908,1537,Austria,2020-10-13,2020-10-20,0.0,7.0,0.0,0.0,False,False,False,False,both_available,False,15,7.0,True,True,False,True,True,True,False,True
4909,1537,Austria,2020-10-20,2020-10-27,0.0,7.0,0.0,0.0,False,False,False,False,both_available,False,16,7.0,True,True,False,True,True,True,False,True
4910,1537,Austria,2020-10-27,2020-11-03,0.0,7.0,0.0,0.0,False,False,False,False,both_available,False,17,7.0,True,True,False,True,True,True,False,True
4911,1538,Austria,2020-05-05,2020-05-12,0.0,7.0,,,True,True,True,True,both_missing,False,1,,True,False,True,False,True,False,True,False
4912,1538,Austria,2020-05-12,2020-05-19,0.0,7.0,0.0,,False,True,True,False,p2_only_missing,False,2,7.0,True,True,False,True,True,False,True,True
4913,1538,Austria,2020-05-19,2020-05-26,0.0,7.0,0.0,0.0,False,False,False,False,both_available,False,3,7.0,True,True,False,True,True,True,False,True
4914,1538,Austria,2020-05-26,2020-06-02,0.0,7.0,0.0,0.0,False,False,False,False,both_available,False,4,7.0,True,True,False,True,True,True,False,True
4915,1538,Austria,2020-06-02,2020-06-09,0.0,7.0,0.0,0.0,False,False,False,False,both_available,False,5,7.0,True,True,False,True,True,True,False,True
4916,1538,Austria,2020-06-09,2020-06-16,0.0,7.0,0.0,0.0,False,False,False,False,both_available,False,6,7.0,True,True,False,True,True,True,False,True
4917,1538,Austria,2020-06-16,2020-06-23,0.0,7.0,0.0,0.0,False,False,False,False,both_available,False,7,7.0,True,True,False,True,True,True,False,True
4918,1538,Austria,2020-06-23,2020-06-30,0.0,7.0,0.0,0.0,False,False,False,False,both_available,False,8,7.0,True,True,False,True,True,True,False,True
4919,1538,Austria,2020-06-30,2020-07-07,0.0,7.0,0.0,0.0,False,False,False,False,both_available,False,9,7.0,True,True,False,True,True,True,False,True
4920,1538,Austria,2020-07-07,2020-07-14,0.0,7.0,0.0,0.0,False,False,False,False,both_available,False,10,7.0,True,True,False,True,True,True,False,True
4921,1538,Austria,2020-07-14,2020-07-21,0.0,7.0,0.0,0.0,False,False,False,False,both_available,False,11,7.0,True,True,False,True,True,True,False,True
4922,1538,Austria,2020-07-21,2020-07-28,0.0,7.0,0.0,0.0,False,False,False,False,both_available,False,12,7.0,True,True,False,True,True,True,False,True
4923,1538,Austria,2020-07-28,2020-08-04,0.0,7.0,0.0,0.0,False,False,False,False,both_available,False,13,7.0,True,True,False,True,True,True,False,True
4924,1538,Austria,2020-08-04,2020-08-11,0.0,7.0,0.0,0.0,False,False,False,False,both_available,False,14,7.0,True,True,False,True,True,True,False,True
4925,1538,Austria,2020-08-11,2020-08-18,0.0,7.0,0.0,0.0,False,False,False,False,both_available,False,15,7.0,True,True,False,True,True,True,False,True
4926,1538,Austria,2020-08-18,2020-08-25,0.0,7.0,0.0,0.0,False,False,False,False,both_available,False,16,7.0,True,True,False,True,True,True,False,True
4927,1538,Austria,2020-08-25,2020-09-01,0.0,7.0,0.0,0.0,False,False,False,False,both_available,False,17,7.0,True,True,False,True,True,True,False,True
4928,1538,Austria,2020-09-01,2020-09-08,0.0,7.0,0.0,0.0,False,False,False,False,both_available,False,18,7.0,True,True,False,True,True,True,False,True
4929,1538,Austria,2020-09-08,2020-09-15,0.0,7.0,0.0,0.0,False,False,False,False,both_available,False,19,7.0,True,True,False,True,True,True,False,True
4930,1538,Austria,2020-09-29,2020-10-06,0.0,7.0,,,True,True,True,True,both_missing,False,20,21.0,True,False,False,True,True,False,False,True
4931,1538,Austria,2020-10-06,2020-10-13,0.0,7.0,0.0,,False,True,True,False,p2_only_missing,False,21,7.0,True,True,False,True,True,False,False,True
4932,1538,Austria,2020-10-13,2020-10-20,0.0,7.0,0.0,0.0,False,False,False,False,both_available,False,22,7.0,True,True,False,True,True,True,False,True
4933,1538,Austria,2020-10-20,2020-10-27,0.0,7.0,0.0,0.0,False,False,False,False,both_available,False,23,7.0,True,True,False,True,True,True,False,True
4934,1538,Austria,2020-10-27,2020-11-03,0.0,7.0,0.0,0.0,False,False,False,False,both_available,False,24,7.0,True,True,False,True,True,True,False,True
4935,1540,Austria,2020-05-04,2020-05-12,0.0,8.0,,,True,True,True,True,both_missing,False,1,,True,False,True,False,True,False,True,False
4936,1540,Austria,2020-05-12,2020-05-19,0.0,7.0,0.0,,False,True,True,False,p2_only_missing,False,2,7.0,True,True,False,True,True,False,True,True
4937,1540,Austria,2020-05-19,2020-05-26,0.0,7.0,0.0,0.0,False,False,False,False,both_available,False,3,7.0,True,True,False,True,True,True,False,True
4938,1540,Austria,2020-05-26,2020-06-02,0.0,7.0,0.0,0.0,False,False,False,False,both_available,False,4,7.0,True,True,False,True,True,True,False,True
4939,1540,Austria,2020-06-02,2020-06-09,0.0,7.0,0.0,0.0,False,False,False,False,both_available,False,5,7.0,True,True,False,True,True,True,False,True
4940,1540,Austria,2020-06-09,2020-06-16,0.0,7.0,0.0,0.0,False,False,False,False,both_available,False,6,7.0,True,True,False,True,True,True,False,True
4941,1540,Austria,2020-06-16,2020-06-23,0.0,7.0,0.0,0.0,False,False,False,False,both_available,False,7,7.0,True,True,False,True,True,True,False,True
4942,1540,Austria,2020-06-23,2020-06-30,0.0,7.0,0.0,0.0,False,False,False,False,both_available,False,8,7.0,True,True,False,True,True,True,False,True
4943,1540,Austria,2020-06-30,2020-07-07,0.0,7.0,0.0,0.0,False,False,False,False,both_available,False,9,7.0,True,True,False,True,True,True,False,True
4944,1540,Austria,2020-07-07,2020-07-14,0.0,7.0,0.0,0.0,False,False,False,False,both_available,False,10,7.0,True,True,False,True,True,True,False,True
4945,1540,Austria,2020-07-14,2020-07-21,0.0,7.0,0.0,0.0,False,False,False,False,both_available,False,11,7.0,True,True,False,True,True,True,False,True
4946,1540,Austria,2020-07-21,2020-07-28,0.0,7.0,0.0,0.0,False,False,False,False,both_available,False,12,7.0,True,True,False,True,True,True,False,True
4947,1540,Austria,2020-07-28,2020-08-04,0.0,7.0,0.0,0.0,False,False,False,False,both_available,False,13,7.0,True,True,False,True,True,True,False,True
4948,1540,Austria,2020-08-04,2020-08-11,0.0,7.0,0.0,0.0,False,False,False,False,both_available,False,14,7.0,True,True,False,True,True,True,False,True
4949,1540,Austria,2020-08-11,2020-08-18,0.0,7.0,0.0,0.0,False,False,False,False,both_available,False,15,7.0,True,True,False,True,True,True,False,True
4950,1540,Austria,2020-08-18,2020-08-25,0.0,7.0,0.0,0.0,False,False,False,False,both_available,False,16,7.0,True,True,False,True,True,True,False,True
4951,1540,Austria,2020-08-25,2020-09-01,0.0,7.0,0.0,0.0,False,False,False,False,both_available,False,17,7.0,True,True,False,True,True,True,False,True
4952,1540,Austria,2020-09-01,2020-09-08,0.0,7.0,0.0,0.0,False,False,False,False,both_available,False,18,7.0,True,True,False,True,True,True,False,True
4953,1540,Austria,2020-09-08,2020-09-15,0.0,7.0,0.0,0.0,False,False,False,False,both_available,False,19,7.0,True,True,False,True,True,True,False,True
4954,1540,Austria,2020-09-15,2020-09-22,0.0,7.0,0.0,0.0,False,False,False,False,both_available,False,20,7.0,True,True,False,True,True,True,False,True
4955,1540,Austria,2020-09-22,2020-09-29,0.0,7.0,0.0,0.0,False,False,False,False,both_available,False,21,7.0,True,True,False,True,True,True,False,True
4956,1540,Austria,2020-09-29,2020-10-06,0.0,7.0,0.0,0.0,False,False,False,False,both_available,False,22,7.0,True,True,False,True,True,True,False,True
4957,1540,Austria,2020-10-06,2020-10-13,0.0,7.0,0.0,0.0,False,False,False,False,both_available,False,23,7.0,True,True,False,True,True,True,False,True
4958,1540,Austria,2020-10-13,2020-10-20,0.0,7.0,0.0,0.0,False,False,False,False,both_available,False,24,7.0,True,True,False,True,True,True,False,True
4959,1540,Austria,2020-10-20,2020-10-27,0.0,7.0,0.0,0.0,False,False,False,False,both_available,False,25,7.0,True,True,False,True,True,True,False,True
4960,1541,Austria,2020-05-04,2020-05-12,0.0,8.0,,,True,True,True,True,both_missing,False,1,,True,False,True,False,True,False,True,False
4961,1541,Austria,2020-05-12,2020-05-19,0.0,7.0,0.0,,False,True,True,False,p2_only_missing,False,2,7.0,True,True,False,True,True,False,True,True
4962,1541,Austria,2020-05-19,2020-05-26,0.0,7.0,0.0,0.0,False,False,False,False,both_available,False,3,7.0,True,True,False,True,True,True,False,True
4963,1541,Austria,2020-05-26,2020-06-02,0.0,7.0,0.0,0.0,False,False,False,False,both_available,False,4,7.0,True,True,False,True,True,True,False,True
4964,1541,Austria,2020-06-02,2020-06-09,0.0,7.0,0.0,0.0,False,False,False,False,both_available,False,5,7.0,True,True,False,True,True,True,False,True
4965,1541,Austria,2020-06-09,2020-06-16,0.0,7.0,0.0,0.0,False,False,False,False,both_available,False,6,7.0,True,True,False,True,True,True,False,True
4966,1541,Austria,2020-06-16,2020-06-23,0.0,7.0,0.0,0.0,False,False,False,False,both_available,False,7,7.0,True,True,False,True,True,True,False,True
4967,1541,Austria,2020-06-23,2020-06-30,0.0,7.0,0.0,0.0,False,False,False,False,both_available,False,8,7.0,True,True,False,True,True,True,False,True
4968,1541,Austria,2020-06-30,2020-07-07,0.0,7.0,0.0,0.0,False,False,False,False,both_available,False,9,7.0,True,True,False,True,True,True,False,True
4969,1541,Austria,2020-07-07,2020-07-14,0.0,7.0,0.0,0.0,False,False,False,False,both_available,False,10,7.0,True,True,False,True,True,True,False,True
4970,1541,Austria,2020-07-14,2020-07-21,0.0,7.0,0.0,0.0,False,False,False,False,both_available,False,11,7.0,True,True,False,True,True,True,False,True
4971,1541,Austria,2020-07-21,2020-07-28,0.0,7.0,0.0,0.0,False,False,False,False,both_available,False,12,7.0,True,True,False,True,True,True,False,True
4972,1541,Austria,2020-07-28,2020-08-04,0.0,7.0,0.0,0.0,False,False,False,False,both_available,False,13,7.0,True,True,False,True,True,True,False,True
4973,1541,Austria,2020-08-04,2020-08-11,0.0,7.0,0.0,0.0,False,False,False,False,both_available,False,14,7.0,True,True,False,True,True,True,False,True
4974,1541,Austria,2020-08-11,2020-08-18,0.0,7.0,0.0,0.0,False,False,False,False,both_available,False,15,7.0,True,True,False,True,True,True,False,True
4975,1541,Austria,2020-08-18,2020-08-25,0.0,7.0,0.0,0.0,False,False,False,False,both_available,False,16,7.0,True,True,False,True,True,True,False,True
4976,1541,Austria,2020-08-25,2020-09-01,0.0,7.0,0.0,0.0,False,False,False,False,both_available,False,17,7.0,True,True,False,True,True,True,False,True
4977,1541,Austria,2020-09-01,2020-09-08,0.0,7.0,0.0,0.0,False,False,False,False,both_available,False,18,7.0,True,True,False,True,True,True,False,True
4978,1541,Austria,2020-09-08,2020-09-15,0.0,7.0,0.0,0.0,False,False,False,False,both_available,False,19,7.0,True,True,False,True,True,True,False,True
4979,1541,Austria,2020-09-15,2020-09-22,0.0,7.0,0.0,0.0,False,False,False,False,both_available,False,20,7.0,True,True,False,True,True,True,False,True
4980,1541,Austria,2020-09-22,2020-09-29,0.0,7.0,0.0,0.0,False,False,False,False,both_available,False,21,7.0,True,True,False,True,True,True,False,True
4981,1541,Austria,2020-09-29,2020-10-06,0.0,7.0,0.0,0.0,False,False,False,False,both_available,False,22,7.0,True,True,False,True,True,True,False,True
4982,1541,Austria,2020-10-06,2020-10-13,0.0,7.0,0.0,0.0,False,False,False,False,both_available,False,23,7.0,True,True,False,True,True,True,False,True
4983,1541,Austria,2020-10-13,2020-10-20,0.0,7.0,0.0,0.0,False,False,False,False,both_available,False,24,7.0,True,True,False,True,True,True,False,True
4984,1541,Austria,2020-10-20,2020-10-27,0.0,7.0,0.0,0.0,False,False,False,False,both_available,False,25,7.0,True,True,False,True,True,True,False,True
4985,1542,Austria,2020-05-04,2020-05-12,0.0,8.0,,,True,True,True,True,both_missing,False,1,,True,False,True,False,True,False,True,False
4986,1542,Austria,2020-05-12,2020-05-19,0.0,7.0,0.0,,False,True,True,False,p2_only_missing,False,2,7.0,True,True,False,True,True,False,True,True
4987,1542,Austria,2020-05-19,2020-05-26,0.0,7.0,0.0,0.0,False,False,False,False,both_available,False,3,7.0,True,True,False,True,True,True,False,True
4988,1542,Austria,2020-05-26,2020-06-02,0.0,7.0,0.0,0.0,False,False,False,False,both_available,False,4,7.0,True,True,False,True,True,True,False,True
4989,1542,Austria,2020-06-02,2020-06-09,0.0,7.0,0.0,0.0,False,False,False,False,both_available,False,5,7.0,True,True,False,True,True,True,False,True
4990,1542,Austria,2020-06-09,2020-06-16,0.0,7.0,0.0,0.0,False,False,False,False,both_available,False,6,7.0,True,True,False,True,True,True,False,True
4991,1542,Austria,2020-06-16,2020-06-23,0.0,7.0,0.0,0.0,False,False,False,False,both_available,False,7,7.0,True,True,False,True,True,True,False,True
4992,1542,Austria,2020-06-23,2020-06-30,0.0,7.0,0.0,0.0,False,False,False,False,both_available,False,8,7.0,True,True,False,True,True,True,False,True
4993,1542,Austria,2020-06-30,2020-07-07,0.0,7.0,0.0,0.0,False,False,False,False,both_available,False,9,7.0,True,True,False,True,True,True,False,True
4994,1542,Austria,2020-07-07,2020-07-14,0.0,7.0,0.0,0.0,False,False,False,False,both_available,False,10,7.0,True,True,False,True,True,True,False,True
4995,1542,Austria,2020-07-14,2020-07-21,0.0,7.0,0.0,0.0,False,False,False,False,both_available,False,11,7.0,True,True,False,True,True,True,False,True
4996,1542,Austria,2020-07-21,2020-07-28,0.0,7.0,0.0,0.0,False,False,False,False,both_available,False,12,7.0,True,True,False,True,True,True,False,True
4997,1542,Austria,2020-07-28,2020-08-04,0.0,7.0,0.0,0.0,False,False,False,False,both_available,False,13,7.0,True,True,False,True,True,True,False,True
4998,1542,Austria,2020-08-04,2020-08-11,0.0,7.0,0.0,0.0,False,False,False,False,both_available,False,14,7.0,True,True,False,True,True,True,False,True
4999,1542,Austria,2020-08-11,2020-08-18,0.0,7.0,0.0,0.0,False,False,False,False,both_available,False,15,7.0,True,True,False,True,True,True,False,True
5000,1542,Austria,2020-08-18,2020-08-25,0.0,7.0,0.0,0.0,False,False,False,False,both_available,False,16,7.0,True,True,False,True,True,True,False,True
5001,1542,Austria,2020-08-25,2020-09-01,0.0,7.0,0.0,0.0,False,False,False,False,both_available,False,17,7.0,True,True,False,True,True,True,False,True
5002,1542,Austria,2020-09-01,2020-09-08,0.0,7.0,0.0,0.0,False,False,False,False,both_available,False,18,7.0,True,True,False,True,True,True,False,True
5003,1542,Austria,2020-09-08,2020-09-15,0.0,7.0,0.0,0.0,False,False,False,False,both_available,False,19,7.0,True,True,False,True,True,True,False,True
5004,1542,Austria,2020-09-15,2020-09-22,0.0,7.0,0.0,0.0,False,False,False,False,both_available,False,20,7.0,True,True,False,True,True,True,False,True
5005,1542,Austria,2020-09-22,2020-09-29,0.0,7.0,0.0,0.0,False,False,False,False,both_available,False,21,7.0,True,True,False,True,True,True,False,True
5006,1542,Austria,2020-09-29,2020-10-06,0.0,7.0,0.0,0.0,False,False,False,False,both_available,False,22,7.0,True,True,False,True,True,True,False,True
5007,1542,Austria,2020-10-06,2020-10-13,0.0,7.0,0.0,0.0,False,False,False,False,both_available,False,23,7.0,True,True,False,True,True,True,False,True
5008,1542,Austria,2020-10-13,2020-10-20,0.0,7.0,0.0,0.0,False,False,False,False,both_available,False,24,7.0,True,True,False,True,True,True,False,True
5009,1542,Austria,2020-10-20,2020-10-27,0.0,7.0,0.0,0.0,False,False,False,False,both_available,False,25,7.0,True,True,False,True,True,True,False,True
5010,1543,Austria,2020-05-04,2020-05-12,0.0,8.0,,,True,True,True,True,both_missing,False,1,,True,False,True,False,True,False,True,False
5011,1543,Austria,2020-05-12,2020-05-19,0.0,7.0,0.0,,False,True,True,False,p2_only_missing,False,2,7.0,True,True,False,True,True,False,True,True
5012,1543,Austria,2020-05-19,2020-05-26,0.0,7.0,0.0,0.0,False,False,False,False,both_available,False,3,7.0,True,True,False,True,True,True,False,True
5013,1543,Austria,2020-05-26,2020-06-02,0.0,7.0,0.0,0.0,False,False,False,False,both_available,False,4,7.0,True,True,False,True,True,True,False,True
5014,1543,Austria,2020-06-02,2020-06-09,0.0,7.0,0.0,0.0,False,False,False,False,both_available,False,5,7.0,True,True,False,True,True,True,False,True
5015,1543,Austria,2020-06-09,2020-06-16,0.0,7.0,0.0,0.0,False,False,False,False,both_available,False,6,7.0,True,True,False,True,True,True,False,True
5016,1543,Austria,2020-06-16,2020-06-23,0.0,7.0,0.0,0.0,False,False,False,False,both_available,False,7,7.0,True,True,False,True,True,True,False,True
5017,1543,Austria,2020-06-23,2020-06-30,0.0,7.0,0.0,0.0,False,False,False,False,both_available,False,8,7.0,True,True,False,True,True,True,False,True
5018,1543,Austria,2020-06-30,2020-07-07,0.0,7.0,0.0,0.0,False,False,False,False,both_available,False,9,7.0,True,True,False,True,True,True,False,True
5019,1543,Austria,2020-07-07,2020-07-14,0.0,7.0,0.0,0.0,False,False,False,False,both_available,False,10,7.0,True,True,False,True,True,True,False,True
5020,1543,Austria,2020-07-14,2020-07-21,0.0,7.0,0.0,0.0,False,False,False,False,both_available,False,11,7.0,True,True,False,True,True,True,False,True
5021,1543,Austria,2020-07-21,2020-07-28,0.0,7.0,0.0,0.0,False,False,False,False,both_available,False,12,7.0,True,True,False,True,True,True,False,True
5022,1543,Austria,2020-07-28,2020-08-04,0.0,7.0,0.0,0.0,False,False,False,False,both_available,False,13,7.0,True,True,False,True,True,True,False,True
5023,1543,Austria,2020-08-04,2020-08-11,0.0,7.0,0.0,0.0,False,False,False,False,both_available,False,14,7.0,True,True,False,True,True,True,False,True
5024,1543,Austria,2020-08-11,2020-08-18,0.0,7.0,0.0,0.0,False,False,False,False,both_available,False,15,7.0,True,True,False,True,True,True,False,True
5025,1543,Austria,2020-08-18,2020-08-25,0.0,7.0,0.0,0.0,False,False,False,False,both_available,False,16,7.0,True,True,False,True,True,True,False,True
5026,1543,Austria,2020-08-25,2020-09-01,0.0,7.0,0.0,0.0,False,False,False,False,both_available,False,17,7.0,True,True,False,True,True,True,False,True
5027,1543,Austria,2020-09-01,2020-09-08,0.0,7.0,0.0,0.0,False,False,False,False,both_available,False,18,7.0,True,True,False,True,True,True,False,True
5028,1543,Austria,2020-09-08,2020-09-15,0.0,7.0,0.0,0.0,False,False,False,False,both_available,False,19,7.0,True,True,False,True,True,True,False,True
5029,1543,Austria,2020-09-15,2020-09-22,0.0,7.0,0.0,0.0,False,False,False,False,both_available,False,20,7.0,True,True,False,True,True,True,False,True
5030,1543,Austria,2020-09-22,2020-09-29,0.0,7.0,0.0,0.0,False,False,False,False,both_available,False,21,7.0,True,True,False,True,True,True,False,True
5031,1543,Austria,2020-09-29,2020-10-06,0.0,7.0,0.0,0.0,False,False,False,False,both_available,False,22,7.0,True,True,False,True,True,True,False,True
5032,1543,Austria,2020-10-06,2020-10-13,0.0,7.0,0.0,0.0,False,False,False,False,both_available,False,23,7.0,True,True,False,True,True,True,False,True
5033,1543,Austria,2020-10-13,2020-10-20,0.0,7.0,0.0,0.0,False,False,False,False,both_available,False,24,7.0,True,True,False,True,True,True,False,True
5034,1543,Austria,2020-10-20,2020-10-27,0.0,7.0,0.0,0.0,False,False,False,False,both_available,False,25,7.0,True,True,False,True,True,True,False,True
5035,1544,Austria,2020-05-04,2020-05-12,0.0,8.0,,,True,True,True,True,both_missing,False,1,,True,False,True,False,True,False,True,False
5036,1544,Austria,2020-05-12,2020-05-19,0.0,7.0,0.0,,False,True,True,False,p2_only_missing,False,2,7.0,True,True,False,True,True,False,True,True
5037,1544,Austria,2020-05-19,2020-05-26,0.0,7.0,0.0,0.0,False,False,False,False,both_available,False,3,7.0,True,True,False,True,True,True,False,True
5038,1544,Austria,2020-05-26,2020-06-02,0.0,7.0,0.0,0.0,False,False,False,False,both_available,False,4,7.0,True,True,False,True,True,True,False,True
5039,1544,Austria,2020-06-02,2020-06-09,0.0,7.0,0.0,0.0,False,False,False,False,both_available,False,5,7.0,True,True,False,True,True,True,False,True
5040,1544,Austria,2020-06-09,2020-06-16,0.0,7.0,0.0,0.0,False,False,False,False,both_available,False,6,7.0,True,True,False,True,True,True,False,True
5041,1544,Austria,2020-06-16,2020-06-23,0.0,7.0,0.0,0.0,False,False,False,False,both_available,False,7,7.0,True,True,False,True,True,True,False,True
5042,1544,Austria,2020-06-23,2020-06-30,0.0,7.0,0.0,0.0,False,False,False,False,both_available,False,8,7.0,True,True,False,True,True,True,False,True
5043,1544,Austria,2020-06-30,2020-07-07,0.0,7.0,0.0,0.0,False,False,False,False,both_available,False,9,7.0,True,True,False,True,True,True,False,True
5044,1544,Austria,2020-07-07,2020-07-14,0.0,7.0,0.0,0.0,False,False,False,False,both_available,False,10,7.0,True,True,False,True,True,True,False,True
5045,1544,Austria,2020-07-14,2020-07-21,0.0,7.0,0.0,0.0,False,False,False,False,both_available,False,11,7.0,True,True,False,True,True,True,False,True
5046,1544,Austria,2020-07-21,2020-07-28,0.0,7.0,0.0,0.0,False,False,False,False,both_available,False,12,7.0,True,True,False,True,True,True,False,True
5047,1544,Austria,2020-07-28,2020-08-04,0.0,7.0,0.0,0.0,False,False,False,False,both_available,False,13,7.0,True,True,False,True,True,True,False,True
5048,1544,Austria,2020-08-04,2020-08-11,0.0,7.0,0.0,0.0,False,False,False,False,both_available,False,14,7.0,True,True,False,True,True,True,False,True
5049,1544,Austria,2020-08-11,2020-08-18,0.0,7.0,0.0,0.0,False,False,False,False,both_available,False,15,7.0,True,True,False,True,True,True,False,True
5050,1544,Austria,2020-08-18,2020-08-25,0.0,7.0,0.0,0.0,False,False,False,False,both_available,False,16,7.0,True,True,False,True,True,True,False,True
5051,1544,Austria,2020-08-25,2020-09-01,0.0,7.0,0.0,0.0,False,False,False,False,both_available,False,17,7.0,True,True,False,True,True,True,False,True
5052,1544,Austria,2020-09-01,2020-09-08,0.0,7.0,0.0,0.0,False,False,False,False,both_available,False,18,7.0,True,True,False,True,True,True,False,True
5053,1544,Austria,2020-09-08,2020-09-15,0.0,7.0,0.0,0.0,False,False,False,False,both_available,False,19,7.0,True,True,False,True,True,True,False,True
5054,1544,Austria,2020-09-15,2020-09-22,0.0,7.0,0.0,0.0,False,False,False,False,both_available,False,20,7.0,True,True,False,True,True,True,False,True
5055,1544,Austria,2020-09-22,2020-09-29,0.0,7.0,0.0,0.0,False,False,False,False,both_available,False,21,7.0,True,True,False,True,True,True,False,True
5056,1544,Austria,2020-09-29,2020-10-06,0.0,7.0,0.0,0.0,False,False,False,False,both_available,False,22,7.0,True,True,False,True,True,True,False,True
5057,1544,Austria,2020-10-06,2020-10-13,0.0,7.0,0.0,0.0,False,False,False,False,both_available,False,23,7.0,True,True,False,True,True,True,False,True
5058,1544,Austria,2020-10-13,2020-10-20,0.0,7.0,0.0,0.0,False,False,False,False,both_available,False,24,7.0,True,True,False,True,True,True,False,True
5059,1544,Austria,2020-10-20,2020-10-27,0.0,7.0,0.0,0.0,False,False,False,False,both_available,False,25,7.0,True,True,False,True,True,True,False,True
5060,1545,Austria,2020-06-25,2020-07-01,0.0,6.0,0.0,,False,True,True,False,p2_only_missing,False,1,,True,False,False,True,True,False,True,True
5061,1546,Austria,2020-06-25,2020-07-01,0.0,6.0,0.0,,False,True,True,False,p2_only_missing,False,1,,True,False,False,True,True,False,True,True
5062,1552,Austria,2020-06-25,2020-07-01,0.0,6.0,0.0,,False,True,True,False,p2_only_missing,False,1,,True,False,False,True,True,False,True,True
5063,1553,Austria,2020-06-25,2020-07-01,0.0,6.0,0.0,,False,True,True,False,p2_only_missing,False,1,,True,False,False,True,True,False,True,True
5064,1554,Austria,2020-06-25,2020-07-01,0.0,6.0,0.0,,False,True,True,False,p2_only_missing,False,1,,True,False,False,True,True,False,True,True
5065,1562,Slovakia,2020-09-23,2020-09-29,0.0,6.0,0.0,,False,True,True,False,p2_only_missing,False,1,,True,False,False,True,True,False,False,True
5066,1563,Slovakia,2020-09-23,2020-09-29,0.0,6.0,,,True,True,True,True,both_missing,False,1,,True,False,False,True,True,False,False,True
5067,1564,Slovakia,2020-09-23,2020-09-29,0.0,6.0,0.0,,False,True,True,False,p2_only_missing,False,1,,True,False,False,True,True,False,False,True
5068,1565,Slovakia,2020-09-23,2020-09-29,0.0,6.0,0.0,,False,True,True,False,p2_only_missing,False,1,,True,False,False,True,True,False,False,True
5069,1572,Slovakia,2020-09-23,2020-09-29,0.0,6.0,0.0,,False,True,True,False,p2_only_missing,False,1,,True,False,False,True,True,False,False,True
5070,1573,Slovakia,2020-09-23,2020-09-29,0.0,6.0,0.0,,False,True,True,False,p2_only_missing,False,1,,True,False,False,True,True,False,False,True
5071,1574,Slovakia,2020-09-23,2020-09-29,0.0,6.0,0.0,,False,True,True,False,p2_only_missing,False,1,,True,False,False,True,True,False,False,True
5072,1575,Slovakia,2020-09-23,2020-09-29,0.0,6.0,0.0,,False,True,True,False,p2_only_missing,False,1,,True,False,False,True,True,False,False,True
5073,1576,Slovakia,2020-09-23,2020-09-29,0.0,6.0,0.0,,False,True,True,False,p2_only_missing,False,1,,True,False,False,True,True,False,False,True
5074,1613,The Netherlands,2020-09-07,2020-09-15,0.0,8.0,0.0,,False,True,True,False,p2_only_missing,False,1,,True,False,False,True,True,False,False,True
5075,1613,The Netherlands,2020-09-22,2020-09-28,0.0,6.0,0.0,0.0,False,False,False,False,both_available,False,2,13.0,True,False,False,True,True,True,False,True
5076,1613,The Netherlands,2020-09-28,2020-10-06,0.0,8.0,0.0,0.0,False,False,False,False,both_available,False,3,8.0,True,True,False,True,True,False,False,True
5077,1614,The Netherlands,2020-09-07,2020-09-15,0.0,8.0,0.0,,False,True,True,False,p2_only_missing,False,1,,True,False,False,True,True,False,False,True
5078,1614,The Netherlands,2020-09-22,2020-09-28,0.0,6.0,0.0,0.0,False,False,False,False,both_available,False,2,13.0,True,False,False,True,True,True,False,True
5079,1614,The Netherlands,2020-09-28,2020-10-06,0.0,8.0,0.0,0.0,False,False,False,False,both_available,False,3,8.0,True,True,False,True,True,False,False,True
5080,1615,The Netherlands,2020-09-07,2020-09-15,0.0,8.0,0.0,,False,True,True,False,p2_only_missing,False,1,,True,False,False,True,True,False,False,True
5081,1615,The Netherlands,2020-09-22,2020-09-28,0.0,6.0,0.0,0.0,False,False,False,False,both_available,False,2,13.0,True,False,False,True,True,True,False,True
5082,1615,The Netherlands,2020-09-28,2020-10-06,0.0,8.0,0.0,0.0,False,False,False,False,both_available,False,3,8.0,True,True,False,True,True,False,False,True
5083,1616,The Netherlands,2020-09-07,2020-09-15,0.0,8.0,0.0,,False,True,True,False,p2_only_missing,False,1,,True,False,False,True,True,False,False,True
5084,1616,The Netherlands,2020-09-22,2020-09-28,0.0,6.0,0.0,0.0,False,False,False,False,both_available,False,2,13.0,True,False,False,True,True,True,False,True
5085,1616,The Netherlands,2020-09-28,2020-10-06,0.0,8.0,0.0,0.0,False,False,False,False,both_available,False,3,8.0,True,True,False,True,True,False,False,True
5086,1618,The Netherlands,2020-09-07,2020-09-15,0.0,8.0,0.0,,False,True,True,False,p2_only_missing,False,1,,True,False,False,True,True,False,False,True
5087,1618,The Netherlands,2020-09-22,2020-09-28,0.0,6.0,0.0,0.0,False,False,False,False,both_available,False,2,13.0,True,False,False,True,True,True,False,True
5088,1618,The Netherlands,2020-09-28,2020-10-06,0.0,8.0,0.0,0.0,False,False,False,False,both_available,False,3,8.0,True,True,False,True,True,False,False,True
5089,1625,The Netherlands,2020-07-07,2020-07-14,0.0,7.0,,,True,True,True,True,both_missing,False,1,,True,False,True,False,True,False,True,False
5090,1626,The Netherlands,2020-07-07,2020-07-14,0.0,7.0,,,True,True,True,True,both_missing,False,1,,True,False,True,False,True,False,True,False
5091,1627,The Netherlands,2020-07-07,2020-07-14,0.0,7.0,,,True,True,True,True,both_missing,False,1,,True,False,True,False,True,False,True,False
5092,1628,The Netherlands,2020-07-07,2020-07-14,0.0,7.0,,,True,True,True,True,both_missing,False,1,,True,False,True,False,True,False,True,False
5093,1629,The Netherlands,2020-07-07,2020-07-14,0.0,7.0,,,True,True,True,True,both_missing,False,1,,True,False,True,False,True,False,True,False
5094,1630,The Netherlands,2020-08-12,2020-08-20,0.0,8.0,0.0,,False,True,True,False,p2_only_missing,False,1,,True,False,False,True,True,False,False,True
5095,1630,The Netherlands,2020-08-20,2020-08-26,0.0,6.0,0.0,0.0,False,False,False,False,both_available,False,2,6.0,True,True,False,True,True,False,False,True
5096,1630,The Netherlands,2020-08-25,2020-09-01,0.0,7.0,0.0,0.0,False,False,False,False,both_available,False,3,6.0,True,True,False,True,True,True,False,True
5097,1630,The Netherlands,2020-09-15,2020-09-23,0.0,8.0,0.0,,False,True,True,False,p2_only_missing,False,4,22.0,True,False,False,True,True,False,False,True
5098,1631,The Netherlands,2020-08-20,2020-08-26,0.0,6.0,,20.0,True,False,True,False,p1_only_missing,False,1,,True,False,False,True,True,False,False,True
5099,1631,The Netherlands,2020-08-25,2020-09-01,0.0,7.0,0.0,,False,True,True,False,p2_only_missing,False,2,6.0,True,True,False,True,True,False,False,True
5100,1631,The Netherlands,2020-09-15,2020-09-23,0.0,8.0,0.0,,False,True,True,False,p2_only_missing,False,3,22.0,True,False,False,True,True,False,False,True
5101,1632,The Netherlands,2020-08-12,2020-08-20,63.0,8.0,,,True,True,True,True,both_missing,True,1,,True,False,True,False,True,False,True,False
5102,1633,The Netherlands,2020-08-12,2020-08-20,0.0,8.0,0.0,,False,True,True,False,p2_only_missing,False,1,,True,False,False,True,True,False,False,True
5103,1633,The Netherlands,2020-08-20,2020-08-26,0.0,6.0,0.0,0.0,False,False,False,False,both_available,False,2,6.0,True,True,False,True,True,False,False,True
5104,1633,The Netherlands,2020-08-25,2020-09-01,0.0,7.0,0.0,0.0,False,False,False,False,both_available,False,3,6.0,True,True,False,True,True,True,False,True
5105,1633,The Netherlands,2020-09-15,2020-09-23,0.0,8.0,0.0,,False,True,True,False,p2_only_missing,False,4,22.0,True,False,False,True,True,False,False,True
5106,1634,The Netherlands,2020-08-12,2020-08-20,0.0,8.0,0.0,,False,True,True,False,p2_only_missing,False,1,,True,False,False,True,True,False,False,True
5107,1634,The Netherlands,2020-08-20,2020-08-26,0.0,6.0,0.0,0.0,False,False,False,False,both_available,False,2,6.0,True,True,False,True,True,False,False,True
5108,1634,The Netherlands,2020-08-25,2020-09-01,0.0,7.0,0.0,0.0,False,False,False,False,both_available,False,3,6.0,True,True,False,True,True,True,False,True
5109,1634,The Netherlands,2020-09-15,2020-09-23,0.0,8.0,0.0,,False,True,True,False,p2_only_missing,False,4,22.0,True,False,False,True,True,False,False,True
5110,1636,The Netherlands,2020-08-12,2020-08-20,0.0,8.0,0.0,,False,True,True,False,p2_only_missing,False,1,,True,False,False,True,True,False,False,True
5111,1636,The Netherlands,2020-08-20,2020-08-26,0.0,6.0,0.0,0.0,False,False,False,False,both_available,False,2,6.0,True,True,False,True,True,False,False,True
5112,1636,The Netherlands,2020-08-25,2020-09-01,0.0,7.0,0.0,0.0,False,False,False,False,both_available,False,3,6.0,True,True,False,True,True,True,False,True
5113,1636,The Netherlands,2020-09-15,2020-09-23,0.0,8.0,0.0,,False,True,True,False,p2_only_missing,False,4,22.0,True,False,False,True,True,False,False,True
5114,1648,The Netherlands,2020-07-02,2020-07-09,0.0,7.0,,,True,True,True,True,both_missing,False,1,,True,False,True,False,True,False,True,False
5115,1648,The Netherlands,2020-07-09,2020-07-16,0.0,7.0,0.0,,False,True,True,False,p2_only_missing,False,2,7.0,True,True,False,True,True,False,True,True
5116,1648,The Netherlands,2020-07-16,2020-07-23,0.0,7.0,0.0,0.0,False,False,False,False,both_available,False,3,7.0,True,True,False,True,True,True,False,True
5117,1649,The Netherlands,2020-07-02,2020-07-09,0.0,7.0,,,True,True,True,True,both_missing,False,1,,True,False,True,False,True,False,True,False
5118,1649,The Netherlands,2020-07-09,2020-07-16,0.0,7.0,0.0,,False,True,True,False,p2_only_missing,False,2,7.0,True,True,False,True,True,False,True,True
5119,1649,The Netherlands,2020-07-16,2020-07-23,0.0,7.0,0.0,0.0,False,False,False,False,both_available,False,3,7.0,True,True,False,True,True,True,False,True
5120,1650,The Netherlands,2020-07-02,2020-07-09,0.0,7.0,,,True,True,True,True,both_missing,False,1,,True,False,True,False,True,False,True,False
5121,1650,The Netherlands,2020-07-09,2020-07-16,0.0,7.0,0.0,,False,True,True,False,p2_only_missing,False,2,7.0,True,True,False,True,True,False,True,True
5122,1650,The Netherlands,2020-07-16,2020-07-23,0.0,7.0,0.0,0.0,False,False,False,False,both_available,False,3,7.0,True,True,False,True,True,True,False,True
5123,1651,The Netherlands,2020-07-02,2020-07-09,0.0,7.0,,,True,True,True,True,both_missing,False,1,,True,False,True,False,True,False,True,False
5124,1651,The Netherlands,2020-07-09,2020-07-16,0.0,7.0,0.0,,False,True,True,False,p2_only_missing,False,2,7.0,True,True,False,True,True,False,True,True
5125,1651,The Netherlands,2020-07-16,2020-07-23,0.0,7.0,0.0,0.0,False,False,False,False,both_available,False,3,7.0,True,True,False,True,True,True,False,True
5126,1652,The Netherlands,2020-07-02,2020-07-09,0.0,7.0,,,True,True,True,True,both_missing,False,1,,True,False,True,False,True,False,True,False
5127,1652,The Netherlands,2020-07-09,2020-07-16,0.0,7.0,0.0,,False,True,True,False,p2_only_missing,False,2,7.0,True,True,False,True,True,False,True,True
5128,1652,The Netherlands,2020-07-16,2020-07-23,0.0,7.0,0.0,0.0,False,False,False,False,both_available,False,3,7.0,True,True,False,True,True,True,False,True
